solid dome_surf
  facet normal 0.000000e+00 0.000000e+00 1.000000e+00
    outer loop
      vertex 0.000000e+00 0.000000e+00 2.000000e+00
      vertex 0.000000e+00 0.000000e+00 2.000000e+00
      vertex 1.082778e-01 0.000000e+00 1.997067e+00
    endloop
  endfacet
  facet normal -2.707936e-02 -1.419169e-03 -9.996323e-01
    outer loop
      vertex 1.082778e-01 0.000000e+00 1.997067e+00
      vertex 0.000000e+00 0.000000e+00 2.000000e+00
      vertex 1.076847e-01 1.131811e-02 1.997067e+00
    endloop
  endfacet
  facet normal 0.000000e+00 0.000000e+00 1.000000e+00
    outer loop
      vertex 0.000000e+00 0.000000e+00 2.000000e+00
      vertex 0.000000e+00 0.000000e+00 2.000000e+00
      vertex 1.076847e-01 1.131811e-02 1.997067e+00
    endloop
  endfacet
  facet normal -2.678267e-02 -4.241958e-03 -9.996323e-01
    outer loop
      vertex 1.076847e-01 1.131811e-02 1.997067e+00
      vertex 0.000000e+00 0.000000e+00 2.000000e+00
      vertex 1.059117e-01 2.251222e-02 1.997067e+00
    endloop
  endfacet
  facet normal 0.000000e+00 0.000000e+00 1.000000e+00
    outer loop
      vertex 0.000000e+00 0.000000e+00 2.000000e+00
      vertex 0.000000e+00 0.000000e+00 2.000000e+00
      vertex 1.059117e-01 2.251222e-02 1.997067e+00
    endloop
  endfacet
  facet normal -2.619255e-02 -7.018272e-03 -9.996323e-01
    outer loop
      vertex 1.059117e-01 2.251222e-02 1.997067e+00
      vertex 0.000000e+00 0.000000e+00 2.000000e+00
      vertex 1.029783e-01 3.345969e-02 1.997067e+00
    endloop
  endfacet
  facet normal 0.000000e+00 0.000000e+00 1.000000e+00
    outer loop
      vertex 0.000000e+00 0.000000e+00 2.000000e+00
      vertex 0.000000e+00 0.000000e+00 2.000000e+00
      vertex 1.029783e-01 3.345969e-02 1.997067e+00
    endloop
  endfacet
  facet normal -2.531545e-02 -9.717692e-03 -9.996323e-01
    outer loop
      vertex 1.029783e-01 3.345969e-02 1.997067e+00
      vertex 0.000000e+00 0.000000e+00 2.000000e+00
      vertex 9.891671e-02 4.404056e-02 1.997067e+00
    endloop
  endfacet
  facet normal 0.000000e+00 0.000000e+00 1.000000e+00
    outer loop
      vertex 0.000000e+00 0.000000e+00 2.000000e+00
      vertex 0.000000e+00 0.000000e+00 2.000000e+00
      vertex 9.891671e-02 4.404056e-02 1.997067e+00
    endloop
  endfacet
  facet normal -2.416100e-02 -1.231064e-02 -9.996323e-01
    outer loop
      vertex 9.891671e-02 4.404056e-02 1.997067e+00
      vertex 0.000000e+00 0.000000e+00 2.000000e+00
      vertex 9.377134e-02 5.413891e-02 1.997067e+00
    endloop
  endfacet
  facet normal 0.000000e+00 0.000000e+00 1.000000e+00
    outer loop
      vertex 0.000000e+00 0.000000e+00 2.000000e+00
      vertex 0.000000e+00 0.000000e+00 2.000000e+00
      vertex 9.377134e-02 5.413891e-02 1.997067e+00
    endloop
  endfacet
  facet normal -2.274183e-02 -1.476872e-02 -9.996323e-01
    outer loop
      vertex 9.377134e-02 5.413891e-02 1.997067e+00
      vertex 0.000000e+00 0.000000e+00 2.000000e+00
      vertex 8.759859e-02 6.364410e-02 1.997067e+00
    endloop
  endfacet
  facet normal 0.000000e+00 0.000000e+00 1.000000e+00
    outer loop
      vertex 0.000000e+00 0.000000e+00 2.000000e+00
      vertex 0.000000e+00 0.000000e+00 2.000000e+00
      vertex 8.759859e-02 6.364410e-02 1.997067e+00
    endloop
  endfacet
  facet normal -2.107349e-02 -1.706498e-02 -9.996323e-01
    outer loop
      vertex 8.759859e-02 6.364410e-02 1.997067e+00
      vertex 0.000000e+00 0.000000e+00 2.000000e+00
      vertex 8.046610e-02 7.245200e-02 1.997067e+00
    endloop
  endfacet
  facet normal 0.000000e+00 0.000000e+00 1.000000e+00
    outer loop
      vertex 0.000000e+00 0.000000e+00 2.000000e+00
      vertex 0.000000e+00 0.000000e+00 2.000000e+00
      vertex 8.046610e-02 7.245200e-02 1.997067e+00
    endloop
  endfacet
  facet normal -1.917427e-02 -1.917427e-02 -9.996323e-01
    outer loop
      vertex 8.046610e-02 7.245200e-02 1.997067e+00
      vertex 0.000000e+00 0.000000e+00 2.000000e+00
      vertex 7.245200e-02 8.046610e-02 1.997067e+00
    endloop
  endfacet
  facet normal 0.000000e+00 0.000000e+00 1.000000e+00
    outer loop
      vertex 0.000000e+00 0.000000e+00 2.000000e+00
      vertex 0.000000e+00 0.000000e+00 2.000000e+00
      vertex 7.245200e-02 8.046610e-02 1.997067e+00
    endloop
  endfacet
  facet normal -1.706498e-02 -2.107349e-02 -9.996323e-01
    outer loop
      vertex 7.245200e-02 8.046610e-02 1.997067e+00
      vertex 0.000000e+00 0.000000e+00 2.000000e+00
      vertex 6.364410e-02 8.759859e-02 1.997067e+00
    endloop
  endfacet
  facet normal 0.000000e+00 0.000000e+00 1.000000e+00
    outer loop
      vertex 0.000000e+00 0.000000e+00 2.000000e+00
      vertex 0.000000e+00 0.000000e+00 2.000000e+00
      vertex 6.364410e-02 8.759859e-02 1.997067e+00
    endloop
  endfacet
  facet normal -1.476872e-02 -2.274183e-02 -9.996323e-01
    outer loop
      vertex 6.364410e-02 8.759859e-02 1.997067e+00
      vertex 0.000000e+00 0.000000e+00 2.000000e+00
      vertex 5.413891e-02 9.377134e-02 1.997067e+00
    endloop
  endfacet
  facet normal 0.000000e+00 0.000000e+00 1.000000e+00
    outer loop
      vertex 0.000000e+00 0.000000e+00 2.000000e+00
      vertex 0.000000e+00 0.000000e+00 2.000000e+00
      vertex 5.413891e-02 9.377134e-02 1.997067e+00
    endloop
  endfacet
  facet normal -1.231064e-02 -2.416100e-02 -9.996323e-01
    outer loop
      vertex 5.413891e-02 9.377134e-02 1.997067e+00
      vertex 0.000000e+00 0.000000e+00 2.000000e+00
      vertex 4.404056e-02 9.891671e-02 1.997067e+00
    endloop
  endfacet
  facet normal 0.000000e+00 0.000000e+00 1.000000e+00
    outer loop
      vertex 0.000000e+00 0.000000e+00 2.000000e+00
      vertex 0.000000e+00 0.000000e+00 2.000000e+00
      vertex 4.404056e-02 9.891671e-02 1.997067e+00
    endloop
  endfacet
  facet normal -9.717692e-03 -2.531545e-02 -9.996323e-01
    outer loop
      vertex 4.404056e-02 9.891671e-02 1.997067e+00
      vertex 0.000000e+00 0.000000e+00 2.000000e+00
      vertex 3.345969e-02 1.029783e-01 1.997067e+00
    endloop
  endfacet
  facet normal 0.000000e+00 0.000000e+00 1.000000e+00
    outer loop
      vertex 0.000000e+00 0.000000e+00 2.000000e+00
      vertex 0.000000e+00 0.000000e+00 2.000000e+00
      vertex 3.345969e-02 1.029783e-01 1.997067e+00
    endloop
  endfacet
  facet normal -7.018272e-03 -2.619255e-02 -9.996323e-01
    outer loop
      vertex 3.345969e-02 1.029783e-01 1.997067e+00
      vertex 0.000000e+00 0.000000e+00 2.000000e+00
      vertex 2.251222e-02 1.059117e-01 1.997067e+00
    endloop
  endfacet
  facet normal 0.000000e+00 0.000000e+00 1.000000e+00
    outer loop
      vertex 0.000000e+00 0.000000e+00 2.000000e+00
      vertex 0.000000e+00 0.000000e+00 2.000000e+00
      vertex 2.251222e-02 1.059117e-01 1.997067e+00
    endloop
  endfacet
  facet normal -4.241958e-03 -2.678267e-02 -9.996323e-01
    outer loop
      vertex 2.251222e-02 1.059117e-01 1.997067e+00
      vertex 0.000000e+00 0.000000e+00 2.000000e+00
      vertex 1.131811e-02 1.076847e-01 1.997067e+00
    endloop
  endfacet
  facet normal 0.000000e+00 0.000000e+00 1.000000e+00
    outer loop
      vertex 0.000000e+00 0.000000e+00 2.000000e+00
      vertex 0.000000e+00 0.000000e+00 2.000000e+00
      vertex 1.131811e-02 1.076847e-01 1.997067e+00
    endloop
  endfacet
  facet normal -1.419169e-03 -2.707936e-02 -9.996323e-01
    outer loop
      vertex 1.131811e-02 1.076847e-01 1.997067e+00
      vertex 0.000000e+00 0.000000e+00 2.000000e+00
      vertex 6.630104e-18 1.082778e-01 1.997067e+00
    endloop
  endfacet
  facet normal 0.000000e+00 0.000000e+00 1.000000e+00
    outer loop
      vertex 0.000000e+00 0.000000e+00 2.000000e+00
      vertex -0.000000e+00 0.000000e+00 2.000000e+00
      vertex 6.630104e-18 1.082778e-01 1.997067e+00
    endloop
  endfacet
  facet normal 1.419169e-03 -2.707936e-02 -9.996323e-01
    outer loop
      vertex 6.630104e-18 1.082778e-01 1.997067e+00
      vertex -0.000000e+00 0.000000e+00 2.000000e+00
      vertex -1.131811e-02 1.076847e-01 1.997067e+00
    endloop
  endfacet
  facet normal 0.000000e+00 0.000000e+00 1.000000e+00
    outer loop
      vertex -0.000000e+00 0.000000e+00 2.000000e+00
      vertex -0.000000e+00 0.000000e+00 2.000000e+00
      vertex -1.131811e-02 1.076847e-01 1.997067e+00
    endloop
  endfacet
  facet normal 4.241958e-03 -2.678267e-02 -9.996323e-01
    outer loop
      vertex -1.131811e-02 1.076847e-01 1.997067e+00
      vertex -0.000000e+00 0.000000e+00 2.000000e+00
      vertex -2.251222e-02 1.059117e-01 1.997067e+00
    endloop
  endfacet
  facet normal 0.000000e+00 0.000000e+00 1.000000e+00
    outer loop
      vertex -0.000000e+00 0.000000e+00 2.000000e+00
      vertex -0.000000e+00 0.000000e+00 2.000000e+00
      vertex -2.251222e-02 1.059117e-01 1.997067e+00
    endloop
  endfacet
  facet normal 7.018272e-03 -2.619255e-02 -9.996323e-01
    outer loop
      vertex -2.251222e-02 1.059117e-01 1.997067e+00
      vertex -0.000000e+00 0.000000e+00 2.000000e+00
      vertex -3.345969e-02 1.029783e-01 1.997067e+00
    endloop
  endfacet
  facet normal 0.000000e+00 0.000000e+00 1.000000e+00
    outer loop
      vertex -0.000000e+00 0.000000e+00 2.000000e+00
      vertex -0.000000e+00 0.000000e+00 2.000000e+00
      vertex -3.345969e-02 1.029783e-01 1.997067e+00
    endloop
  endfacet
  facet normal 9.717692e-03 -2.531545e-02 -9.996323e-01
    outer loop
      vertex -3.345969e-02 1.029783e-01 1.997067e+00
      vertex -0.000000e+00 0.000000e+00 2.000000e+00
      vertex -4.404056e-02 9.891671e-02 1.997067e+00
    endloop
  endfacet
  facet normal 0.000000e+00 0.000000e+00 1.000000e+00
    outer loop
      vertex -0.000000e+00 0.000000e+00 2.000000e+00
      vertex -0.000000e+00 0.000000e+00 2.000000e+00
      vertex -4.404056e-02 9.891671e-02 1.997067e+00
    endloop
  endfacet
  facet normal 1.231064e-02 -2.416100e-02 -9.996323e-01
    outer loop
      vertex -4.404056e-02 9.891671e-02 1.997067e+00
      vertex -0.000000e+00 0.000000e+00 2.000000e+00
      vertex -5.413891e-02 9.377134e-02 1.997067e+00
    endloop
  endfacet
  facet normal 0.000000e+00 0.000000e+00 1.000000e+00
    outer loop
      vertex -0.000000e+00 0.000000e+00 2.000000e+00
      vertex -0.000000e+00 0.000000e+00 2.000000e+00
      vertex -5.413891e-02 9.377134e-02 1.997067e+00
    endloop
  endfacet
  facet normal 1.476872e-02 -2.274183e-02 -9.996323e-01
    outer loop
      vertex -5.413891e-02 9.377134e-02 1.997067e+00
      vertex -0.000000e+00 0.000000e+00 2.000000e+00
      vertex -6.364410e-02 8.759859e-02 1.997067e+00
    endloop
  endfacet
  facet normal 0.000000e+00 0.000000e+00 1.000000e+00
    outer loop
      vertex -0.000000e+00 0.000000e+00 2.000000e+00
      vertex -0.000000e+00 0.000000e+00 2.000000e+00
      vertex -6.364410e-02 8.759859e-02 1.997067e+00
    endloop
  endfacet
  facet normal 1.706498e-02 -2.107349e-02 -9.996323e-01
    outer loop
      vertex -6.364410e-02 8.759859e-02 1.997067e+00
      vertex -0.000000e+00 0.000000e+00 2.000000e+00
      vertex -7.245200e-02 8.046610e-02 1.997067e+00
    endloop
  endfacet
  facet normal 0.000000e+00 0.000000e+00 1.000000e+00
    outer loop
      vertex -0.000000e+00 0.000000e+00 2.000000e+00
      vertex -0.000000e+00 0.000000e+00 2.000000e+00
      vertex -7.245200e-02 8.046610e-02 1.997067e+00
    endloop
  endfacet
  facet normal 1.917427e-02 -1.917427e-02 -9.996323e-01
    outer loop
      vertex -7.245200e-02 8.046610e-02 1.997067e+00
      vertex -0.000000e+00 0.000000e+00 2.000000e+00
      vertex -8.046610e-02 7.245200e-02 1.997067e+00
    endloop
  endfacet
  facet normal 0.000000e+00 0.000000e+00 1.000000e+00
    outer loop
      vertex -0.000000e+00 0.000000e+00 2.000000e+00
      vertex -0.000000e+00 0.000000e+00 2.000000e+00
      vertex -8.046610e-02 7.245200e-02 1.997067e+00
    endloop
  endfacet
  facet normal 2.107349e-02 -1.706498e-02 -9.996323e-01
    outer loop
      vertex -8.046610e-02 7.245200e-02 1.997067e+00
      vertex -0.000000e+00 0.000000e+00 2.000000e+00
      vertex -8.759859e-02 6.364410e-02 1.997067e+00
    endloop
  endfacet
  facet normal 0.000000e+00 0.000000e+00 1.000000e+00
    outer loop
      vertex -0.000000e+00 0.000000e+00 2.000000e+00
      vertex -0.000000e+00 0.000000e+00 2.000000e+00
      vertex -8.759859e-02 6.364410e-02 1.997067e+00
    endloop
  endfacet
  facet normal 2.274183e-02 -1.476872e-02 -9.996323e-01
    outer loop
      vertex -8.759859e-02 6.364410e-02 1.997067e+00
      vertex -0.000000e+00 0.000000e+00 2.000000e+00
      vertex -9.377134e-02 5.413891e-02 1.997067e+00
    endloop
  endfacet
  facet normal 0.000000e+00 0.000000e+00 1.000000e+00
    outer loop
      vertex -0.000000e+00 0.000000e+00 2.000000e+00
      vertex -0.000000e+00 0.000000e+00 2.000000e+00
      vertex -9.377134e-02 5.413891e-02 1.997067e+00
    endloop
  endfacet
  facet normal 2.416100e-02 -1.231064e-02 -9.996323e-01
    outer loop
      vertex -9.377134e-02 5.413891e-02 1.997067e+00
      vertex -0.000000e+00 0.000000e+00 2.000000e+00
      vertex -9.891671e-02 4.404056e-02 1.997067e+00
    endloop
  endfacet
  facet normal 0.000000e+00 0.000000e+00 1.000000e+00
    outer loop
      vertex -0.000000e+00 0.000000e+00 2.000000e+00
      vertex -0.000000e+00 0.000000e+00 2.000000e+00
      vertex -9.891671e-02 4.404056e-02 1.997067e+00
    endloop
  endfacet
  facet normal 2.531545e-02 -9.717692e-03 -9.996323e-01
    outer loop
      vertex -9.891671e-02 4.404056e-02 1.997067e+00
      vertex -0.000000e+00 0.000000e+00 2.000000e+00
      vertex -1.029783e-01 3.345969e-02 1.997067e+00
    endloop
  endfacet
  facet normal 0.000000e+00 0.000000e+00 1.000000e+00
    outer loop
      vertex -0.000000e+00 0.000000e+00 2.000000e+00
      vertex -0.000000e+00 0.000000e+00 2.000000e+00
      vertex -1.029783e-01 3.345969e-02 1.997067e+00
    endloop
  endfacet
  facet normal 2.619255e-02 -7.018272e-03 -9.996323e-01
    outer loop
      vertex -1.029783e-01 3.345969e-02 1.997067e+00
      vertex -0.000000e+00 0.000000e+00 2.000000e+00
      vertex -1.059117e-01 2.251222e-02 1.997067e+00
    endloop
  endfacet
  facet normal 0.000000e+00 0.000000e+00 1.000000e+00
    outer loop
      vertex -0.000000e+00 0.000000e+00 2.000000e+00
      vertex -0.000000e+00 0.000000e+00 2.000000e+00
      vertex -1.059117e-01 2.251222e-02 1.997067e+00
    endloop
  endfacet
  facet normal 2.678267e-02 -4.241958e-03 -9.996323e-01
    outer loop
      vertex -1.059117e-01 2.251222e-02 1.997067e+00
      vertex -0.000000e+00 0.000000e+00 2.000000e+00
      vertex -1.076847e-01 1.131811e-02 1.997067e+00
    endloop
  endfacet
  facet normal 0.000000e+00 0.000000e+00 1.000000e+00
    outer loop
      vertex -0.000000e+00 0.000000e+00 2.000000e+00
      vertex -0.000000e+00 0.000000e+00 2.000000e+00
      vertex -1.076847e-01 1.131811e-02 1.997067e+00
    endloop
  endfacet
  facet normal 2.707936e-02 -1.419169e-03 -9.996323e-01
    outer loop
      vertex -1.076847e-01 1.131811e-02 1.997067e+00
      vertex -0.000000e+00 0.000000e+00 2.000000e+00
      vertex -1.082778e-01 1.326021e-17 1.997067e+00
    endloop
  endfacet
  facet normal 0.000000e+00 0.000000e+00 1.000000e+00
    outer loop
      vertex -0.000000e+00 0.000000e+00 2.000000e+00
      vertex -0.000000e+00 -0.000000e+00 2.000000e+00
      vertex -1.082778e-01 1.326021e-17 1.997067e+00
    endloop
  endfacet
  facet normal 2.707936e-02 1.419169e-03 -9.996323e-01
    outer loop
      vertex -1.082778e-01 1.326021e-17 1.997067e+00
      vertex -0.000000e+00 -0.000000e+00 2.000000e+00
      vertex -1.076847e-01 -1.131811e-02 1.997067e+00
    endloop
  endfacet
  facet normal 0.000000e+00 0.000000e+00 1.000000e+00
    outer loop
      vertex -0.000000e+00 -0.000000e+00 2.000000e+00
      vertex -0.000000e+00 -0.000000e+00 2.000000e+00
      vertex -1.076847e-01 -1.131811e-02 1.997067e+00
    endloop
  endfacet
  facet normal 2.678267e-02 4.241958e-03 -9.996323e-01
    outer loop
      vertex -1.076847e-01 -1.131811e-02 1.997067e+00
      vertex -0.000000e+00 -0.000000e+00 2.000000e+00
      vertex -1.059117e-01 -2.251222e-02 1.997067e+00
    endloop
  endfacet
  facet normal 0.000000e+00 0.000000e+00 1.000000e+00
    outer loop
      vertex -0.000000e+00 -0.000000e+00 2.000000e+00
      vertex -0.000000e+00 -0.000000e+00 2.000000e+00
      vertex -1.059117e-01 -2.251222e-02 1.997067e+00
    endloop
  endfacet
  facet normal 2.619255e-02 7.018272e-03 -9.996323e-01
    outer loop
      vertex -1.059117e-01 -2.251222e-02 1.997067e+00
      vertex -0.000000e+00 -0.000000e+00 2.000000e+00
      vertex -1.029783e-01 -3.345969e-02 1.997067e+00
    endloop
  endfacet
  facet normal 0.000000e+00 0.000000e+00 1.000000e+00
    outer loop
      vertex -0.000000e+00 -0.000000e+00 2.000000e+00
      vertex -0.000000e+00 -0.000000e+00 2.000000e+00
      vertex -1.029783e-01 -3.345969e-02 1.997067e+00
    endloop
  endfacet
  facet normal 2.531545e-02 9.717692e-03 -9.996323e-01
    outer loop
      vertex -1.029783e-01 -3.345969e-02 1.997067e+00
      vertex -0.000000e+00 -0.000000e+00 2.000000e+00
      vertex -9.891671e-02 -4.404056e-02 1.997067e+00
    endloop
  endfacet
  facet normal 0.000000e+00 0.000000e+00 1.000000e+00
    outer loop
      vertex -0.000000e+00 -0.000000e+00 2.000000e+00
      vertex -0.000000e+00 -0.000000e+00 2.000000e+00
      vertex -9.891671e-02 -4.404056e-02 1.997067e+00
    endloop
  endfacet
  facet normal 2.416100e-02 1.231064e-02 -9.996323e-01
    outer loop
      vertex -9.891671e-02 -4.404056e-02 1.997067e+00
      vertex -0.000000e+00 -0.000000e+00 2.000000e+00
      vertex -9.377134e-02 -5.413891e-02 1.997067e+00
    endloop
  endfacet
  facet normal 0.000000e+00 0.000000e+00 1.000000e+00
    outer loop
      vertex -0.000000e+00 -0.000000e+00 2.000000e+00
      vertex -0.000000e+00 -0.000000e+00 2.000000e+00
      vertex -9.377134e-02 -5.413891e-02 1.997067e+00
    endloop
  endfacet
  facet normal 2.274183e-02 1.476872e-02 -9.996323e-01
    outer loop
      vertex -9.377134e-02 -5.413891e-02 1.997067e+00
      vertex -0.000000e+00 -0.000000e+00 2.000000e+00
      vertex -8.759859e-02 -6.364410e-02 1.997067e+00
    endloop
  endfacet
  facet normal 0.000000e+00 0.000000e+00 1.000000e+00
    outer loop
      vertex -0.000000e+00 -0.000000e+00 2.000000e+00
      vertex -0.000000e+00 -0.000000e+00 2.000000e+00
      vertex -8.759859e-02 -6.364410e-02 1.997067e+00
    endloop
  endfacet
  facet normal 2.107349e-02 1.706498e-02 -9.996323e-01
    outer loop
      vertex -8.759859e-02 -6.364410e-02 1.997067e+00
      vertex -0.000000e+00 -0.000000e+00 2.000000e+00
      vertex -8.046610e-02 -7.245200e-02 1.997067e+00
    endloop
  endfacet
  facet normal 0.000000e+00 0.000000e+00 1.000000e+00
    outer loop
      vertex -0.000000e+00 -0.000000e+00 2.000000e+00
      vertex -0.000000e+00 -0.000000e+00 2.000000e+00
      vertex -8.046610e-02 -7.245200e-02 1.997067e+00
    endloop
  endfacet
  facet normal 1.917427e-02 1.917427e-02 -9.996323e-01
    outer loop
      vertex -8.046610e-02 -7.245200e-02 1.997067e+00
      vertex -0.000000e+00 -0.000000e+00 2.000000e+00
      vertex -7.245200e-02 -8.046610e-02 1.997067e+00
    endloop
  endfacet
  facet normal 0.000000e+00 0.000000e+00 1.000000e+00
    outer loop
      vertex -0.000000e+00 -0.000000e+00 2.000000e+00
      vertex -0.000000e+00 -0.000000e+00 2.000000e+00
      vertex -7.245200e-02 -8.046610e-02 1.997067e+00
    endloop
  endfacet
  facet normal 1.706498e-02 2.107349e-02 -9.996323e-01
    outer loop
      vertex -7.245200e-02 -8.046610e-02 1.997067e+00
      vertex -0.000000e+00 -0.000000e+00 2.000000e+00
      vertex -6.364410e-02 -8.759859e-02 1.997067e+00
    endloop
  endfacet
  facet normal 0.000000e+00 0.000000e+00 1.000000e+00
    outer loop
      vertex -0.000000e+00 -0.000000e+00 2.000000e+00
      vertex -0.000000e+00 -0.000000e+00 2.000000e+00
      vertex -6.364410e-02 -8.759859e-02 1.997067e+00
    endloop
  endfacet
  facet normal 1.476872e-02 2.274183e-02 -9.996323e-01
    outer loop
      vertex -6.364410e-02 -8.759859e-02 1.997067e+00
      vertex -0.000000e+00 -0.000000e+00 2.000000e+00
      vertex -5.413891e-02 -9.377134e-02 1.997067e+00
    endloop
  endfacet
  facet normal 0.000000e+00 0.000000e+00 1.000000e+00
    outer loop
      vertex -0.000000e+00 -0.000000e+00 2.000000e+00
      vertex -0.000000e+00 -0.000000e+00 2.000000e+00
      vertex -5.413891e-02 -9.377134e-02 1.997067e+00
    endloop
  endfacet
  facet normal 1.231064e-02 2.416100e-02 -9.996323e-01
    outer loop
      vertex -5.413891e-02 -9.377134e-02 1.997067e+00
      vertex -0.000000e+00 -0.000000e+00 2.000000e+00
      vertex -4.404056e-02 -9.891671e-02 1.997067e+00
    endloop
  endfacet
  facet normal 0.000000e+00 0.000000e+00 1.000000e+00
    outer loop
      vertex -0.000000e+00 -0.000000e+00 2.000000e+00
      vertex -0.000000e+00 -0.000000e+00 2.000000e+00
      vertex -4.404056e-02 -9.891671e-02 1.997067e+00
    endloop
  endfacet
  facet normal 9.717692e-03 2.531545e-02 -9.996323e-01
    outer loop
      vertex -4.404056e-02 -9.891671e-02 1.997067e+00
      vertex -0.000000e+00 -0.000000e+00 2.000000e+00
      vertex -3.345969e-02 -1.029783e-01 1.997067e+00
    endloop
  endfacet
  facet normal 0.000000e+00 0.000000e+00 1.000000e+00
    outer loop
      vertex -0.000000e+00 -0.000000e+00 2.000000e+00
      vertex -0.000000e+00 -0.000000e+00 2.000000e+00
      vertex -3.345969e-02 -1.029783e-01 1.997067e+00
    endloop
  endfacet
  facet normal 7.018272e-03 2.619255e-02 -9.996323e-01
    outer loop
      vertex -3.345969e-02 -1.029783e-01 1.997067e+00
      vertex -0.000000e+00 -0.000000e+00 2.000000e+00
      vertex -2.251222e-02 -1.059117e-01 1.997067e+00
    endloop
  endfacet
  facet normal 0.000000e+00 0.000000e+00 1.000000e+00
    outer loop
      vertex -0.000000e+00 -0.000000e+00 2.000000e+00
      vertex -0.000000e+00 -0.000000e+00 2.000000e+00
      vertex -2.251222e-02 -1.059117e-01 1.997067e+00
    endloop
  endfacet
  facet normal 4.241958e-03 2.678267e-02 -9.996323e-01
    outer loop
      vertex -2.251222e-02 -1.059117e-01 1.997067e+00
      vertex -0.000000e+00 -0.000000e+00 2.000000e+00
      vertex -1.131811e-02 -1.076847e-01 1.997067e+00
    endloop
  endfacet
  facet normal 0.000000e+00 0.000000e+00 1.000000e+00
    outer loop
      vertex -0.000000e+00 -0.000000e+00 2.000000e+00
      vertex -0.000000e+00 -0.000000e+00 2.000000e+00
      vertex -1.131811e-02 -1.076847e-01 1.997067e+00
    endloop
  endfacet
  facet normal 1.419169e-03 2.707936e-02 -9.996323e-01
    outer loop
      vertex -1.131811e-02 -1.076847e-01 1.997067e+00
      vertex -0.000000e+00 -0.000000e+00 2.000000e+00
      vertex -1.989031e-17 -1.082778e-01 1.997067e+00
    endloop
  endfacet
  facet normal 0.000000e+00 0.000000e+00 1.000000e+00
    outer loop
      vertex -0.000000e+00 -0.000000e+00 2.000000e+00
      vertex 0.000000e+00 -0.000000e+00 2.000000e+00
      vertex -1.989031e-17 -1.082778e-01 1.997067e+00
    endloop
  endfacet
  facet normal -1.419169e-03 2.707936e-02 -9.996323e-01
    outer loop
      vertex -1.989031e-17 -1.082778e-01 1.997067e+00
      vertex 0.000000e+00 -0.000000e+00 2.000000e+00
      vertex 1.131811e-02 -1.076847e-01 1.997067e+00
    endloop
  endfacet
  facet normal 0.000000e+00 0.000000e+00 1.000000e+00
    outer loop
      vertex 0.000000e+00 -0.000000e+00 2.000000e+00
      vertex 0.000000e+00 -0.000000e+00 2.000000e+00
      vertex 1.131811e-02 -1.076847e-01 1.997067e+00
    endloop
  endfacet
  facet normal -4.241958e-03 2.678267e-02 -9.996323e-01
    outer loop
      vertex 1.131811e-02 -1.076847e-01 1.997067e+00
      vertex 0.000000e+00 -0.000000e+00 2.000000e+00
      vertex 2.251222e-02 -1.059117e-01 1.997067e+00
    endloop
  endfacet
  facet normal 0.000000e+00 0.000000e+00 1.000000e+00
    outer loop
      vertex 0.000000e+00 -0.000000e+00 2.000000e+00
      vertex 0.000000e+00 -0.000000e+00 2.000000e+00
      vertex 2.251222e-02 -1.059117e-01 1.997067e+00
    endloop
  endfacet
  facet normal -7.018272e-03 2.619255e-02 -9.996323e-01
    outer loop
      vertex 2.251222e-02 -1.059117e-01 1.997067e+00
      vertex 0.000000e+00 -0.000000e+00 2.000000e+00
      vertex 3.345969e-02 -1.029783e-01 1.997067e+00
    endloop
  endfacet
  facet normal 0.000000e+00 0.000000e+00 1.000000e+00
    outer loop
      vertex 0.000000e+00 -0.000000e+00 2.000000e+00
      vertex 0.000000e+00 -0.000000e+00 2.000000e+00
      vertex 3.345969e-02 -1.029783e-01 1.997067e+00
    endloop
  endfacet
  facet normal -9.717692e-03 2.531545e-02 -9.996323e-01
    outer loop
      vertex 3.345969e-02 -1.029783e-01 1.997067e+00
      vertex 0.000000e+00 -0.000000e+00 2.000000e+00
      vertex 4.404056e-02 -9.891671e-02 1.997067e+00
    endloop
  endfacet
  facet normal 0.000000e+00 0.000000e+00 1.000000e+00
    outer loop
      vertex 0.000000e+00 -0.000000e+00 2.000000e+00
      vertex 0.000000e+00 -0.000000e+00 2.000000e+00
      vertex 4.404056e-02 -9.891671e-02 1.997067e+00
    endloop
  endfacet
  facet normal -1.231064e-02 2.416100e-02 -9.996323e-01
    outer loop
      vertex 4.404056e-02 -9.891671e-02 1.997067e+00
      vertex 0.000000e+00 -0.000000e+00 2.000000e+00
      vertex 5.413891e-02 -9.377134e-02 1.997067e+00
    endloop
  endfacet
  facet normal 0.000000e+00 0.000000e+00 1.000000e+00
    outer loop
      vertex 0.000000e+00 -0.000000e+00 2.000000e+00
      vertex 0.000000e+00 -0.000000e+00 2.000000e+00
      vertex 5.413891e-02 -9.377134e-02 1.997067e+00
    endloop
  endfacet
  facet normal -1.476872e-02 2.274183e-02 -9.996323e-01
    outer loop
      vertex 5.413891e-02 -9.377134e-02 1.997067e+00
      vertex 0.000000e+00 -0.000000e+00 2.000000e+00
      vertex 6.364410e-02 -8.759859e-02 1.997067e+00
    endloop
  endfacet
  facet normal 0.000000e+00 0.000000e+00 1.000000e+00
    outer loop
      vertex 0.000000e+00 -0.000000e+00 2.000000e+00
      vertex 0.000000e+00 -0.000000e+00 2.000000e+00
      vertex 6.364410e-02 -8.759859e-02 1.997067e+00
    endloop
  endfacet
  facet normal -1.706498e-02 2.107349e-02 -9.996323e-01
    outer loop
      vertex 6.364410e-02 -8.759859e-02 1.997067e+00
      vertex 0.000000e+00 -0.000000e+00 2.000000e+00
      vertex 7.245200e-02 -8.046610e-02 1.997067e+00
    endloop
  endfacet
  facet normal 0.000000e+00 0.000000e+00 1.000000e+00
    outer loop
      vertex 0.000000e+00 -0.000000e+00 2.000000e+00
      vertex 0.000000e+00 -0.000000e+00 2.000000e+00
      vertex 7.245200e-02 -8.046610e-02 1.997067e+00
    endloop
  endfacet
  facet normal -1.917427e-02 1.917427e-02 -9.996323e-01
    outer loop
      vertex 7.245200e-02 -8.046610e-02 1.997067e+00
      vertex 0.000000e+00 -0.000000e+00 2.000000e+00
      vertex 8.046610e-02 -7.245200e-02 1.997067e+00
    endloop
  endfacet
  facet normal 0.000000e+00 0.000000e+00 1.000000e+00
    outer loop
      vertex 0.000000e+00 -0.000000e+00 2.000000e+00
      vertex 0.000000e+00 -0.000000e+00 2.000000e+00
      vertex 8.046610e-02 -7.245200e-02 1.997067e+00
    endloop
  endfacet
  facet normal -2.107349e-02 1.706498e-02 -9.996323e-01
    outer loop
      vertex 8.046610e-02 -7.245200e-02 1.997067e+00
      vertex 0.000000e+00 -0.000000e+00 2.000000e+00
      vertex 8.759859e-02 -6.364410e-02 1.997067e+00
    endloop
  endfacet
  facet normal 0.000000e+00 0.000000e+00 1.000000e+00
    outer loop
      vertex 0.000000e+00 -0.000000e+00 2.000000e+00
      vertex 0.000000e+00 -0.000000e+00 2.000000e+00
      vertex 8.759859e-02 -6.364410e-02 1.997067e+00
    endloop
  endfacet
  facet normal -2.274183e-02 1.476872e-02 -9.996323e-01
    outer loop
      vertex 8.759859e-02 -6.364410e-02 1.997067e+00
      vertex 0.000000e+00 -0.000000e+00 2.000000e+00
      vertex 9.377134e-02 -5.413891e-02 1.997067e+00
    endloop
  endfacet
  facet normal 0.000000e+00 0.000000e+00 1.000000e+00
    outer loop
      vertex 0.000000e+00 -0.000000e+00 2.000000e+00
      vertex 0.000000e+00 -0.000000e+00 2.000000e+00
      vertex 9.377134e-02 -5.413891e-02 1.997067e+00
    endloop
  endfacet
  facet normal -2.416100e-02 1.231064e-02 -9.996323e-01
    outer loop
      vertex 9.377134e-02 -5.413891e-02 1.997067e+00
      vertex 0.000000e+00 -0.000000e+00 2.000000e+00
      vertex 9.891671e-02 -4.404056e-02 1.997067e+00
    endloop
  endfacet
  facet normal 0.000000e+00 0.000000e+00 1.000000e+00
    outer loop
      vertex 0.000000e+00 -0.000000e+00 2.000000e+00
      vertex 0.000000e+00 -0.000000e+00 2.000000e+00
      vertex 9.891671e-02 -4.404056e-02 1.997067e+00
    endloop
  endfacet
  facet normal -2.531545e-02 9.717692e-03 -9.996323e-01
    outer loop
      vertex 9.891671e-02 -4.404056e-02 1.997067e+00
      vertex 0.000000e+00 -0.000000e+00 2.000000e+00
      vertex 1.029783e-01 -3.345969e-02 1.997067e+00
    endloop
  endfacet
  facet normal 0.000000e+00 0.000000e+00 1.000000e+00
    outer loop
      vertex 0.000000e+00 -0.000000e+00 2.000000e+00
      vertex 0.000000e+00 -0.000000e+00 2.000000e+00
      vertex 1.029783e-01 -3.345969e-02 1.997067e+00
    endloop
  endfacet
  facet normal -2.619255e-02 7.018272e-03 -9.996323e-01
    outer loop
      vertex 1.029783e-01 -3.345969e-02 1.997067e+00
      vertex 0.000000e+00 -0.000000e+00 2.000000e+00
      vertex 1.059117e-01 -2.251222e-02 1.997067e+00
    endloop
  endfacet
  facet normal 0.000000e+00 0.000000e+00 1.000000e+00
    outer loop
      vertex 0.000000e+00 -0.000000e+00 2.000000e+00
      vertex 0.000000e+00 -0.000000e+00 2.000000e+00
      vertex 1.059117e-01 -2.251222e-02 1.997067e+00
    endloop
  endfacet
  facet normal -2.678267e-02 4.241958e-03 -9.996323e-01
    outer loop
      vertex 1.059117e-01 -2.251222e-02 1.997067e+00
      vertex 0.000000e+00 -0.000000e+00 2.000000e+00
      vertex 1.076847e-01 -1.131811e-02 1.997067e+00
    endloop
  endfacet
  facet normal 0.000000e+00 0.000000e+00 1.000000e+00
    outer loop
      vertex 0.000000e+00 -0.000000e+00 2.000000e+00
      vertex 0.000000e+00 0.000000e+00 2.000000e+00
      vertex 1.076847e-01 -1.131811e-02 1.997067e+00
    endloop
  endfacet
  facet normal -2.707936e-02 1.419169e-03 -9.996323e-01
    outer loop
      vertex 1.076847e-01 -1.131811e-02 1.997067e+00
      vertex 0.000000e+00 0.000000e+00 2.000000e+00
      vertex 1.082778e-01 0.000000e+00 1.997067e+00
    endloop
  endfacet
  facet normal -8.115799e-02 -4.253310e-03 -9.966922e-01
    outer loop
      vertex 1.082778e-01 0.000000e+00 1.997067e+00
      vertex 1.076847e-01 1.131811e-02 1.997067e+00
      vertex 2.162380e-01 0.000000e+00 1.988276e+00
    endloop
  endfacet
  facet normal -8.115799e-02 -4.253310e-03 -9.966922e-01
    outer loop
      vertex 2.162380e-01 0.000000e+00 1.988276e+00
      vertex 1.076847e-01 1.131811e-02 1.997067e+00
      vertex 2.150535e-01 2.260303e-02 1.988276e+00
    endloop
  endfacet
  facet normal -8.026881e-02 -1.271333e-02 -9.966922e-01
    outer loop
      vertex 1.076847e-01 1.131811e-02 1.997067e+00
      vertex 1.059117e-01 2.251222e-02 1.997067e+00
      vertex 2.150535e-01 2.260303e-02 1.988276e+00
    endloop
  endfacet
  facet normal -8.026881e-02 -1.271333e-02 -9.966922e-01
    outer loop
      vertex 2.150535e-01 2.260303e-02 1.988276e+00
      vertex 1.059117e-01 2.251222e-02 1.997067e+00
      vertex 2.115127e-01 4.495842e-02 1.988276e+00
    endloop
  endfacet
  facet normal -7.850018e-02 -2.103406e-02 -9.966922e-01
    outer loop
      vertex 1.059117e-01 2.251222e-02 1.997067e+00
      vertex 1.029783e-01 3.345969e-02 1.997067e+00
      vertex 2.115127e-01 4.495842e-02 1.988276e+00
    endloop
  endfacet
  facet normal -7.850018e-02 -2.103406e-02 -9.966922e-01
    outer loop
      vertex 2.115127e-01 4.495842e-02 1.988276e+00
      vertex 1.029783e-01 3.345969e-02 1.997067e+00
      vertex 2.056546e-01 6.682123e-02 1.988276e+00
    endloop
  endfacet
  facet normal -7.587149e-02 -2.912434e-02 -9.966922e-01
    outer loop
      vertex 1.029783e-01 3.345969e-02 1.997067e+00
      vertex 9.891671e-02 4.404056e-02 1.997067e+00
      vertex 2.056546e-01 6.682123e-02 1.988276e+00
    endloop
  endfacet
  facet normal -7.587149e-02 -2.912434e-02 -9.966922e-01
    outer loop
      vertex 2.056546e-01 6.682123e-02 1.988276e+00
      vertex 9.891671e-02 4.404056e-02 1.997067e+00
      vertex 1.975433e-01 8.795193e-02 1.988276e+00
    endloop
  endfacet
  facet normal -7.241154e-02 -3.689552e-02 -9.966922e-01
    outer loop
      vertex 9.891671e-02 4.404056e-02 1.997067e+00
      vertex 9.377134e-02 5.413891e-02 1.997067e+00
      vertex 1.975433e-01 8.795193e-02 1.988276e+00
    endloop
  endfacet
  facet normal -7.241154e-02 -3.689552e-02 -9.966922e-01
    outer loop
      vertex 1.975433e-01 8.795193e-02 1.988276e+00
      vertex 9.377134e-02 5.413891e-02 1.997067e+00
      vertex 1.872676e-01 1.081190e-01 1.988276e+00
    endloop
  endfacet
  facet normal -6.815823e-02 -4.426247e-02 -9.966922e-01
    outer loop
      vertex 9.377134e-02 5.413891e-02 1.997067e+00
      vertex 8.759859e-02 6.364410e-02 1.997067e+00
      vertex 1.872676e-01 1.081190e-01 1.988276e+00
    endloop
  endfacet
  facet normal -6.815823e-02 -4.426247e-02 -9.966922e-01
    outer loop
      vertex 1.872676e-01 1.081190e-01 1.988276e+00
      vertex 8.759859e-02 6.364410e-02 1.997067e+00
      vertex 1.749402e-01 1.271015e-01 1.988276e+00
    endloop
  endfacet
  facet normal -6.315816e-02 -5.114447e-02 -9.966922e-01
    outer loop
      vertex 8.759859e-02 6.364410e-02 1.997067e+00
      vertex 8.046610e-02 7.245200e-02 1.997067e+00
      vertex 1.749402e-01 1.271015e-01 1.988276e+00
    endloop
  endfacet
  facet normal -6.315816e-02 -5.114447e-02 -9.966922e-01
    outer loop
      vertex 1.749402e-01 1.271015e-01 1.988276e+00
      vertex 8.046610e-02 7.245200e-02 1.997067e+00
      vertex 1.606962e-01 1.446915e-01 1.988276e+00
    endloop
  endfacet
  facet normal -5.746612e-02 -5.746612e-02 -9.966922e-01
    outer loop
      vertex 8.046610e-02 7.245200e-02 1.997067e+00
      vertex 7.245200e-02 8.046610e-02 1.997067e+00
      vertex 1.606962e-01 1.446915e-01 1.988276e+00
    endloop
  endfacet
  facet normal -5.746612e-02 -5.746612e-02 -9.966922e-01
    outer loop
      vertex 1.606962e-01 1.446915e-01 1.988276e+00
      vertex 7.245200e-02 8.046610e-02 1.997067e+00
      vertex 1.446915e-01 1.606962e-01 1.988276e+00
    endloop
  endfacet
  facet normal -5.114447e-02 -6.315816e-02 -9.966922e-01
    outer loop
      vertex 7.245200e-02 8.046610e-02 1.997067e+00
      vertex 6.364410e-02 8.759859e-02 1.997067e+00
      vertex 1.446915e-01 1.606962e-01 1.988276e+00
    endloop
  endfacet
  facet normal -5.114447e-02 -6.315816e-02 -9.966922e-01
    outer loop
      vertex 1.446915e-01 1.606962e-01 1.988276e+00
      vertex 6.364410e-02 8.759859e-02 1.997067e+00
      vertex 1.271015e-01 1.749402e-01 1.988276e+00
    endloop
  endfacet
  facet normal -4.426247e-02 -6.815823e-02 -9.966922e-01
    outer loop
      vertex 6.364410e-02 8.759859e-02 1.997067e+00
      vertex 5.413891e-02 9.377134e-02 1.997067e+00
      vertex 1.271015e-01 1.749402e-01 1.988276e+00
    endloop
  endfacet
  facet normal -4.426247e-02 -6.815823e-02 -9.966922e-01
    outer loop
      vertex 1.271015e-01 1.749402e-01 1.988276e+00
      vertex 5.413891e-02 9.377134e-02 1.997067e+00
      vertex 1.081190e-01 1.872676e-01 1.988276e+00
    endloop
  endfacet
  facet normal -3.689552e-02 -7.241154e-02 -9.966922e-01
    outer loop
      vertex 5.413891e-02 9.377134e-02 1.997067e+00
      vertex 4.404056e-02 9.891671e-02 1.997067e+00
      vertex 1.081190e-01 1.872676e-01 1.988276e+00
    endloop
  endfacet
  facet normal -3.689552e-02 -7.241154e-02 -9.966922e-01
    outer loop
      vertex 1.081190e-01 1.872676e-01 1.988276e+00
      vertex 4.404056e-02 9.891671e-02 1.997067e+00
      vertex 8.795193e-02 1.975433e-01 1.988276e+00
    endloop
  endfacet
  facet normal -2.912434e-02 -7.587149e-02 -9.966922e-01
    outer loop
      vertex 4.404056e-02 9.891671e-02 1.997067e+00
      vertex 3.345969e-02 1.029783e-01 1.997067e+00
      vertex 8.795193e-02 1.975433e-01 1.988276e+00
    endloop
  endfacet
  facet normal -2.912434e-02 -7.587149e-02 -9.966922e-01
    outer loop
      vertex 8.795193e-02 1.975433e-01 1.988276e+00
      vertex 3.345969e-02 1.029783e-01 1.997067e+00
      vertex 6.682123e-02 2.056546e-01 1.988276e+00
    endloop
  endfacet
  facet normal -2.103406e-02 -7.850018e-02 -9.966922e-01
    outer loop
      vertex 3.345969e-02 1.029783e-01 1.997067e+00
      vertex 2.251222e-02 1.059117e-01 1.997067e+00
      vertex 6.682123e-02 2.056546e-01 1.988276e+00
    endloop
  endfacet
  facet normal -2.103406e-02 -7.850018e-02 -9.966922e-01
    outer loop
      vertex 6.682123e-02 2.056546e-01 1.988276e+00
      vertex 2.251222e-02 1.059117e-01 1.997067e+00
      vertex 4.495842e-02 2.115127e-01 1.988276e+00
    endloop
  endfacet
  facet normal -1.271333e-02 -8.026881e-02 -9.966922e-01
    outer loop
      vertex 2.251222e-02 1.059117e-01 1.997067e+00
      vertex 1.131811e-02 1.076847e-01 1.997067e+00
      vertex 4.495842e-02 2.115127e-01 1.988276e+00
    endloop
  endfacet
  facet normal -1.271333e-02 -8.026881e-02 -9.966922e-01
    outer loop
      vertex 4.495842e-02 2.115127e-01 1.988276e+00
      vertex 1.131811e-02 1.076847e-01 1.997067e+00
      vertex 2.260303e-02 2.150535e-01 1.988276e+00
    endloop
  endfacet
  facet normal -4.253310e-03 -8.115799e-02 -9.966922e-01
    outer loop
      vertex 1.131811e-02 1.076847e-01 1.997067e+00
      vertex 6.630104e-18 1.082778e-01 1.997067e+00
      vertex 2.260303e-02 2.150535e-01 1.988276e+00
    endloop
  endfacet
  facet normal -4.253310e-03 -8.115799e-02 -9.966922e-01
    outer loop
      vertex 2.260303e-02 2.150535e-01 1.988276e+00
      vertex 6.630104e-18 1.082778e-01 1.997067e+00
      vertex 1.324076e-17 2.162380e-01 1.988276e+00
    endloop
  endfacet
  facet normal 4.253310e-03 -8.115799e-02 -9.966922e-01
    outer loop
      vertex 6.630104e-18 1.082778e-01 1.997067e+00
      vertex -1.131811e-02 1.076847e-01 1.997067e+00
      vertex 1.324076e-17 2.162380e-01 1.988276e+00
    endloop
  endfacet
  facet normal 4.253310e-03 -8.115799e-02 -9.966922e-01
    outer loop
      vertex 1.324076e-17 2.162380e-01 1.988276e+00
      vertex -1.131811e-02 1.076847e-01 1.997067e+00
      vertex -2.260303e-02 2.150535e-01 1.988276e+00
    endloop
  endfacet
  facet normal 1.271333e-02 -8.026881e-02 -9.966922e-01
    outer loop
      vertex -1.131811e-02 1.076847e-01 1.997067e+00
      vertex -2.251222e-02 1.059117e-01 1.997067e+00
      vertex -2.260303e-02 2.150535e-01 1.988276e+00
    endloop
  endfacet
  facet normal 1.271333e-02 -8.026881e-02 -9.966922e-01
    outer loop
      vertex -2.260303e-02 2.150535e-01 1.988276e+00
      vertex -2.251222e-02 1.059117e-01 1.997067e+00
      vertex -4.495842e-02 2.115127e-01 1.988276e+00
    endloop
  endfacet
  facet normal 2.103406e-02 -7.850018e-02 -9.966922e-01
    outer loop
      vertex -2.251222e-02 1.059117e-01 1.997067e+00
      vertex -3.345969e-02 1.029783e-01 1.997067e+00
      vertex -4.495842e-02 2.115127e-01 1.988276e+00
    endloop
  endfacet
  facet normal 2.103406e-02 -7.850018e-02 -9.966922e-01
    outer loop
      vertex -4.495842e-02 2.115127e-01 1.988276e+00
      vertex -3.345969e-02 1.029783e-01 1.997067e+00
      vertex -6.682123e-02 2.056546e-01 1.988276e+00
    endloop
  endfacet
  facet normal 2.912434e-02 -7.587149e-02 -9.966922e-01
    outer loop
      vertex -3.345969e-02 1.029783e-01 1.997067e+00
      vertex -4.404056e-02 9.891671e-02 1.997067e+00
      vertex -6.682123e-02 2.056546e-01 1.988276e+00
    endloop
  endfacet
  facet normal 2.912434e-02 -7.587149e-02 -9.966922e-01
    outer loop
      vertex -6.682123e-02 2.056546e-01 1.988276e+00
      vertex -4.404056e-02 9.891671e-02 1.997067e+00
      vertex -8.795193e-02 1.975433e-01 1.988276e+00
    endloop
  endfacet
  facet normal 3.689552e-02 -7.241154e-02 -9.966922e-01
    outer loop
      vertex -4.404056e-02 9.891671e-02 1.997067e+00
      vertex -5.413891e-02 9.377134e-02 1.997067e+00
      vertex -8.795193e-02 1.975433e-01 1.988276e+00
    endloop
  endfacet
  facet normal 3.689552e-02 -7.241154e-02 -9.966922e-01
    outer loop
      vertex -8.795193e-02 1.975433e-01 1.988276e+00
      vertex -5.413891e-02 9.377134e-02 1.997067e+00
      vertex -1.081190e-01 1.872676e-01 1.988276e+00
    endloop
  endfacet
  facet normal 4.426247e-02 -6.815823e-02 -9.966922e-01
    outer loop
      vertex -5.413891e-02 9.377134e-02 1.997067e+00
      vertex -6.364410e-02 8.759859e-02 1.997067e+00
      vertex -1.081190e-01 1.872676e-01 1.988276e+00
    endloop
  endfacet
  facet normal 4.426247e-02 -6.815823e-02 -9.966922e-01
    outer loop
      vertex -1.081190e-01 1.872676e-01 1.988276e+00
      vertex -6.364410e-02 8.759859e-02 1.997067e+00
      vertex -1.271015e-01 1.749402e-01 1.988276e+00
    endloop
  endfacet
  facet normal 5.114447e-02 -6.315816e-02 -9.966922e-01
    outer loop
      vertex -6.364410e-02 8.759859e-02 1.997067e+00
      vertex -7.245200e-02 8.046610e-02 1.997067e+00
      vertex -1.271015e-01 1.749402e-01 1.988276e+00
    endloop
  endfacet
  facet normal 5.114447e-02 -6.315816e-02 -9.966922e-01
    outer loop
      vertex -1.271015e-01 1.749402e-01 1.988276e+00
      vertex -7.245200e-02 8.046610e-02 1.997067e+00
      vertex -1.446915e-01 1.606962e-01 1.988276e+00
    endloop
  endfacet
  facet normal 5.746612e-02 -5.746612e-02 -9.966922e-01
    outer loop
      vertex -7.245200e-02 8.046610e-02 1.997067e+00
      vertex -8.046610e-02 7.245200e-02 1.997067e+00
      vertex -1.446915e-01 1.606962e-01 1.988276e+00
    endloop
  endfacet
  facet normal 5.746612e-02 -5.746612e-02 -9.966922e-01
    outer loop
      vertex -1.446915e-01 1.606962e-01 1.988276e+00
      vertex -8.046610e-02 7.245200e-02 1.997067e+00
      vertex -1.606962e-01 1.446915e-01 1.988276e+00
    endloop
  endfacet
  facet normal 6.315816e-02 -5.114447e-02 -9.966922e-01
    outer loop
      vertex -8.046610e-02 7.245200e-02 1.997067e+00
      vertex -8.759859e-02 6.364410e-02 1.997067e+00
      vertex -1.606962e-01 1.446915e-01 1.988276e+00
    endloop
  endfacet
  facet normal 6.315816e-02 -5.114447e-02 -9.966922e-01
    outer loop
      vertex -1.606962e-01 1.446915e-01 1.988276e+00
      vertex -8.759859e-02 6.364410e-02 1.997067e+00
      vertex -1.749402e-01 1.271015e-01 1.988276e+00
    endloop
  endfacet
  facet normal 6.815823e-02 -4.426247e-02 -9.966922e-01
    outer loop
      vertex -8.759859e-02 6.364410e-02 1.997067e+00
      vertex -9.377134e-02 5.413891e-02 1.997067e+00
      vertex -1.749402e-01 1.271015e-01 1.988276e+00
    endloop
  endfacet
  facet normal 6.815823e-02 -4.426247e-02 -9.966922e-01
    outer loop
      vertex -1.749402e-01 1.271015e-01 1.988276e+00
      vertex -9.377134e-02 5.413891e-02 1.997067e+00
      vertex -1.872676e-01 1.081190e-01 1.988276e+00
    endloop
  endfacet
  facet normal 7.241154e-02 -3.689552e-02 -9.966922e-01
    outer loop
      vertex -9.377134e-02 5.413891e-02 1.997067e+00
      vertex -9.891671e-02 4.404056e-02 1.997067e+00
      vertex -1.872676e-01 1.081190e-01 1.988276e+00
    endloop
  endfacet
  facet normal 7.241154e-02 -3.689552e-02 -9.966922e-01
    outer loop
      vertex -1.872676e-01 1.081190e-01 1.988276e+00
      vertex -9.891671e-02 4.404056e-02 1.997067e+00
      vertex -1.975433e-01 8.795193e-02 1.988276e+00
    endloop
  endfacet
  facet normal 7.587149e-02 -2.912434e-02 -9.966922e-01
    outer loop
      vertex -9.891671e-02 4.404056e-02 1.997067e+00
      vertex -1.029783e-01 3.345969e-02 1.997067e+00
      vertex -1.975433e-01 8.795193e-02 1.988276e+00
    endloop
  endfacet
  facet normal 7.587149e-02 -2.912434e-02 -9.966922e-01
    outer loop
      vertex -1.975433e-01 8.795193e-02 1.988276e+00
      vertex -1.029783e-01 3.345969e-02 1.997067e+00
      vertex -2.056546e-01 6.682123e-02 1.988276e+00
    endloop
  endfacet
  facet normal 7.850018e-02 -2.103406e-02 -9.966922e-01
    outer loop
      vertex -1.029783e-01 3.345969e-02 1.997067e+00
      vertex -1.059117e-01 2.251222e-02 1.997067e+00
      vertex -2.056546e-01 6.682123e-02 1.988276e+00
    endloop
  endfacet
  facet normal 7.850018e-02 -2.103406e-02 -9.966922e-01
    outer loop
      vertex -2.056546e-01 6.682123e-02 1.988276e+00
      vertex -1.059117e-01 2.251222e-02 1.997067e+00
      vertex -2.115127e-01 4.495842e-02 1.988276e+00
    endloop
  endfacet
  facet normal 8.026881e-02 -1.271333e-02 -9.966922e-01
    outer loop
      vertex -1.059117e-01 2.251222e-02 1.997067e+00
      vertex -1.076847e-01 1.131811e-02 1.997067e+00
      vertex -2.115127e-01 4.495842e-02 1.988276e+00
    endloop
  endfacet
  facet normal 8.026881e-02 -1.271333e-02 -9.966922e-01
    outer loop
      vertex -2.115127e-01 4.495842e-02 1.988276e+00
      vertex -1.076847e-01 1.131811e-02 1.997067e+00
      vertex -2.150535e-01 2.260303e-02 1.988276e+00
    endloop
  endfacet
  facet normal 8.115799e-02 -4.253310e-03 -9.966922e-01
    outer loop
      vertex -1.076847e-01 1.131811e-02 1.997067e+00
      vertex -1.082778e-01 1.326021e-17 1.997067e+00
      vertex -2.150535e-01 2.260303e-02 1.988276e+00
    endloop
  endfacet
  facet normal 8.115799e-02 -4.253310e-03 -9.966922e-01
    outer loop
      vertex -2.150535e-01 2.260303e-02 1.988276e+00
      vertex -1.082778e-01 1.326021e-17 1.997067e+00
      vertex -2.162380e-01 2.648152e-17 1.988276e+00
    endloop
  endfacet
  facet normal 8.115799e-02 4.253310e-03 -9.966922e-01
    outer loop
      vertex -1.082778e-01 1.326021e-17 1.997067e+00
      vertex -1.076847e-01 -1.131811e-02 1.997067e+00
      vertex -2.162380e-01 2.648152e-17 1.988276e+00
    endloop
  endfacet
  facet normal 8.115799e-02 4.253310e-03 -9.966922e-01
    outer loop
      vertex -2.162380e-01 2.648152e-17 1.988276e+00
      vertex -1.076847e-01 -1.131811e-02 1.997067e+00
      vertex -2.150535e-01 -2.260303e-02 1.988276e+00
    endloop
  endfacet
  facet normal 8.026881e-02 1.271333e-02 -9.966922e-01
    outer loop
      vertex -1.076847e-01 -1.131811e-02 1.997067e+00
      vertex -1.059117e-01 -2.251222e-02 1.997067e+00
      vertex -2.150535e-01 -2.260303e-02 1.988276e+00
    endloop
  endfacet
  facet normal 8.026881e-02 1.271333e-02 -9.966922e-01
    outer loop
      vertex -2.150535e-01 -2.260303e-02 1.988276e+00
      vertex -1.059117e-01 -2.251222e-02 1.997067e+00
      vertex -2.115127e-01 -4.495842e-02 1.988276e+00
    endloop
  endfacet
  facet normal 7.850018e-02 2.103406e-02 -9.966922e-01
    outer loop
      vertex -1.059117e-01 -2.251222e-02 1.997067e+00
      vertex -1.029783e-01 -3.345969e-02 1.997067e+00
      vertex -2.115127e-01 -4.495842e-02 1.988276e+00
    endloop
  endfacet
  facet normal 7.850018e-02 2.103406e-02 -9.966922e-01
    outer loop
      vertex -2.115127e-01 -4.495842e-02 1.988276e+00
      vertex -1.029783e-01 -3.345969e-02 1.997067e+00
      vertex -2.056546e-01 -6.682123e-02 1.988276e+00
    endloop
  endfacet
  facet normal 7.587149e-02 2.912434e-02 -9.966922e-01
    outer loop
      vertex -1.029783e-01 -3.345969e-02 1.997067e+00
      vertex -9.891671e-02 -4.404056e-02 1.997067e+00
      vertex -2.056546e-01 -6.682123e-02 1.988276e+00
    endloop
  endfacet
  facet normal 7.587149e-02 2.912434e-02 -9.966922e-01
    outer loop
      vertex -2.056546e-01 -6.682123e-02 1.988276e+00
      vertex -9.891671e-02 -4.404056e-02 1.997067e+00
      vertex -1.975433e-01 -8.795193e-02 1.988276e+00
    endloop
  endfacet
  facet normal 7.241154e-02 3.689552e-02 -9.966922e-01
    outer loop
      vertex -9.891671e-02 -4.404056e-02 1.997067e+00
      vertex -9.377134e-02 -5.413891e-02 1.997067e+00
      vertex -1.975433e-01 -8.795193e-02 1.988276e+00
    endloop
  endfacet
  facet normal 7.241154e-02 3.689552e-02 -9.966922e-01
    outer loop
      vertex -1.975433e-01 -8.795193e-02 1.988276e+00
      vertex -9.377134e-02 -5.413891e-02 1.997067e+00
      vertex -1.872676e-01 -1.081190e-01 1.988276e+00
    endloop
  endfacet
  facet normal 6.815823e-02 4.426247e-02 -9.966922e-01
    outer loop
      vertex -9.377134e-02 -5.413891e-02 1.997067e+00
      vertex -8.759859e-02 -6.364410e-02 1.997067e+00
      vertex -1.872676e-01 -1.081190e-01 1.988276e+00
    endloop
  endfacet
  facet normal 6.815823e-02 4.426247e-02 -9.966922e-01
    outer loop
      vertex -1.872676e-01 -1.081190e-01 1.988276e+00
      vertex -8.759859e-02 -6.364410e-02 1.997067e+00
      vertex -1.749402e-01 -1.271015e-01 1.988276e+00
    endloop
  endfacet
  facet normal 6.315816e-02 5.114447e-02 -9.966922e-01
    outer loop
      vertex -8.759859e-02 -6.364410e-02 1.997067e+00
      vertex -8.046610e-02 -7.245200e-02 1.997067e+00
      vertex -1.749402e-01 -1.271015e-01 1.988276e+00
    endloop
  endfacet
  facet normal 6.315816e-02 5.114447e-02 -9.966922e-01
    outer loop
      vertex -1.749402e-01 -1.271015e-01 1.988276e+00
      vertex -8.046610e-02 -7.245200e-02 1.997067e+00
      vertex -1.606962e-01 -1.446915e-01 1.988276e+00
    endloop
  endfacet
  facet normal 5.746612e-02 5.746612e-02 -9.966922e-01
    outer loop
      vertex -8.046610e-02 -7.245200e-02 1.997067e+00
      vertex -7.245200e-02 -8.046610e-02 1.997067e+00
      vertex -1.606962e-01 -1.446915e-01 1.988276e+00
    endloop
  endfacet
  facet normal 5.746612e-02 5.746612e-02 -9.966922e-01
    outer loop
      vertex -1.606962e-01 -1.446915e-01 1.988276e+00
      vertex -7.245200e-02 -8.046610e-02 1.997067e+00
      vertex -1.446915e-01 -1.606962e-01 1.988276e+00
    endloop
  endfacet
  facet normal 5.114447e-02 6.315816e-02 -9.966922e-01
    outer loop
      vertex -7.245200e-02 -8.046610e-02 1.997067e+00
      vertex -6.364410e-02 -8.759859e-02 1.997067e+00
      vertex -1.446915e-01 -1.606962e-01 1.988276e+00
    endloop
  endfacet
  facet normal 5.114447e-02 6.315816e-02 -9.966922e-01
    outer loop
      vertex -1.446915e-01 -1.606962e-01 1.988276e+00
      vertex -6.364410e-02 -8.759859e-02 1.997067e+00
      vertex -1.271015e-01 -1.749402e-01 1.988276e+00
    endloop
  endfacet
  facet normal 4.426247e-02 6.815823e-02 -9.966922e-01
    outer loop
      vertex -6.364410e-02 -8.759859e-02 1.997067e+00
      vertex -5.413891e-02 -9.377134e-02 1.997067e+00
      vertex -1.271015e-01 -1.749402e-01 1.988276e+00
    endloop
  endfacet
  facet normal 4.426247e-02 6.815823e-02 -9.966922e-01
    outer loop
      vertex -1.271015e-01 -1.749402e-01 1.988276e+00
      vertex -5.413891e-02 -9.377134e-02 1.997067e+00
      vertex -1.081190e-01 -1.872676e-01 1.988276e+00
    endloop
  endfacet
  facet normal 3.689552e-02 7.241154e-02 -9.966922e-01
    outer loop
      vertex -5.413891e-02 -9.377134e-02 1.997067e+00
      vertex -4.404056e-02 -9.891671e-02 1.997067e+00
      vertex -1.081190e-01 -1.872676e-01 1.988276e+00
    endloop
  endfacet
  facet normal 3.689552e-02 7.241154e-02 -9.966922e-01
    outer loop
      vertex -1.081190e-01 -1.872676e-01 1.988276e+00
      vertex -4.404056e-02 -9.891671e-02 1.997067e+00
      vertex -8.795193e-02 -1.975433e-01 1.988276e+00
    endloop
  endfacet
  facet normal 2.912434e-02 7.587149e-02 -9.966922e-01
    outer loop
      vertex -4.404056e-02 -9.891671e-02 1.997067e+00
      vertex -3.345969e-02 -1.029783e-01 1.997067e+00
      vertex -8.795193e-02 -1.975433e-01 1.988276e+00
    endloop
  endfacet
  facet normal 2.912434e-02 7.587149e-02 -9.966922e-01
    outer loop
      vertex -8.795193e-02 -1.975433e-01 1.988276e+00
      vertex -3.345969e-02 -1.029783e-01 1.997067e+00
      vertex -6.682123e-02 -2.056546e-01 1.988276e+00
    endloop
  endfacet
  facet normal 2.103406e-02 7.850018e-02 -9.966922e-01
    outer loop
      vertex -3.345969e-02 -1.029783e-01 1.997067e+00
      vertex -2.251222e-02 -1.059117e-01 1.997067e+00
      vertex -6.682123e-02 -2.056546e-01 1.988276e+00
    endloop
  endfacet
  facet normal 2.103406e-02 7.850018e-02 -9.966922e-01
    outer loop
      vertex -6.682123e-02 -2.056546e-01 1.988276e+00
      vertex -2.251222e-02 -1.059117e-01 1.997067e+00
      vertex -4.495842e-02 -2.115127e-01 1.988276e+00
    endloop
  endfacet
  facet normal 1.271333e-02 8.026881e-02 -9.966922e-01
    outer loop
      vertex -2.251222e-02 -1.059117e-01 1.997067e+00
      vertex -1.131811e-02 -1.076847e-01 1.997067e+00
      vertex -4.495842e-02 -2.115127e-01 1.988276e+00
    endloop
  endfacet
  facet normal 1.271333e-02 8.026881e-02 -9.966922e-01
    outer loop
      vertex -4.495842e-02 -2.115127e-01 1.988276e+00
      vertex -1.131811e-02 -1.076847e-01 1.997067e+00
      vertex -2.260303e-02 -2.150535e-01 1.988276e+00
    endloop
  endfacet
  facet normal 4.253310e-03 8.115799e-02 -9.966922e-01
    outer loop
      vertex -1.131811e-02 -1.076847e-01 1.997067e+00
      vertex -1.989031e-17 -1.082778e-01 1.997067e+00
      vertex -2.260303e-02 -2.150535e-01 1.988276e+00
    endloop
  endfacet
  facet normal 4.253310e-03 8.115799e-02 -9.966922e-01
    outer loop
      vertex -2.260303e-02 -2.150535e-01 1.988276e+00
      vertex -1.989031e-17 -1.082778e-01 1.997067e+00
      vertex -3.972228e-17 -2.162380e-01 1.988276e+00
    endloop
  endfacet
  facet normal -4.253310e-03 8.115799e-02 -9.966922e-01
    outer loop
      vertex -1.989031e-17 -1.082778e-01 1.997067e+00
      vertex 1.131811e-02 -1.076847e-01 1.997067e+00
      vertex -3.972228e-17 -2.162380e-01 1.988276e+00
    endloop
  endfacet
  facet normal -4.253310e-03 8.115799e-02 -9.966922e-01
    outer loop
      vertex -3.972228e-17 -2.162380e-01 1.988276e+00
      vertex 1.131811e-02 -1.076847e-01 1.997067e+00
      vertex 2.260303e-02 -2.150535e-01 1.988276e+00
    endloop
  endfacet
  facet normal -1.271333e-02 8.026881e-02 -9.966922e-01
    outer loop
      vertex 1.131811e-02 -1.076847e-01 1.997067e+00
      vertex 2.251222e-02 -1.059117e-01 1.997067e+00
      vertex 2.260303e-02 -2.150535e-01 1.988276e+00
    endloop
  endfacet
  facet normal -1.271333e-02 8.026881e-02 -9.966922e-01
    outer loop
      vertex 2.260303e-02 -2.150535e-01 1.988276e+00
      vertex 2.251222e-02 -1.059117e-01 1.997067e+00
      vertex 4.495842e-02 -2.115127e-01 1.988276e+00
    endloop
  endfacet
  facet normal -2.103406e-02 7.850018e-02 -9.966922e-01
    outer loop
      vertex 2.251222e-02 -1.059117e-01 1.997067e+00
      vertex 3.345969e-02 -1.029783e-01 1.997067e+00
      vertex 4.495842e-02 -2.115127e-01 1.988276e+00
    endloop
  endfacet
  facet normal -2.103406e-02 7.850018e-02 -9.966922e-01
    outer loop
      vertex 4.495842e-02 -2.115127e-01 1.988276e+00
      vertex 3.345969e-02 -1.029783e-01 1.997067e+00
      vertex 6.682123e-02 -2.056546e-01 1.988276e+00
    endloop
  endfacet
  facet normal -2.912434e-02 7.587149e-02 -9.966922e-01
    outer loop
      vertex 3.345969e-02 -1.029783e-01 1.997067e+00
      vertex 4.404056e-02 -9.891671e-02 1.997067e+00
      vertex 6.682123e-02 -2.056546e-01 1.988276e+00
    endloop
  endfacet
  facet normal -2.912434e-02 7.587149e-02 -9.966922e-01
    outer loop
      vertex 6.682123e-02 -2.056546e-01 1.988276e+00
      vertex 4.404056e-02 -9.891671e-02 1.997067e+00
      vertex 8.795193e-02 -1.975433e-01 1.988276e+00
    endloop
  endfacet
  facet normal -3.689552e-02 7.241154e-02 -9.966922e-01
    outer loop
      vertex 4.404056e-02 -9.891671e-02 1.997067e+00
      vertex 5.413891e-02 -9.377134e-02 1.997067e+00
      vertex 8.795193e-02 -1.975433e-01 1.988276e+00
    endloop
  endfacet
  facet normal -3.689552e-02 7.241154e-02 -9.966922e-01
    outer loop
      vertex 8.795193e-02 -1.975433e-01 1.988276e+00
      vertex 5.413891e-02 -9.377134e-02 1.997067e+00
      vertex 1.081190e-01 -1.872676e-01 1.988276e+00
    endloop
  endfacet
  facet normal -4.426247e-02 6.815823e-02 -9.966922e-01
    outer loop
      vertex 5.413891e-02 -9.377134e-02 1.997067e+00
      vertex 6.364410e-02 -8.759859e-02 1.997067e+00
      vertex 1.081190e-01 -1.872676e-01 1.988276e+00
    endloop
  endfacet
  facet normal -4.426247e-02 6.815823e-02 -9.966922e-01
    outer loop
      vertex 1.081190e-01 -1.872676e-01 1.988276e+00
      vertex 6.364410e-02 -8.759859e-02 1.997067e+00
      vertex 1.271015e-01 -1.749402e-01 1.988276e+00
    endloop
  endfacet
  facet normal -5.114447e-02 6.315816e-02 -9.966922e-01
    outer loop
      vertex 6.364410e-02 -8.759859e-02 1.997067e+00
      vertex 7.245200e-02 -8.046610e-02 1.997067e+00
      vertex 1.271015e-01 -1.749402e-01 1.988276e+00
    endloop
  endfacet
  facet normal -5.114447e-02 6.315816e-02 -9.966922e-01
    outer loop
      vertex 1.271015e-01 -1.749402e-01 1.988276e+00
      vertex 7.245200e-02 -8.046610e-02 1.997067e+00
      vertex 1.446915e-01 -1.606962e-01 1.988276e+00
    endloop
  endfacet
  facet normal -5.746612e-02 5.746612e-02 -9.966922e-01
    outer loop
      vertex 7.245200e-02 -8.046610e-02 1.997067e+00
      vertex 8.046610e-02 -7.245200e-02 1.997067e+00
      vertex 1.446915e-01 -1.606962e-01 1.988276e+00
    endloop
  endfacet
  facet normal -5.746612e-02 5.746612e-02 -9.966922e-01
    outer loop
      vertex 1.446915e-01 -1.606962e-01 1.988276e+00
      vertex 8.046610e-02 -7.245200e-02 1.997067e+00
      vertex 1.606962e-01 -1.446915e-01 1.988276e+00
    endloop
  endfacet
  facet normal -6.315816e-02 5.114447e-02 -9.966922e-01
    outer loop
      vertex 8.046610e-02 -7.245200e-02 1.997067e+00
      vertex 8.759859e-02 -6.364410e-02 1.997067e+00
      vertex 1.606962e-01 -1.446915e-01 1.988276e+00
    endloop
  endfacet
  facet normal -6.315816e-02 5.114447e-02 -9.966922e-01
    outer loop
      vertex 1.606962e-01 -1.446915e-01 1.988276e+00
      vertex 8.759859e-02 -6.364410e-02 1.997067e+00
      vertex 1.749402e-01 -1.271015e-01 1.988276e+00
    endloop
  endfacet
  facet normal -6.815823e-02 4.426247e-02 -9.966922e-01
    outer loop
      vertex 8.759859e-02 -6.364410e-02 1.997067e+00
      vertex 9.377134e-02 -5.413891e-02 1.997067e+00
      vertex 1.749402e-01 -1.271015e-01 1.988276e+00
    endloop
  endfacet
  facet normal -6.815823e-02 4.426247e-02 -9.966922e-01
    outer loop
      vertex 1.749402e-01 -1.271015e-01 1.988276e+00
      vertex 9.377134e-02 -5.413891e-02 1.997067e+00
      vertex 1.872676e-01 -1.081190e-01 1.988276e+00
    endloop
  endfacet
  facet normal -7.241154e-02 3.689552e-02 -9.966922e-01
    outer loop
      vertex 9.377134e-02 -5.413891e-02 1.997067e+00
      vertex 9.891671e-02 -4.404056e-02 1.997067e+00
      vertex 1.872676e-01 -1.081190e-01 1.988276e+00
    endloop
  endfacet
  facet normal -7.241154e-02 3.689552e-02 -9.966922e-01
    outer loop
      vertex 1.872676e-01 -1.081190e-01 1.988276e+00
      vertex 9.891671e-02 -4.404056e-02 1.997067e+00
      vertex 1.975433e-01 -8.795193e-02 1.988276e+00
    endloop
  endfacet
  facet normal -7.587149e-02 2.912434e-02 -9.966922e-01
    outer loop
      vertex 9.891671e-02 -4.404056e-02 1.997067e+00
      vertex 1.029783e-01 -3.345969e-02 1.997067e+00
      vertex 1.975433e-01 -8.795193e-02 1.988276e+00
    endloop
  endfacet
  facet normal -7.587149e-02 2.912434e-02 -9.966922e-01
    outer loop
      vertex 1.975433e-01 -8.795193e-02 1.988276e+00
      vertex 1.029783e-01 -3.345969e-02 1.997067e+00
      vertex 2.056546e-01 -6.682123e-02 1.988276e+00
    endloop
  endfacet
  facet normal -7.850018e-02 2.103406e-02 -9.966922e-01
    outer loop
      vertex 1.029783e-01 -3.345969e-02 1.997067e+00
      vertex 1.059117e-01 -2.251222e-02 1.997067e+00
      vertex 2.056546e-01 -6.682123e-02 1.988276e+00
    endloop
  endfacet
  facet normal -7.850018e-02 2.103406e-02 -9.966922e-01
    outer loop
      vertex 2.056546e-01 -6.682123e-02 1.988276e+00
      vertex 1.059117e-01 -2.251222e-02 1.997067e+00
      vertex 2.115127e-01 -4.495842e-02 1.988276e+00
    endloop
  endfacet
  facet normal -8.026881e-02 1.271333e-02 -9.966922e-01
    outer loop
      vertex 1.059117e-01 -2.251222e-02 1.997067e+00
      vertex 1.076847e-01 -1.131811e-02 1.997067e+00
      vertex 2.115127e-01 -4.495842e-02 1.988276e+00
    endloop
  endfacet
  facet normal -8.026881e-02 1.271333e-02 -9.966922e-01
    outer loop
      vertex 2.115127e-01 -4.495842e-02 1.988276e+00
      vertex 1.076847e-01 -1.131811e-02 1.997067e+00
      vertex 2.150535e-01 -2.260303e-02 1.988276e+00
    endloop
  endfacet
  facet normal -8.115799e-02 4.253310e-03 -9.966922e-01
    outer loop
      vertex 1.076847e-01 -1.131811e-02 1.997067e+00
      vertex 1.082778e-01 0.000000e+00 1.997067e+00
      vertex 2.150535e-01 -2.260303e-02 1.988276e+00
    endloop
  endfacet
  facet normal -8.115799e-02 4.253310e-03 -9.966922e-01
    outer loop
      vertex 2.150535e-01 -2.260303e-02 1.988276e+00
      vertex 1.082778e-01 0.000000e+00 1.997067e+00
      vertex 2.162380e-01 0.000000e+00 1.988276e+00
    endloop
  endfacet
  facet normal -1.349966e-01 -7.074874e-03 -9.908208e-01
    outer loop
      vertex 2.162380e-01 0.000000e+00 1.988276e+00
      vertex 2.150535e-01 2.260303e-02 1.988276e+00
      vertex 3.235640e-01 0.000000e+00 1.973653e+00
    endloop
  endfacet
  facet normal -1.349966e-01 -7.074874e-03 -9.908208e-01
    outer loop
      vertex 3.235640e-01 0.000000e+00 1.973653e+00
      vertex 2.150535e-01 2.260303e-02 1.988276e+00
      vertex 3.217915e-01 3.382165e-02 1.973653e+00
    endloop
  endfacet
  facet normal -1.335176e-01 -2.114711e-02 -9.908208e-01
    outer loop
      vertex 2.150535e-01 2.260303e-02 1.988276e+00
      vertex 2.115127e-01 4.495842e-02 1.988276e+00
      vertex 3.217915e-01 3.382165e-02 1.973653e+00
    endloop
  endfacet
  facet normal -1.335176e-01 -2.114711e-02 -9.908208e-01
    outer loop
      vertex 3.217915e-01 3.382165e-02 1.973653e+00
      vertex 2.115127e-01 4.495842e-02 1.988276e+00
      vertex 3.164933e-01 6.727274e-02 1.973653e+00
    endloop
  endfacet
  facet normal -1.305757e-01 -3.498765e-02 -9.908208e-01
    outer loop
      vertex 2.115127e-01 4.495842e-02 1.988276e+00
      vertex 2.056546e-01 6.682123e-02 1.988276e+00
      vertex 3.164933e-01 6.727274e-02 1.973653e+00
    endloop
  endfacet
  facet normal -1.305757e-01 -3.498765e-02 -9.908208e-01
    outer loop
      vertex 3.164933e-01 6.727274e-02 1.973653e+00
      vertex 2.056546e-01 6.682123e-02 1.988276e+00
      vertex 3.077276e-01 9.998677e-02 1.973653e+00
    endloop
  endfacet
  facet normal -1.262032e-01 -4.844486e-02 -9.908208e-01
    outer loop
      vertex 2.056546e-01 6.682123e-02 1.988276e+00
      vertex 1.975433e-01 8.795193e-02 1.988276e+00
      vertex 3.077276e-01 9.998677e-02 1.973653e+00
    endloop
  endfacet
  facet normal -1.262032e-01 -4.844486e-02 -9.908208e-01
    outer loop
      vertex 3.077276e-01 9.998677e-02 1.973653e+00
      vertex 1.975433e-01 8.795193e-02 1.988276e+00
      vertex 2.955904e-01 1.316053e-01 1.973653e+00
    endloop
  endfacet
  facet normal -1.204480e-01 -6.137130e-02 -9.908208e-01
    outer loop
      vertex 1.975433e-01 8.795193e-02 1.988276e+00
      vertex 1.872676e-01 1.081190e-01 1.988276e+00
      vertex 2.955904e-01 1.316053e-01 1.973653e+00
    endloop
  endfacet
  facet normal -1.204480e-01 -6.137130e-02 -9.908208e-01
    outer loop
      vertex 2.955904e-01 1.316053e-01 1.973653e+00
      vertex 1.872676e-01 1.081190e-01 1.988276e+00
      vertex 2.802146e-01 1.617820e-01 1.973653e+00
    endloop
  endfacet
  facet normal -1.133731e-01 -7.362534e-02 -9.908208e-01
    outer loop
      vertex 1.872676e-01 1.081190e-01 1.988276e+00
      vertex 1.749402e-01 1.271015e-01 1.988276e+00
      vertex 2.802146e-01 1.617820e-01 1.973653e+00
    endloop
  endfacet
  facet normal -1.133731e-01 -7.362534e-02 -9.908208e-01
    outer loop
      vertex 2.802146e-01 1.617820e-01 1.973653e+00
      vertex 1.749402e-01 1.271015e-01 1.988276e+00
      vertex 2.617688e-01 1.901861e-01 1.973653e+00
    endloop
  endfacet
  facet normal -1.050561e-01 -8.507272e-02 -9.908208e-01
    outer loop
      vertex 1.749402e-01 1.271015e-01 1.988276e+00
      vertex 1.606962e-01 1.446915e-01 1.988276e+00
      vertex 2.617688e-01 1.901861e-01 1.973653e+00
    endloop
  endfacet
  facet normal -1.050561e-01 -8.507272e-02 -9.908208e-01
    outer loop
      vertex 2.617688e-01 1.901861e-01 1.973653e+00
      vertex 1.606962e-01 1.446915e-01 1.988276e+00
      vertex 2.404549e-01 2.165066e-01 1.973653e+00
    endloop
  endfacet
  facet normal -9.558804e-02 -9.558804e-02 -9.908208e-01
    outer loop
      vertex 1.606962e-01 1.446915e-01 1.988276e+00
      vertex 1.446915e-01 1.606962e-01 1.988276e+00
      vertex 2.404549e-01 2.165066e-01 1.973653e+00
    endloop
  endfacet
  facet normal -9.558804e-02 -9.558804e-02 -9.908208e-01
    outer loop
      vertex 2.404549e-01 2.165066e-01 1.973653e+00
      vertex 1.446915e-01 1.606962e-01 1.988276e+00
      vertex 2.165066e-01 2.404549e-01 1.973653e+00
    endloop
  endfacet
  facet normal -8.507272e-02 -1.050561e-01 -9.908208e-01
    outer loop
      vertex 1.446915e-01 1.606962e-01 1.988276e+00
      vertex 1.271015e-01 1.749402e-01 1.988276e+00
      vertex 2.165066e-01 2.404549e-01 1.973653e+00
    endloop
  endfacet
  facet normal -8.507272e-02 -1.050561e-01 -9.908208e-01
    outer loop
      vertex 2.165066e-01 2.404549e-01 1.973653e+00
      vertex 1.271015e-01 1.749402e-01 1.988276e+00
      vertex 1.901861e-01 2.617688e-01 1.973653e+00
    endloop
  endfacet
  facet normal -7.362534e-02 -1.133731e-01 -9.908208e-01
    outer loop
      vertex 1.271015e-01 1.749402e-01 1.988276e+00
      vertex 1.081190e-01 1.872676e-01 1.988276e+00
      vertex 1.901861e-01 2.617688e-01 1.973653e+00
    endloop
  endfacet
  facet normal -7.362534e-02 -1.133731e-01 -9.908208e-01
    outer loop
      vertex 1.901861e-01 2.617688e-01 1.973653e+00
      vertex 1.081190e-01 1.872676e-01 1.988276e+00
      vertex 1.617820e-01 2.802146e-01 1.973653e+00
    endloop
  endfacet
  facet normal -6.137130e-02 -1.204480e-01 -9.908208e-01
    outer loop
      vertex 1.081190e-01 1.872676e-01 1.988276e+00
      vertex 8.795193e-02 1.975433e-01 1.988276e+00
      vertex 1.617820e-01 2.802146e-01 1.973653e+00
    endloop
  endfacet
  facet normal -6.137130e-02 -1.204480e-01 -9.908208e-01
    outer loop
      vertex 1.617820e-01 2.802146e-01 1.973653e+00
      vertex 8.795193e-02 1.975433e-01 1.988276e+00
      vertex 1.316053e-01 2.955904e-01 1.973653e+00
    endloop
  endfacet
  facet normal -4.844486e-02 -1.262032e-01 -9.908208e-01
    outer loop
      vertex 8.795193e-02 1.975433e-01 1.988276e+00
      vertex 6.682123e-02 2.056546e-01 1.988276e+00
      vertex 1.316053e-01 2.955904e-01 1.973653e+00
    endloop
  endfacet
  facet normal -4.844486e-02 -1.262032e-01 -9.908208e-01
    outer loop
      vertex 1.316053e-01 2.955904e-01 1.973653e+00
      vertex 6.682123e-02 2.056546e-01 1.988276e+00
      vertex 9.998677e-02 3.077276e-01 1.973653e+00
    endloop
  endfacet
  facet normal -3.498765e-02 -1.305757e-01 -9.908208e-01
    outer loop
      vertex 6.682123e-02 2.056546e-01 1.988276e+00
      vertex 4.495842e-02 2.115127e-01 1.988276e+00
      vertex 9.998677e-02 3.077276e-01 1.973653e+00
    endloop
  endfacet
  facet normal -3.498765e-02 -1.305757e-01 -9.908208e-01
    outer loop
      vertex 9.998677e-02 3.077276e-01 1.973653e+00
      vertex 4.495842e-02 2.115127e-01 1.988276e+00
      vertex 6.727274e-02 3.164933e-01 1.973653e+00
    endloop
  endfacet
  facet normal -2.114711e-02 -1.335176e-01 -9.908208e-01
    outer loop
      vertex 4.495842e-02 2.115127e-01 1.988276e+00
      vertex 2.260303e-02 2.150535e-01 1.988276e+00
      vertex 6.727274e-02 3.164933e-01 1.973653e+00
    endloop
  endfacet
  facet normal -2.114711e-02 -1.335176e-01 -9.908208e-01
    outer loop
      vertex 6.727274e-02 3.164933e-01 1.973653e+00
      vertex 2.260303e-02 2.150535e-01 1.988276e+00
      vertex 3.382165e-02 3.217915e-01 1.973653e+00
    endloop
  endfacet
  facet normal -7.074874e-03 -1.349966e-01 -9.908208e-01
    outer loop
      vertex 2.260303e-02 2.150535e-01 1.988276e+00
      vertex 1.324076e-17 2.162380e-01 1.988276e+00
      vertex 3.382165e-02 3.217915e-01 1.973653e+00
    endloop
  endfacet
  facet normal -7.074874e-03 -1.349966e-01 -9.908208e-01
    outer loop
      vertex 3.382165e-02 3.217915e-01 1.973653e+00
      vertex 1.324076e-17 2.162380e-01 1.988276e+00
      vertex 1.981258e-17 3.235640e-01 1.973653e+00
    endloop
  endfacet
  facet normal 7.074874e-03 -1.349966e-01 -9.908208e-01
    outer loop
      vertex 1.324076e-17 2.162380e-01 1.988276e+00
      vertex -2.260303e-02 2.150535e-01 1.988276e+00
      vertex 1.981258e-17 3.235640e-01 1.973653e+00
    endloop
  endfacet
  facet normal 7.074874e-03 -1.349966e-01 -9.908208e-01
    outer loop
      vertex 1.981258e-17 3.235640e-01 1.973653e+00
      vertex -2.260303e-02 2.150535e-01 1.988276e+00
      vertex -3.382165e-02 3.217915e-01 1.973653e+00
    endloop
  endfacet
  facet normal 2.114711e-02 -1.335176e-01 -9.908208e-01
    outer loop
      vertex -2.260303e-02 2.150535e-01 1.988276e+00
      vertex -4.495842e-02 2.115127e-01 1.988276e+00
      vertex -3.382165e-02 3.217915e-01 1.973653e+00
    endloop
  endfacet
  facet normal 2.114711e-02 -1.335176e-01 -9.908208e-01
    outer loop
      vertex -3.382165e-02 3.217915e-01 1.973653e+00
      vertex -4.495842e-02 2.115127e-01 1.988276e+00
      vertex -6.727274e-02 3.164933e-01 1.973653e+00
    endloop
  endfacet
  facet normal 3.498765e-02 -1.305757e-01 -9.908208e-01
    outer loop
      vertex -4.495842e-02 2.115127e-01 1.988276e+00
      vertex -6.682123e-02 2.056546e-01 1.988276e+00
      vertex -6.727274e-02 3.164933e-01 1.973653e+00
    endloop
  endfacet
  facet normal 3.498765e-02 -1.305757e-01 -9.908208e-01
    outer loop
      vertex -6.727274e-02 3.164933e-01 1.973653e+00
      vertex -6.682123e-02 2.056546e-01 1.988276e+00
      vertex -9.998677e-02 3.077276e-01 1.973653e+00
    endloop
  endfacet
  facet normal 4.844486e-02 -1.262032e-01 -9.908208e-01
    outer loop
      vertex -6.682123e-02 2.056546e-01 1.988276e+00
      vertex -8.795193e-02 1.975433e-01 1.988276e+00
      vertex -9.998677e-02 3.077276e-01 1.973653e+00
    endloop
  endfacet
  facet normal 4.844486e-02 -1.262032e-01 -9.908208e-01
    outer loop
      vertex -9.998677e-02 3.077276e-01 1.973653e+00
      vertex -8.795193e-02 1.975433e-01 1.988276e+00
      vertex -1.316053e-01 2.955904e-01 1.973653e+00
    endloop
  endfacet
  facet normal 6.137130e-02 -1.204480e-01 -9.908208e-01
    outer loop
      vertex -8.795193e-02 1.975433e-01 1.988276e+00
      vertex -1.081190e-01 1.872676e-01 1.988276e+00
      vertex -1.316053e-01 2.955904e-01 1.973653e+00
    endloop
  endfacet
  facet normal 6.137130e-02 -1.204480e-01 -9.908208e-01
    outer loop
      vertex -1.316053e-01 2.955904e-01 1.973653e+00
      vertex -1.081190e-01 1.872676e-01 1.988276e+00
      vertex -1.617820e-01 2.802146e-01 1.973653e+00
    endloop
  endfacet
  facet normal 7.362534e-02 -1.133731e-01 -9.908208e-01
    outer loop
      vertex -1.081190e-01 1.872676e-01 1.988276e+00
      vertex -1.271015e-01 1.749402e-01 1.988276e+00
      vertex -1.617820e-01 2.802146e-01 1.973653e+00
    endloop
  endfacet
  facet normal 7.362534e-02 -1.133731e-01 -9.908208e-01
    outer loop
      vertex -1.617820e-01 2.802146e-01 1.973653e+00
      vertex -1.271015e-01 1.749402e-01 1.988276e+00
      vertex -1.901861e-01 2.617688e-01 1.973653e+00
    endloop
  endfacet
  facet normal 8.507272e-02 -1.050561e-01 -9.908208e-01
    outer loop
      vertex -1.271015e-01 1.749402e-01 1.988276e+00
      vertex -1.446915e-01 1.606962e-01 1.988276e+00
      vertex -1.901861e-01 2.617688e-01 1.973653e+00
    endloop
  endfacet
  facet normal 8.507272e-02 -1.050561e-01 -9.908208e-01
    outer loop
      vertex -1.901861e-01 2.617688e-01 1.973653e+00
      vertex -1.446915e-01 1.606962e-01 1.988276e+00
      vertex -2.165066e-01 2.404549e-01 1.973653e+00
    endloop
  endfacet
  facet normal 9.558804e-02 -9.558804e-02 -9.908208e-01
    outer loop
      vertex -1.446915e-01 1.606962e-01 1.988276e+00
      vertex -1.606962e-01 1.446915e-01 1.988276e+00
      vertex -2.165066e-01 2.404549e-01 1.973653e+00
    endloop
  endfacet
  facet normal 9.558804e-02 -9.558804e-02 -9.908208e-01
    outer loop
      vertex -2.165066e-01 2.404549e-01 1.973653e+00
      vertex -1.606962e-01 1.446915e-01 1.988276e+00
      vertex -2.404549e-01 2.165066e-01 1.973653e+00
    endloop
  endfacet
  facet normal 1.050561e-01 -8.507272e-02 -9.908208e-01
    outer loop
      vertex -1.606962e-01 1.446915e-01 1.988276e+00
      vertex -1.749402e-01 1.271015e-01 1.988276e+00
      vertex -2.404549e-01 2.165066e-01 1.973653e+00
    endloop
  endfacet
  facet normal 1.050561e-01 -8.507272e-02 -9.908208e-01
    outer loop
      vertex -2.404549e-01 2.165066e-01 1.973653e+00
      vertex -1.749402e-01 1.271015e-01 1.988276e+00
      vertex -2.617688e-01 1.901861e-01 1.973653e+00
    endloop
  endfacet
  facet normal 1.133731e-01 -7.362534e-02 -9.908208e-01
    outer loop
      vertex -1.749402e-01 1.271015e-01 1.988276e+00
      vertex -1.872676e-01 1.081190e-01 1.988276e+00
      vertex -2.617688e-01 1.901861e-01 1.973653e+00
    endloop
  endfacet
  facet normal 1.133731e-01 -7.362534e-02 -9.908208e-01
    outer loop
      vertex -2.617688e-01 1.901861e-01 1.973653e+00
      vertex -1.872676e-01 1.081190e-01 1.988276e+00
      vertex -2.802146e-01 1.617820e-01 1.973653e+00
    endloop
  endfacet
  facet normal 1.204480e-01 -6.137130e-02 -9.908208e-01
    outer loop
      vertex -1.872676e-01 1.081190e-01 1.988276e+00
      vertex -1.975433e-01 8.795193e-02 1.988276e+00
      vertex -2.802146e-01 1.617820e-01 1.973653e+00
    endloop
  endfacet
  facet normal 1.204480e-01 -6.137130e-02 -9.908208e-01
    outer loop
      vertex -2.802146e-01 1.617820e-01 1.973653e+00
      vertex -1.975433e-01 8.795193e-02 1.988276e+00
      vertex -2.955904e-01 1.316053e-01 1.973653e+00
    endloop
  endfacet
  facet normal 1.262032e-01 -4.844486e-02 -9.908208e-01
    outer loop
      vertex -1.975433e-01 8.795193e-02 1.988276e+00
      vertex -2.056546e-01 6.682123e-02 1.988276e+00
      vertex -2.955904e-01 1.316053e-01 1.973653e+00
    endloop
  endfacet
  facet normal 1.262032e-01 -4.844486e-02 -9.908208e-01
    outer loop
      vertex -2.955904e-01 1.316053e-01 1.973653e+00
      vertex -2.056546e-01 6.682123e-02 1.988276e+00
      vertex -3.077276e-01 9.998677e-02 1.973653e+00
    endloop
  endfacet
  facet normal 1.305757e-01 -3.498765e-02 -9.908208e-01
    outer loop
      vertex -2.056546e-01 6.682123e-02 1.988276e+00
      vertex -2.115127e-01 4.495842e-02 1.988276e+00
      vertex -3.077276e-01 9.998677e-02 1.973653e+00
    endloop
  endfacet
  facet normal 1.305757e-01 -3.498765e-02 -9.908208e-01
    outer loop
      vertex -3.077276e-01 9.998677e-02 1.973653e+00
      vertex -2.115127e-01 4.495842e-02 1.988276e+00
      vertex -3.164933e-01 6.727274e-02 1.973653e+00
    endloop
  endfacet
  facet normal 1.335176e-01 -2.114711e-02 -9.908208e-01
    outer loop
      vertex -2.115127e-01 4.495842e-02 1.988276e+00
      vertex -2.150535e-01 2.260303e-02 1.988276e+00
      vertex -3.164933e-01 6.727274e-02 1.973653e+00
    endloop
  endfacet
  facet normal 1.335176e-01 -2.114711e-02 -9.908208e-01
    outer loop
      vertex -3.164933e-01 6.727274e-02 1.973653e+00
      vertex -2.150535e-01 2.260303e-02 1.988276e+00
      vertex -3.217915e-01 3.382165e-02 1.973653e+00
    endloop
  endfacet
  facet normal 1.349966e-01 -7.074874e-03 -9.908208e-01
    outer loop
      vertex -2.150535e-01 2.260303e-02 1.988276e+00
      vertex -2.162380e-01 2.648152e-17 1.988276e+00
      vertex -3.217915e-01 3.382165e-02 1.973653e+00
    endloop
  endfacet
  facet normal 1.349966e-01 -7.074874e-03 -9.908208e-01
    outer loop
      vertex -3.217915e-01 3.382165e-02 1.973653e+00
      vertex -2.162380e-01 2.648152e-17 1.988276e+00
      vertex -3.235640e-01 3.962516e-17 1.973653e+00
    endloop
  endfacet
  facet normal 1.349966e-01 7.074874e-03 -9.908208e-01
    outer loop
      vertex -2.162380e-01 2.648152e-17 1.988276e+00
      vertex -2.150535e-01 -2.260303e-02 1.988276e+00
      vertex -3.235640e-01 3.962516e-17 1.973653e+00
    endloop
  endfacet
  facet normal 1.349966e-01 7.074874e-03 -9.908208e-01
    outer loop
      vertex -3.235640e-01 3.962516e-17 1.973653e+00
      vertex -2.150535e-01 -2.260303e-02 1.988276e+00
      vertex -3.217915e-01 -3.382165e-02 1.973653e+00
    endloop
  endfacet
  facet normal 1.335176e-01 2.114711e-02 -9.908208e-01
    outer loop
      vertex -2.150535e-01 -2.260303e-02 1.988276e+00
      vertex -2.115127e-01 -4.495842e-02 1.988276e+00
      vertex -3.217915e-01 -3.382165e-02 1.973653e+00
    endloop
  endfacet
  facet normal 1.335176e-01 2.114711e-02 -9.908208e-01
    outer loop
      vertex -3.217915e-01 -3.382165e-02 1.973653e+00
      vertex -2.115127e-01 -4.495842e-02 1.988276e+00
      vertex -3.164933e-01 -6.727274e-02 1.973653e+00
    endloop
  endfacet
  facet normal 1.305757e-01 3.498765e-02 -9.908208e-01
    outer loop
      vertex -2.115127e-01 -4.495842e-02 1.988276e+00
      vertex -2.056546e-01 -6.682123e-02 1.988276e+00
      vertex -3.164933e-01 -6.727274e-02 1.973653e+00
    endloop
  endfacet
  facet normal 1.305757e-01 3.498765e-02 -9.908208e-01
    outer loop
      vertex -3.164933e-01 -6.727274e-02 1.973653e+00
      vertex -2.056546e-01 -6.682123e-02 1.988276e+00
      vertex -3.077276e-01 -9.998677e-02 1.973653e+00
    endloop
  endfacet
  facet normal 1.262032e-01 4.844486e-02 -9.908208e-01
    outer loop
      vertex -2.056546e-01 -6.682123e-02 1.988276e+00
      vertex -1.975433e-01 -8.795193e-02 1.988276e+00
      vertex -3.077276e-01 -9.998677e-02 1.973653e+00
    endloop
  endfacet
  facet normal 1.262032e-01 4.844486e-02 -9.908208e-01
    outer loop
      vertex -3.077276e-01 -9.998677e-02 1.973653e+00
      vertex -1.975433e-01 -8.795193e-02 1.988276e+00
      vertex -2.955904e-01 -1.316053e-01 1.973653e+00
    endloop
  endfacet
  facet normal 1.204480e-01 6.137130e-02 -9.908208e-01
    outer loop
      vertex -1.975433e-01 -8.795193e-02 1.988276e+00
      vertex -1.872676e-01 -1.081190e-01 1.988276e+00
      vertex -2.955904e-01 -1.316053e-01 1.973653e+00
    endloop
  endfacet
  facet normal 1.204480e-01 6.137130e-02 -9.908208e-01
    outer loop
      vertex -2.955904e-01 -1.316053e-01 1.973653e+00
      vertex -1.872676e-01 -1.081190e-01 1.988276e+00
      vertex -2.802146e-01 -1.617820e-01 1.973653e+00
    endloop
  endfacet
  facet normal 1.133731e-01 7.362534e-02 -9.908208e-01
    outer loop
      vertex -1.872676e-01 -1.081190e-01 1.988276e+00
      vertex -1.749402e-01 -1.271015e-01 1.988276e+00
      vertex -2.802146e-01 -1.617820e-01 1.973653e+00
    endloop
  endfacet
  facet normal 1.133731e-01 7.362534e-02 -9.908208e-01
    outer loop
      vertex -2.802146e-01 -1.617820e-01 1.973653e+00
      vertex -1.749402e-01 -1.271015e-01 1.988276e+00
      vertex -2.617688e-01 -1.901861e-01 1.973653e+00
    endloop
  endfacet
  facet normal 1.050561e-01 8.507272e-02 -9.908208e-01
    outer loop
      vertex -1.749402e-01 -1.271015e-01 1.988276e+00
      vertex -1.606962e-01 -1.446915e-01 1.988276e+00
      vertex -2.617688e-01 -1.901861e-01 1.973653e+00
    endloop
  endfacet
  facet normal 1.050561e-01 8.507272e-02 -9.908208e-01
    outer loop
      vertex -2.617688e-01 -1.901861e-01 1.973653e+00
      vertex -1.606962e-01 -1.446915e-01 1.988276e+00
      vertex -2.404549e-01 -2.165066e-01 1.973653e+00
    endloop
  endfacet
  facet normal 9.558804e-02 9.558804e-02 -9.908208e-01
    outer loop
      vertex -1.606962e-01 -1.446915e-01 1.988276e+00
      vertex -1.446915e-01 -1.606962e-01 1.988276e+00
      vertex -2.404549e-01 -2.165066e-01 1.973653e+00
    endloop
  endfacet
  facet normal 9.558804e-02 9.558804e-02 -9.908208e-01
    outer loop
      vertex -2.404549e-01 -2.165066e-01 1.973653e+00
      vertex -1.446915e-01 -1.606962e-01 1.988276e+00
      vertex -2.165066e-01 -2.404549e-01 1.973653e+00
    endloop
  endfacet
  facet normal 8.507272e-02 1.050561e-01 -9.908208e-01
    outer loop
      vertex -1.446915e-01 -1.606962e-01 1.988276e+00
      vertex -1.271015e-01 -1.749402e-01 1.988276e+00
      vertex -2.165066e-01 -2.404549e-01 1.973653e+00
    endloop
  endfacet
  facet normal 8.507272e-02 1.050561e-01 -9.908208e-01
    outer loop
      vertex -2.165066e-01 -2.404549e-01 1.973653e+00
      vertex -1.271015e-01 -1.749402e-01 1.988276e+00
      vertex -1.901861e-01 -2.617688e-01 1.973653e+00
    endloop
  endfacet
  facet normal 7.362534e-02 1.133731e-01 -9.908208e-01
    outer loop
      vertex -1.271015e-01 -1.749402e-01 1.988276e+00
      vertex -1.081190e-01 -1.872676e-01 1.988276e+00
      vertex -1.901861e-01 -2.617688e-01 1.973653e+00
    endloop
  endfacet
  facet normal 7.362534e-02 1.133731e-01 -9.908208e-01
    outer loop
      vertex -1.901861e-01 -2.617688e-01 1.973653e+00
      vertex -1.081190e-01 -1.872676e-01 1.988276e+00
      vertex -1.617820e-01 -2.802146e-01 1.973653e+00
    endloop
  endfacet
  facet normal 6.137130e-02 1.204480e-01 -9.908208e-01
    outer loop
      vertex -1.081190e-01 -1.872676e-01 1.988276e+00
      vertex -8.795193e-02 -1.975433e-01 1.988276e+00
      vertex -1.617820e-01 -2.802146e-01 1.973653e+00
    endloop
  endfacet
  facet normal 6.137130e-02 1.204480e-01 -9.908208e-01
    outer loop
      vertex -1.617820e-01 -2.802146e-01 1.973653e+00
      vertex -8.795193e-02 -1.975433e-01 1.988276e+00
      vertex -1.316053e-01 -2.955904e-01 1.973653e+00
    endloop
  endfacet
  facet normal 4.844486e-02 1.262032e-01 -9.908208e-01
    outer loop
      vertex -8.795193e-02 -1.975433e-01 1.988276e+00
      vertex -6.682123e-02 -2.056546e-01 1.988276e+00
      vertex -1.316053e-01 -2.955904e-01 1.973653e+00
    endloop
  endfacet
  facet normal 4.844486e-02 1.262032e-01 -9.908208e-01
    outer loop
      vertex -1.316053e-01 -2.955904e-01 1.973653e+00
      vertex -6.682123e-02 -2.056546e-01 1.988276e+00
      vertex -9.998677e-02 -3.077276e-01 1.973653e+00
    endloop
  endfacet
  facet normal 3.498765e-02 1.305757e-01 -9.908208e-01
    outer loop
      vertex -6.682123e-02 -2.056546e-01 1.988276e+00
      vertex -4.495842e-02 -2.115127e-01 1.988276e+00
      vertex -9.998677e-02 -3.077276e-01 1.973653e+00
    endloop
  endfacet
  facet normal 3.498765e-02 1.305757e-01 -9.908208e-01
    outer loop
      vertex -9.998677e-02 -3.077276e-01 1.973653e+00
      vertex -4.495842e-02 -2.115127e-01 1.988276e+00
      vertex -6.727274e-02 -3.164933e-01 1.973653e+00
    endloop
  endfacet
  facet normal 2.114711e-02 1.335176e-01 -9.908208e-01
    outer loop
      vertex -4.495842e-02 -2.115127e-01 1.988276e+00
      vertex -2.260303e-02 -2.150535e-01 1.988276e+00
      vertex -6.727274e-02 -3.164933e-01 1.973653e+00
    endloop
  endfacet
  facet normal 2.114711e-02 1.335176e-01 -9.908208e-01
    outer loop
      vertex -6.727274e-02 -3.164933e-01 1.973653e+00
      vertex -2.260303e-02 -2.150535e-01 1.988276e+00
      vertex -3.382165e-02 -3.217915e-01 1.973653e+00
    endloop
  endfacet
  facet normal 7.074874e-03 1.349966e-01 -9.908208e-01
    outer loop
      vertex -2.260303e-02 -2.150535e-01 1.988276e+00
      vertex -3.972228e-17 -2.162380e-01 1.988276e+00
      vertex -3.382165e-02 -3.217915e-01 1.973653e+00
    endloop
  endfacet
  facet normal 7.074874e-03 1.349966e-01 -9.908208e-01
    outer loop
      vertex -3.382165e-02 -3.217915e-01 1.973653e+00
      vertex -3.972228e-17 -2.162380e-01 1.988276e+00
      vertex -5.943774e-17 -3.235640e-01 1.973653e+00
    endloop
  endfacet
  facet normal -7.074874e-03 1.349966e-01 -9.908208e-01
    outer loop
      vertex -3.972228e-17 -2.162380e-01 1.988276e+00
      vertex 2.260303e-02 -2.150535e-01 1.988276e+00
      vertex -5.943774e-17 -3.235640e-01 1.973653e+00
    endloop
  endfacet
  facet normal -7.074874e-03 1.349966e-01 -9.908208e-01
    outer loop
      vertex -5.943774e-17 -3.235640e-01 1.973653e+00
      vertex 2.260303e-02 -2.150535e-01 1.988276e+00
      vertex 3.382165e-02 -3.217915e-01 1.973653e+00
    endloop
  endfacet
  facet normal -2.114711e-02 1.335176e-01 -9.908208e-01
    outer loop
      vertex 2.260303e-02 -2.150535e-01 1.988276e+00
      vertex 4.495842e-02 -2.115127e-01 1.988276e+00
      vertex 3.382165e-02 -3.217915e-01 1.973653e+00
    endloop
  endfacet
  facet normal -2.114711e-02 1.335176e-01 -9.908208e-01
    outer loop
      vertex 3.382165e-02 -3.217915e-01 1.973653e+00
      vertex 4.495842e-02 -2.115127e-01 1.988276e+00
      vertex 6.727274e-02 -3.164933e-01 1.973653e+00
    endloop
  endfacet
  facet normal -3.498765e-02 1.305757e-01 -9.908208e-01
    outer loop
      vertex 4.495842e-02 -2.115127e-01 1.988276e+00
      vertex 6.682123e-02 -2.056546e-01 1.988276e+00
      vertex 6.727274e-02 -3.164933e-01 1.973653e+00
    endloop
  endfacet
  facet normal -3.498765e-02 1.305757e-01 -9.908208e-01
    outer loop
      vertex 6.727274e-02 -3.164933e-01 1.973653e+00
      vertex 6.682123e-02 -2.056546e-01 1.988276e+00
      vertex 9.998677e-02 -3.077276e-01 1.973653e+00
    endloop
  endfacet
  facet normal -4.844486e-02 1.262032e-01 -9.908208e-01
    outer loop
      vertex 6.682123e-02 -2.056546e-01 1.988276e+00
      vertex 8.795193e-02 -1.975433e-01 1.988276e+00
      vertex 9.998677e-02 -3.077276e-01 1.973653e+00
    endloop
  endfacet
  facet normal -4.844486e-02 1.262032e-01 -9.908208e-01
    outer loop
      vertex 9.998677e-02 -3.077276e-01 1.973653e+00
      vertex 8.795193e-02 -1.975433e-01 1.988276e+00
      vertex 1.316053e-01 -2.955904e-01 1.973653e+00
    endloop
  endfacet
  facet normal -6.137130e-02 1.204480e-01 -9.908208e-01
    outer loop
      vertex 8.795193e-02 -1.975433e-01 1.988276e+00
      vertex 1.081190e-01 -1.872676e-01 1.988276e+00
      vertex 1.316053e-01 -2.955904e-01 1.973653e+00
    endloop
  endfacet
  facet normal -6.137130e-02 1.204480e-01 -9.908208e-01
    outer loop
      vertex 1.316053e-01 -2.955904e-01 1.973653e+00
      vertex 1.081190e-01 -1.872676e-01 1.988276e+00
      vertex 1.617820e-01 -2.802146e-01 1.973653e+00
    endloop
  endfacet
  facet normal -7.362534e-02 1.133731e-01 -9.908208e-01
    outer loop
      vertex 1.081190e-01 -1.872676e-01 1.988276e+00
      vertex 1.271015e-01 -1.749402e-01 1.988276e+00
      vertex 1.617820e-01 -2.802146e-01 1.973653e+00
    endloop
  endfacet
  facet normal -7.362534e-02 1.133731e-01 -9.908208e-01
    outer loop
      vertex 1.617820e-01 -2.802146e-01 1.973653e+00
      vertex 1.271015e-01 -1.749402e-01 1.988276e+00
      vertex 1.901861e-01 -2.617688e-01 1.973653e+00
    endloop
  endfacet
  facet normal -8.507272e-02 1.050561e-01 -9.908208e-01
    outer loop
      vertex 1.271015e-01 -1.749402e-01 1.988276e+00
      vertex 1.446915e-01 -1.606962e-01 1.988276e+00
      vertex 1.901861e-01 -2.617688e-01 1.973653e+00
    endloop
  endfacet
  facet normal -8.507272e-02 1.050561e-01 -9.908208e-01
    outer loop
      vertex 1.901861e-01 -2.617688e-01 1.973653e+00
      vertex 1.446915e-01 -1.606962e-01 1.988276e+00
      vertex 2.165066e-01 -2.404549e-01 1.973653e+00
    endloop
  endfacet
  facet normal -9.558804e-02 9.558804e-02 -9.908208e-01
    outer loop
      vertex 1.446915e-01 -1.606962e-01 1.988276e+00
      vertex 1.606962e-01 -1.446915e-01 1.988276e+00
      vertex 2.165066e-01 -2.404549e-01 1.973653e+00
    endloop
  endfacet
  facet normal -9.558804e-02 9.558804e-02 -9.908208e-01
    outer loop
      vertex 2.165066e-01 -2.404549e-01 1.973653e+00
      vertex 1.606962e-01 -1.446915e-01 1.988276e+00
      vertex 2.404549e-01 -2.165066e-01 1.973653e+00
    endloop
  endfacet
  facet normal -1.050561e-01 8.507272e-02 -9.908208e-01
    outer loop
      vertex 1.606962e-01 -1.446915e-01 1.988276e+00
      vertex 1.749402e-01 -1.271015e-01 1.988276e+00
      vertex 2.404549e-01 -2.165066e-01 1.973653e+00
    endloop
  endfacet
  facet normal -1.050561e-01 8.507272e-02 -9.908208e-01
    outer loop
      vertex 2.404549e-01 -2.165066e-01 1.973653e+00
      vertex 1.749402e-01 -1.271015e-01 1.988276e+00
      vertex 2.617688e-01 -1.901861e-01 1.973653e+00
    endloop
  endfacet
  facet normal -1.133731e-01 7.362534e-02 -9.908208e-01
    outer loop
      vertex 1.749402e-01 -1.271015e-01 1.988276e+00
      vertex 1.872676e-01 -1.081190e-01 1.988276e+00
      vertex 2.617688e-01 -1.901861e-01 1.973653e+00
    endloop
  endfacet
  facet normal -1.133731e-01 7.362534e-02 -9.908208e-01
    outer loop
      vertex 2.617688e-01 -1.901861e-01 1.973653e+00
      vertex 1.872676e-01 -1.081190e-01 1.988276e+00
      vertex 2.802146e-01 -1.617820e-01 1.973653e+00
    endloop
  endfacet
  facet normal -1.204480e-01 6.137130e-02 -9.908208e-01
    outer loop
      vertex 1.872676e-01 -1.081190e-01 1.988276e+00
      vertex 1.975433e-01 -8.795193e-02 1.988276e+00
      vertex 2.802146e-01 -1.617820e-01 1.973653e+00
    endloop
  endfacet
  facet normal -1.204480e-01 6.137130e-02 -9.908208e-01
    outer loop
      vertex 2.802146e-01 -1.617820e-01 1.973653e+00
      vertex 1.975433e-01 -8.795193e-02 1.988276e+00
      vertex 2.955904e-01 -1.316053e-01 1.973653e+00
    endloop
  endfacet
  facet normal -1.262032e-01 4.844486e-02 -9.908208e-01
    outer loop
      vertex 1.975433e-01 -8.795193e-02 1.988276e+00
      vertex 2.056546e-01 -6.682123e-02 1.988276e+00
      vertex 2.955904e-01 -1.316053e-01 1.973653e+00
    endloop
  endfacet
  facet normal -1.262032e-01 4.844486e-02 -9.908208e-01
    outer loop
      vertex 2.955904e-01 -1.316053e-01 1.973653e+00
      vertex 2.056546e-01 -6.682123e-02 1.988276e+00
      vertex 3.077276e-01 -9.998677e-02 1.973653e+00
    endloop
  endfacet
  facet normal -1.305757e-01 3.498765e-02 -9.908208e-01
    outer loop
      vertex 2.056546e-01 -6.682123e-02 1.988276e+00
      vertex 2.115127e-01 -4.495842e-02 1.988276e+00
      vertex 3.077276e-01 -9.998677e-02 1.973653e+00
    endloop
  endfacet
  facet normal -1.305757e-01 3.498765e-02 -9.908208e-01
    outer loop
      vertex 3.077276e-01 -9.998677e-02 1.973653e+00
      vertex 2.115127e-01 -4.495842e-02 1.988276e+00
      vertex 3.164933e-01 -6.727274e-02 1.973653e+00
    endloop
  endfacet
  facet normal -1.335176e-01 2.114711e-02 -9.908208e-01
    outer loop
      vertex 2.115127e-01 -4.495842e-02 1.988276e+00
      vertex 2.150535e-01 -2.260303e-02 1.988276e+00
      vertex 3.164933e-01 -6.727274e-02 1.973653e+00
    endloop
  endfacet
  facet normal -1.335176e-01 2.114711e-02 -9.908208e-01
    outer loop
      vertex 3.164933e-01 -6.727274e-02 1.973653e+00
      vertex 2.150535e-01 -2.260303e-02 1.988276e+00
      vertex 3.217915e-01 -3.382165e-02 1.973653e+00
    endloop
  endfacet
  facet normal -1.349966e-01 7.074874e-03 -9.908208e-01
    outer loop
      vertex 2.150535e-01 -2.260303e-02 1.988276e+00
      vertex 2.162380e-01 0.000000e+00 1.988276e+00
      vertex 3.217915e-01 -3.382165e-02 1.973653e+00
    endloop
  endfacet
  facet normal -1.349966e-01 7.074874e-03 -9.908208e-01
    outer loop
      vertex 3.217915e-01 -3.382165e-02 1.973653e+00
      vertex 2.162380e-01 0.000000e+00 1.988276e+00
      vertex 3.235640e-01 0.000000e+00 1.973653e+00
    endloop
  endfacet
  facet normal -1.884361e-01 -9.875519e-03 -9.820358e-01
    outer loop
      vertex 3.235640e-01 0.000000e+00 1.973653e+00
      vertex 3.217915e-01 3.382165e-02 1.973653e+00
      vertex 4.299409e-01 0.000000e+00 1.953241e+00
    endloop
  endfacet
  facet normal -1.884361e-01 -9.875519e-03 -9.820358e-01
    outer loop
      vertex 4.299409e-01 0.000000e+00 1.953241e+00
      vertex 3.217915e-01 3.382165e-02 1.973653e+00
      vertex 4.275856e-01 4.494106e-02 1.953241e+00
    endloop
  endfacet
  facet normal -1.863716e-01 -2.951836e-02 -9.820358e-01
    outer loop
      vertex 3.217915e-01 3.382165e-02 1.973653e+00
      vertex 3.164933e-01 6.727274e-02 1.973653e+00
      vertex 4.275856e-01 4.494106e-02 1.953241e+00
    endloop
  endfacet
  facet normal -1.863716e-01 -2.951836e-02 -9.820358e-01
    outer loop
      vertex 4.275856e-01 4.494106e-02 1.953241e+00
      vertex 3.164933e-01 6.727274e-02 1.973653e+00
      vertex 4.205456e-01 8.938974e-02 1.953241e+00
    endloop
  endfacet
  facet normal -1.822651e-01 -4.883779e-02 -9.820358e-01
    outer loop
      vertex 3.164933e-01 6.727274e-02 1.973653e+00
      vertex 3.077276e-01 9.998677e-02 1.973653e+00
      vertex 4.205456e-01 8.938974e-02 1.953241e+00
    endloop
  endfacet
  facet normal -1.822651e-01 -4.883779e-02 -9.820358e-01
    outer loop
      vertex 4.205456e-01 8.938974e-02 1.953241e+00
      vertex 3.077276e-01 9.998677e-02 1.973653e+00
      vertex 4.088981e-01 1.328590e-01 1.953241e+00
    endloop
  endfacet
  facet normal -1.761617e-01 -6.762214e-02 -9.820358e-01
    outer loop
      vertex 3.077276e-01 9.998677e-02 1.973653e+00
      vertex 2.955904e-01 1.316053e-01 1.973653e+00
      vertex 4.088981e-01 1.328590e-01 1.953241e+00
    endloop
  endfacet
  facet normal -1.761617e-01 -6.762214e-02 -9.820358e-01
    outer loop
      vertex 4.088981e-01 1.328590e-01 1.953241e+00
      vertex 2.955904e-01 1.316053e-01 1.973653e+00
      vertex 3.927705e-01 1.748727e-01 1.953241e+00
    endloop
  endfacet
  facet normal -1.681282e-01 -8.566562e-02 -9.820358e-01
    outer loop
      vertex 2.955904e-01 1.316053e-01 1.973653e+00
      vertex 2.802146e-01 1.617820e-01 1.973653e+00
      vertex 3.927705e-01 1.748727e-01 1.953241e+00
    endloop
  endfacet
  facet normal -1.681282e-01 -8.566562e-02 -9.820358e-01
    outer loop
      vertex 3.927705e-01 1.748727e-01 1.953241e+00
      vertex 2.802146e-01 1.617820e-01 1.973653e+00
      vertex 3.723397e-01 2.149704e-01 1.953241e+00
    endloop
  endfacet
  facet normal -1.582527e-01 -1.027705e-01 -9.820358e-01
    outer loop
      vertex 2.802146e-01 1.617820e-01 1.973653e+00
      vertex 2.617688e-01 1.901861e-01 1.973653e+00
      vertex 3.723397e-01 2.149704e-01 1.953241e+00
    endloop
  endfacet
  facet normal -1.582527e-01 -1.027705e-01 -9.820358e-01
    outer loop
      vertex 3.723397e-01 2.149704e-01 1.953241e+00
      vertex 2.617688e-01 1.901861e-01 1.973653e+00
      vertex 3.478295e-01 2.527129e-01 1.953241e+00
    endloop
  endfacet
  facet normal -1.466434e-01 -1.187494e-01 -9.820358e-01
    outer loop
      vertex 2.617688e-01 1.901861e-01 1.973653e+00
      vertex 2.404549e-01 2.165066e-01 1.973653e+00
      vertex 3.478295e-01 2.527129e-01 1.953241e+00
    endloop
  endfacet
  facet normal -1.466434e-01 -1.187494e-01 -9.820358e-01
    outer loop
      vertex 3.478295e-01 2.527129e-01 1.953241e+00
      vertex 2.404549e-01 2.165066e-01 1.973653e+00
      vertex 3.195083e-01 2.876866e-01 1.953241e+00
    endloop
  endfacet
  facet normal -1.334273e-01 -1.334273e-01 -9.820358e-01
    outer loop
      vertex 2.404549e-01 2.165066e-01 1.973653e+00
      vertex 2.165066e-01 2.404549e-01 1.973653e+00
      vertex 3.195083e-01 2.876866e-01 1.953241e+00
    endloop
  endfacet
  facet normal -1.334273e-01 -1.334273e-01 -9.820358e-01
    outer loop
      vertex 3.195083e-01 2.876866e-01 1.953241e+00
      vertex 2.165066e-01 2.404549e-01 1.973653e+00
      vertex 2.876866e-01 3.195083e-01 1.953241e+00
    endloop
  endfacet
  facet normal -1.187494e-01 -1.466434e-01 -9.820358e-01
    outer loop
      vertex 2.165066e-01 2.404549e-01 1.973653e+00
      vertex 1.901861e-01 2.617688e-01 1.973653e+00
      vertex 2.876866e-01 3.195083e-01 1.953241e+00
    endloop
  endfacet
  facet normal -1.187494e-01 -1.466434e-01 -9.820358e-01
    outer loop
      vertex 2.876866e-01 3.195083e-01 1.953241e+00
      vertex 1.901861e-01 2.617688e-01 1.973653e+00
      vertex 2.527129e-01 3.478295e-01 1.953241e+00
    endloop
  endfacet
  facet normal -1.027705e-01 -1.582527e-01 -9.820358e-01
    outer loop
      vertex 1.901861e-01 2.617688e-01 1.973653e+00
      vertex 1.617820e-01 2.802146e-01 1.973653e+00
      vertex 2.527129e-01 3.478295e-01 1.953241e+00
    endloop
  endfacet
  facet normal -1.027705e-01 -1.582527e-01 -9.820358e-01
    outer loop
      vertex 2.527129e-01 3.478295e-01 1.953241e+00
      vertex 1.617820e-01 2.802146e-01 1.973653e+00
      vertex 2.149704e-01 3.723397e-01 1.953241e+00
    endloop
  endfacet
  facet normal -8.566562e-02 -1.681282e-01 -9.820358e-01
    outer loop
      vertex 1.617820e-01 2.802146e-01 1.973653e+00
      vertex 1.316053e-01 2.955904e-01 1.973653e+00
      vertex 2.149704e-01 3.723397e-01 1.953241e+00
    endloop
  endfacet
  facet normal -8.566562e-02 -1.681282e-01 -9.820358e-01
    outer loop
      vertex 2.149704e-01 3.723397e-01 1.953241e+00
      vertex 1.316053e-01 2.955904e-01 1.973653e+00
      vertex 1.748727e-01 3.927705e-01 1.953241e+00
    endloop
  endfacet
  facet normal -6.762214e-02 -1.761617e-01 -9.820358e-01
    outer loop
      vertex 1.316053e-01 2.955904e-01 1.973653e+00
      vertex 9.998677e-02 3.077276e-01 1.973653e+00
      vertex 1.748727e-01 3.927705e-01 1.953241e+00
    endloop
  endfacet
  facet normal -6.762214e-02 -1.761617e-01 -9.820358e-01
    outer loop
      vertex 1.748727e-01 3.927705e-01 1.953241e+00
      vertex 9.998677e-02 3.077276e-01 1.973653e+00
      vertex 1.328590e-01 4.088981e-01 1.953241e+00
    endloop
  endfacet
  facet normal -4.883779e-02 -1.822651e-01 -9.820358e-01
    outer loop
      vertex 9.998677e-02 3.077276e-01 1.973653e+00
      vertex 6.727274e-02 3.164933e-01 1.973653e+00
      vertex 1.328590e-01 4.088981e-01 1.953241e+00
    endloop
  endfacet
  facet normal -4.883779e-02 -1.822651e-01 -9.820358e-01
    outer loop
      vertex 1.328590e-01 4.088981e-01 1.953241e+00
      vertex 6.727274e-02 3.164933e-01 1.973653e+00
      vertex 8.938974e-02 4.205456e-01 1.953241e+00
    endloop
  endfacet
  facet normal -2.951836e-02 -1.863716e-01 -9.820358e-01
    outer loop
      vertex 6.727274e-02 3.164933e-01 1.973653e+00
      vertex 3.382165e-02 3.217915e-01 1.973653e+00
      vertex 8.938974e-02 4.205456e-01 1.953241e+00
    endloop
  endfacet
  facet normal -2.951836e-02 -1.863716e-01 -9.820358e-01
    outer loop
      vertex 8.938974e-02 4.205456e-01 1.953241e+00
      vertex 3.382165e-02 3.217915e-01 1.973653e+00
      vertex 4.494106e-02 4.275856e-01 1.953241e+00
    endloop
  endfacet
  facet normal -9.875519e-03 -1.884361e-01 -9.820358e-01
    outer loop
      vertex 3.382165e-02 3.217915e-01 1.973653e+00
      vertex 1.981258e-17 3.235640e-01 1.973653e+00
      vertex 4.494106e-02 4.275856e-01 1.953241e+00
    endloop
  endfacet
  facet normal -9.875519e-03 -1.884361e-01 -9.820358e-01
    outer loop
      vertex 4.494106e-02 4.275856e-01 1.953241e+00
      vertex 1.981258e-17 3.235640e-01 1.973653e+00
      vertex 2.632629e-17 4.299409e-01 1.953241e+00
    endloop
  endfacet
  facet normal 9.875519e-03 -1.884361e-01 -9.820358e-01
    outer loop
      vertex 1.981258e-17 3.235640e-01 1.973653e+00
      vertex -3.382165e-02 3.217915e-01 1.973653e+00
      vertex 2.632629e-17 4.299409e-01 1.953241e+00
    endloop
  endfacet
  facet normal 9.875519e-03 -1.884361e-01 -9.820358e-01
    outer loop
      vertex 2.632629e-17 4.299409e-01 1.953241e+00
      vertex -3.382165e-02 3.217915e-01 1.973653e+00
      vertex -4.494106e-02 4.275856e-01 1.953241e+00
    endloop
  endfacet
  facet normal 2.951836e-02 -1.863716e-01 -9.820358e-01
    outer loop
      vertex -3.382165e-02 3.217915e-01 1.973653e+00
      vertex -6.727274e-02 3.164933e-01 1.973653e+00
      vertex -4.494106e-02 4.275856e-01 1.953241e+00
    endloop
  endfacet
  facet normal 2.951836e-02 -1.863716e-01 -9.820358e-01
    outer loop
      vertex -4.494106e-02 4.275856e-01 1.953241e+00
      vertex -6.727274e-02 3.164933e-01 1.973653e+00
      vertex -8.938974e-02 4.205456e-01 1.953241e+00
    endloop
  endfacet
  facet normal 4.883779e-02 -1.822651e-01 -9.820358e-01
    outer loop
      vertex -6.727274e-02 3.164933e-01 1.973653e+00
      vertex -9.998677e-02 3.077276e-01 1.973653e+00
      vertex -8.938974e-02 4.205456e-01 1.953241e+00
    endloop
  endfacet
  facet normal 4.883779e-02 -1.822651e-01 -9.820358e-01
    outer loop
      vertex -8.938974e-02 4.205456e-01 1.953241e+00
      vertex -9.998677e-02 3.077276e-01 1.973653e+00
      vertex -1.328590e-01 4.088981e-01 1.953241e+00
    endloop
  endfacet
  facet normal 6.762214e-02 -1.761617e-01 -9.820358e-01
    outer loop
      vertex -9.998677e-02 3.077276e-01 1.973653e+00
      vertex -1.316053e-01 2.955904e-01 1.973653e+00
      vertex -1.328590e-01 4.088981e-01 1.953241e+00
    endloop
  endfacet
  facet normal 6.762214e-02 -1.761617e-01 -9.820358e-01
    outer loop
      vertex -1.328590e-01 4.088981e-01 1.953241e+00
      vertex -1.316053e-01 2.955904e-01 1.973653e+00
      vertex -1.748727e-01 3.927705e-01 1.953241e+00
    endloop
  endfacet
  facet normal 8.566562e-02 -1.681282e-01 -9.820358e-01
    outer loop
      vertex -1.316053e-01 2.955904e-01 1.973653e+00
      vertex -1.617820e-01 2.802146e-01 1.973653e+00
      vertex -1.748727e-01 3.927705e-01 1.953241e+00
    endloop
  endfacet
  facet normal 8.566562e-02 -1.681282e-01 -9.820358e-01
    outer loop
      vertex -1.748727e-01 3.927705e-01 1.953241e+00
      vertex -1.617820e-01 2.802146e-01 1.973653e+00
      vertex -2.149704e-01 3.723397e-01 1.953241e+00
    endloop
  endfacet
  facet normal 1.027705e-01 -1.582527e-01 -9.820358e-01
    outer loop
      vertex -1.617820e-01 2.802146e-01 1.973653e+00
      vertex -1.901861e-01 2.617688e-01 1.973653e+00
      vertex -2.149704e-01 3.723397e-01 1.953241e+00
    endloop
  endfacet
  facet normal 1.027705e-01 -1.582527e-01 -9.820358e-01
    outer loop
      vertex -2.149704e-01 3.723397e-01 1.953241e+00
      vertex -1.901861e-01 2.617688e-01 1.973653e+00
      vertex -2.527129e-01 3.478295e-01 1.953241e+00
    endloop
  endfacet
  facet normal 1.187494e-01 -1.466434e-01 -9.820358e-01
    outer loop
      vertex -1.901861e-01 2.617688e-01 1.973653e+00
      vertex -2.165066e-01 2.404549e-01 1.973653e+00
      vertex -2.527129e-01 3.478295e-01 1.953241e+00
    endloop
  endfacet
  facet normal 1.187494e-01 -1.466434e-01 -9.820358e-01
    outer loop
      vertex -2.527129e-01 3.478295e-01 1.953241e+00
      vertex -2.165066e-01 2.404549e-01 1.973653e+00
      vertex -2.876866e-01 3.195083e-01 1.953241e+00
    endloop
  endfacet
  facet normal 1.334273e-01 -1.334273e-01 -9.820358e-01
    outer loop
      vertex -2.165066e-01 2.404549e-01 1.973653e+00
      vertex -2.404549e-01 2.165066e-01 1.973653e+00
      vertex -2.876866e-01 3.195083e-01 1.953241e+00
    endloop
  endfacet
  facet normal 1.334273e-01 -1.334273e-01 -9.820358e-01
    outer loop
      vertex -2.876866e-01 3.195083e-01 1.953241e+00
      vertex -2.404549e-01 2.165066e-01 1.973653e+00
      vertex -3.195083e-01 2.876866e-01 1.953241e+00
    endloop
  endfacet
  facet normal 1.466434e-01 -1.187494e-01 -9.820358e-01
    outer loop
      vertex -2.404549e-01 2.165066e-01 1.973653e+00
      vertex -2.617688e-01 1.901861e-01 1.973653e+00
      vertex -3.195083e-01 2.876866e-01 1.953241e+00
    endloop
  endfacet
  facet normal 1.466434e-01 -1.187494e-01 -9.820358e-01
    outer loop
      vertex -3.195083e-01 2.876866e-01 1.953241e+00
      vertex -2.617688e-01 1.901861e-01 1.973653e+00
      vertex -3.478295e-01 2.527129e-01 1.953241e+00
    endloop
  endfacet
  facet normal 1.582527e-01 -1.027705e-01 -9.820358e-01
    outer loop
      vertex -2.617688e-01 1.901861e-01 1.973653e+00
      vertex -2.802146e-01 1.617820e-01 1.973653e+00
      vertex -3.478295e-01 2.527129e-01 1.953241e+00
    endloop
  endfacet
  facet normal 1.582527e-01 -1.027705e-01 -9.820358e-01
    outer loop
      vertex -3.478295e-01 2.527129e-01 1.953241e+00
      vertex -2.802146e-01 1.617820e-01 1.973653e+00
      vertex -3.723397e-01 2.149704e-01 1.953241e+00
    endloop
  endfacet
  facet normal 1.681282e-01 -8.566562e-02 -9.820358e-01
    outer loop
      vertex -2.802146e-01 1.617820e-01 1.973653e+00
      vertex -2.955904e-01 1.316053e-01 1.973653e+00
      vertex -3.723397e-01 2.149704e-01 1.953241e+00
    endloop
  endfacet
  facet normal 1.681282e-01 -8.566562e-02 -9.820358e-01
    outer loop
      vertex -3.723397e-01 2.149704e-01 1.953241e+00
      vertex -2.955904e-01 1.316053e-01 1.973653e+00
      vertex -3.927705e-01 1.748727e-01 1.953241e+00
    endloop
  endfacet
  facet normal 1.761617e-01 -6.762214e-02 -9.820358e-01
    outer loop
      vertex -2.955904e-01 1.316053e-01 1.973653e+00
      vertex -3.077276e-01 9.998677e-02 1.973653e+00
      vertex -3.927705e-01 1.748727e-01 1.953241e+00
    endloop
  endfacet
  facet normal 1.761617e-01 -6.762214e-02 -9.820358e-01
    outer loop
      vertex -3.927705e-01 1.748727e-01 1.953241e+00
      vertex -3.077276e-01 9.998677e-02 1.973653e+00
      vertex -4.088981e-01 1.328590e-01 1.953241e+00
    endloop
  endfacet
  facet normal 1.822651e-01 -4.883779e-02 -9.820358e-01
    outer loop
      vertex -3.077276e-01 9.998677e-02 1.973653e+00
      vertex -3.164933e-01 6.727274e-02 1.973653e+00
      vertex -4.088981e-01 1.328590e-01 1.953241e+00
    endloop
  endfacet
  facet normal 1.822651e-01 -4.883779e-02 -9.820358e-01
    outer loop
      vertex -4.088981e-01 1.328590e-01 1.953241e+00
      vertex -3.164933e-01 6.727274e-02 1.973653e+00
      vertex -4.205456e-01 8.938974e-02 1.953241e+00
    endloop
  endfacet
  facet normal 1.863716e-01 -2.951836e-02 -9.820358e-01
    outer loop
      vertex -3.164933e-01 6.727274e-02 1.973653e+00
      vertex -3.217915e-01 3.382165e-02 1.973653e+00
      vertex -4.205456e-01 8.938974e-02 1.953241e+00
    endloop
  endfacet
  facet normal 1.863716e-01 -2.951836e-02 -9.820358e-01
    outer loop
      vertex -4.205456e-01 8.938974e-02 1.953241e+00
      vertex -3.217915e-01 3.382165e-02 1.973653e+00
      vertex -4.275856e-01 4.494106e-02 1.953241e+00
    endloop
  endfacet
  facet normal 1.884361e-01 -9.875519e-03 -9.820358e-01
    outer loop
      vertex -3.217915e-01 3.382165e-02 1.973653e+00
      vertex -3.235640e-01 3.962516e-17 1.973653e+00
      vertex -4.275856e-01 4.494106e-02 1.953241e+00
    endloop
  endfacet
  facet normal 1.884361e-01 -9.875519e-03 -9.820358e-01
    outer loop
      vertex -4.275856e-01 4.494106e-02 1.953241e+00
      vertex -3.235640e-01 3.962516e-17 1.973653e+00
      vertex -4.299409e-01 5.265257e-17 1.953241e+00
    endloop
  endfacet
  facet normal 1.884361e-01 9.875519e-03 -9.820358e-01
    outer loop
      vertex -3.235640e-01 3.962516e-17 1.973653e+00
      vertex -3.217915e-01 -3.382165e-02 1.973653e+00
      vertex -4.299409e-01 5.265257e-17 1.953241e+00
    endloop
  endfacet
  facet normal 1.884361e-01 9.875519e-03 -9.820358e-01
    outer loop
      vertex -4.299409e-01 5.265257e-17 1.953241e+00
      vertex -3.217915e-01 -3.382165e-02 1.973653e+00
      vertex -4.275856e-01 -4.494106e-02 1.953241e+00
    endloop
  endfacet
  facet normal 1.863716e-01 2.951836e-02 -9.820358e-01
    outer loop
      vertex -3.217915e-01 -3.382165e-02 1.973653e+00
      vertex -3.164933e-01 -6.727274e-02 1.973653e+00
      vertex -4.275856e-01 -4.494106e-02 1.953241e+00
    endloop
  endfacet
  facet normal 1.863716e-01 2.951836e-02 -9.820358e-01
    outer loop
      vertex -4.275856e-01 -4.494106e-02 1.953241e+00
      vertex -3.164933e-01 -6.727274e-02 1.973653e+00
      vertex -4.205456e-01 -8.938974e-02 1.953241e+00
    endloop
  endfacet
  facet normal 1.822651e-01 4.883779e-02 -9.820358e-01
    outer loop
      vertex -3.164933e-01 -6.727274e-02 1.973653e+00
      vertex -3.077276e-01 -9.998677e-02 1.973653e+00
      vertex -4.205456e-01 -8.938974e-02 1.953241e+00
    endloop
  endfacet
  facet normal 1.822651e-01 4.883779e-02 -9.820358e-01
    outer loop
      vertex -4.205456e-01 -8.938974e-02 1.953241e+00
      vertex -3.077276e-01 -9.998677e-02 1.973653e+00
      vertex -4.088981e-01 -1.328590e-01 1.953241e+00
    endloop
  endfacet
  facet normal 1.761617e-01 6.762214e-02 -9.820358e-01
    outer loop
      vertex -3.077276e-01 -9.998677e-02 1.973653e+00
      vertex -2.955904e-01 -1.316053e-01 1.973653e+00
      vertex -4.088981e-01 -1.328590e-01 1.953241e+00
    endloop
  endfacet
  facet normal 1.761617e-01 6.762214e-02 -9.820358e-01
    outer loop
      vertex -4.088981e-01 -1.328590e-01 1.953241e+00
      vertex -2.955904e-01 -1.316053e-01 1.973653e+00
      vertex -3.927705e-01 -1.748727e-01 1.953241e+00
    endloop
  endfacet
  facet normal 1.681282e-01 8.566562e-02 -9.820358e-01
    outer loop
      vertex -2.955904e-01 -1.316053e-01 1.973653e+00
      vertex -2.802146e-01 -1.617820e-01 1.973653e+00
      vertex -3.927705e-01 -1.748727e-01 1.953241e+00
    endloop
  endfacet
  facet normal 1.681282e-01 8.566562e-02 -9.820358e-01
    outer loop
      vertex -3.927705e-01 -1.748727e-01 1.953241e+00
      vertex -2.802146e-01 -1.617820e-01 1.973653e+00
      vertex -3.723397e-01 -2.149704e-01 1.953241e+00
    endloop
  endfacet
  facet normal 1.582527e-01 1.027705e-01 -9.820358e-01
    outer loop
      vertex -2.802146e-01 -1.617820e-01 1.973653e+00
      vertex -2.617688e-01 -1.901861e-01 1.973653e+00
      vertex -3.723397e-01 -2.149704e-01 1.953241e+00
    endloop
  endfacet
  facet normal 1.582527e-01 1.027705e-01 -9.820358e-01
    outer loop
      vertex -3.723397e-01 -2.149704e-01 1.953241e+00
      vertex -2.617688e-01 -1.901861e-01 1.973653e+00
      vertex -3.478295e-01 -2.527129e-01 1.953241e+00
    endloop
  endfacet
  facet normal 1.466434e-01 1.187494e-01 -9.820358e-01
    outer loop
      vertex -2.617688e-01 -1.901861e-01 1.973653e+00
      vertex -2.404549e-01 -2.165066e-01 1.973653e+00
      vertex -3.478295e-01 -2.527129e-01 1.953241e+00
    endloop
  endfacet
  facet normal 1.466434e-01 1.187494e-01 -9.820358e-01
    outer loop
      vertex -3.478295e-01 -2.527129e-01 1.953241e+00
      vertex -2.404549e-01 -2.165066e-01 1.973653e+00
      vertex -3.195083e-01 -2.876866e-01 1.953241e+00
    endloop
  endfacet
  facet normal 1.334273e-01 1.334273e-01 -9.820358e-01
    outer loop
      vertex -2.404549e-01 -2.165066e-01 1.973653e+00
      vertex -2.165066e-01 -2.404549e-01 1.973653e+00
      vertex -3.195083e-01 -2.876866e-01 1.953241e+00
    endloop
  endfacet
  facet normal 1.334273e-01 1.334273e-01 -9.820358e-01
    outer loop
      vertex -3.195083e-01 -2.876866e-01 1.953241e+00
      vertex -2.165066e-01 -2.404549e-01 1.973653e+00
      vertex -2.876866e-01 -3.195083e-01 1.953241e+00
    endloop
  endfacet
  facet normal 1.187494e-01 1.466434e-01 -9.820358e-01
    outer loop
      vertex -2.165066e-01 -2.404549e-01 1.973653e+00
      vertex -1.901861e-01 -2.617688e-01 1.973653e+00
      vertex -2.876866e-01 -3.195083e-01 1.953241e+00
    endloop
  endfacet
  facet normal 1.187494e-01 1.466434e-01 -9.820358e-01
    outer loop
      vertex -2.876866e-01 -3.195083e-01 1.953241e+00
      vertex -1.901861e-01 -2.617688e-01 1.973653e+00
      vertex -2.527129e-01 -3.478295e-01 1.953241e+00
    endloop
  endfacet
  facet normal 1.027705e-01 1.582527e-01 -9.820358e-01
    outer loop
      vertex -1.901861e-01 -2.617688e-01 1.973653e+00
      vertex -1.617820e-01 -2.802146e-01 1.973653e+00
      vertex -2.527129e-01 -3.478295e-01 1.953241e+00
    endloop
  endfacet
  facet normal 1.027705e-01 1.582527e-01 -9.820358e-01
    outer loop
      vertex -2.527129e-01 -3.478295e-01 1.953241e+00
      vertex -1.617820e-01 -2.802146e-01 1.973653e+00
      vertex -2.149704e-01 -3.723397e-01 1.953241e+00
    endloop
  endfacet
  facet normal 8.566562e-02 1.681282e-01 -9.820358e-01
    outer loop
      vertex -1.617820e-01 -2.802146e-01 1.973653e+00
      vertex -1.316053e-01 -2.955904e-01 1.973653e+00
      vertex -2.149704e-01 -3.723397e-01 1.953241e+00
    endloop
  endfacet
  facet normal 8.566562e-02 1.681282e-01 -9.820358e-01
    outer loop
      vertex -2.149704e-01 -3.723397e-01 1.953241e+00
      vertex -1.316053e-01 -2.955904e-01 1.973653e+00
      vertex -1.748727e-01 -3.927705e-01 1.953241e+00
    endloop
  endfacet
  facet normal 6.762214e-02 1.761617e-01 -9.820358e-01
    outer loop
      vertex -1.316053e-01 -2.955904e-01 1.973653e+00
      vertex -9.998677e-02 -3.077276e-01 1.973653e+00
      vertex -1.748727e-01 -3.927705e-01 1.953241e+00
    endloop
  endfacet
  facet normal 6.762214e-02 1.761617e-01 -9.820358e-01
    outer loop
      vertex -1.748727e-01 -3.927705e-01 1.953241e+00
      vertex -9.998677e-02 -3.077276e-01 1.973653e+00
      vertex -1.328590e-01 -4.088981e-01 1.953241e+00
    endloop
  endfacet
  facet normal 4.883779e-02 1.822651e-01 -9.820358e-01
    outer loop
      vertex -9.998677e-02 -3.077276e-01 1.973653e+00
      vertex -6.727274e-02 -3.164933e-01 1.973653e+00
      vertex -1.328590e-01 -4.088981e-01 1.953241e+00
    endloop
  endfacet
  facet normal 4.883779e-02 1.822651e-01 -9.820358e-01
    outer loop
      vertex -1.328590e-01 -4.088981e-01 1.953241e+00
      vertex -6.727274e-02 -3.164933e-01 1.973653e+00
      vertex -8.938974e-02 -4.205456e-01 1.953241e+00
    endloop
  endfacet
  facet normal 2.951836e-02 1.863716e-01 -9.820358e-01
    outer loop
      vertex -6.727274e-02 -3.164933e-01 1.973653e+00
      vertex -3.382165e-02 -3.217915e-01 1.973653e+00
      vertex -8.938974e-02 -4.205456e-01 1.953241e+00
    endloop
  endfacet
  facet normal 2.951836e-02 1.863716e-01 -9.820358e-01
    outer loop
      vertex -8.938974e-02 -4.205456e-01 1.953241e+00
      vertex -3.382165e-02 -3.217915e-01 1.973653e+00
      vertex -4.494106e-02 -4.275856e-01 1.953241e+00
    endloop
  endfacet
  facet normal 9.875519e-03 1.884361e-01 -9.820358e-01
    outer loop
      vertex -3.382165e-02 -3.217915e-01 1.973653e+00
      vertex -5.943774e-17 -3.235640e-01 1.973653e+00
      vertex -4.494106e-02 -4.275856e-01 1.953241e+00
    endloop
  endfacet
  facet normal 9.875519e-03 1.884361e-01 -9.820358e-01
    outer loop
      vertex -4.494106e-02 -4.275856e-01 1.953241e+00
      vertex -5.943774e-17 -3.235640e-01 1.973653e+00
      vertex -7.897886e-17 -4.299409e-01 1.953241e+00
    endloop
  endfacet
  facet normal -9.875519e-03 1.884361e-01 -9.820358e-01
    outer loop
      vertex -5.943774e-17 -3.235640e-01 1.973653e+00
      vertex 3.382165e-02 -3.217915e-01 1.973653e+00
      vertex -7.897886e-17 -4.299409e-01 1.953241e+00
    endloop
  endfacet
  facet normal -9.875519e-03 1.884361e-01 -9.820358e-01
    outer loop
      vertex -7.897886e-17 -4.299409e-01 1.953241e+00
      vertex 3.382165e-02 -3.217915e-01 1.973653e+00
      vertex 4.494106e-02 -4.275856e-01 1.953241e+00
    endloop
  endfacet
  facet normal -2.951836e-02 1.863716e-01 -9.820358e-01
    outer loop
      vertex 3.382165e-02 -3.217915e-01 1.973653e+00
      vertex 6.727274e-02 -3.164933e-01 1.973653e+00
      vertex 4.494106e-02 -4.275856e-01 1.953241e+00
    endloop
  endfacet
  facet normal -2.951836e-02 1.863716e-01 -9.820358e-01
    outer loop
      vertex 4.494106e-02 -4.275856e-01 1.953241e+00
      vertex 6.727274e-02 -3.164933e-01 1.973653e+00
      vertex 8.938974e-02 -4.205456e-01 1.953241e+00
    endloop
  endfacet
  facet normal -4.883779e-02 1.822651e-01 -9.820358e-01
    outer loop
      vertex 6.727274e-02 -3.164933e-01 1.973653e+00
      vertex 9.998677e-02 -3.077276e-01 1.973653e+00
      vertex 8.938974e-02 -4.205456e-01 1.953241e+00
    endloop
  endfacet
  facet normal -4.883779e-02 1.822651e-01 -9.820358e-01
    outer loop
      vertex 8.938974e-02 -4.205456e-01 1.953241e+00
      vertex 9.998677e-02 -3.077276e-01 1.973653e+00
      vertex 1.328590e-01 -4.088981e-01 1.953241e+00
    endloop
  endfacet
  facet normal -6.762214e-02 1.761617e-01 -9.820358e-01
    outer loop
      vertex 9.998677e-02 -3.077276e-01 1.973653e+00
      vertex 1.316053e-01 -2.955904e-01 1.973653e+00
      vertex 1.328590e-01 -4.088981e-01 1.953241e+00
    endloop
  endfacet
  facet normal -6.762214e-02 1.761617e-01 -9.820358e-01
    outer loop
      vertex 1.328590e-01 -4.088981e-01 1.953241e+00
      vertex 1.316053e-01 -2.955904e-01 1.973653e+00
      vertex 1.748727e-01 -3.927705e-01 1.953241e+00
    endloop
  endfacet
  facet normal -8.566562e-02 1.681282e-01 -9.820358e-01
    outer loop
      vertex 1.316053e-01 -2.955904e-01 1.973653e+00
      vertex 1.617820e-01 -2.802146e-01 1.973653e+00
      vertex 1.748727e-01 -3.927705e-01 1.953241e+00
    endloop
  endfacet
  facet normal -8.566562e-02 1.681282e-01 -9.820358e-01
    outer loop
      vertex 1.748727e-01 -3.927705e-01 1.953241e+00
      vertex 1.617820e-01 -2.802146e-01 1.973653e+00
      vertex 2.149704e-01 -3.723397e-01 1.953241e+00
    endloop
  endfacet
  facet normal -1.027705e-01 1.582527e-01 -9.820358e-01
    outer loop
      vertex 1.617820e-01 -2.802146e-01 1.973653e+00
      vertex 1.901861e-01 -2.617688e-01 1.973653e+00
      vertex 2.149704e-01 -3.723397e-01 1.953241e+00
    endloop
  endfacet
  facet normal -1.027705e-01 1.582527e-01 -9.820358e-01
    outer loop
      vertex 2.149704e-01 -3.723397e-01 1.953241e+00
      vertex 1.901861e-01 -2.617688e-01 1.973653e+00
      vertex 2.527129e-01 -3.478295e-01 1.953241e+00
    endloop
  endfacet
  facet normal -1.187494e-01 1.466434e-01 -9.820358e-01
    outer loop
      vertex 1.901861e-01 -2.617688e-01 1.973653e+00
      vertex 2.165066e-01 -2.404549e-01 1.973653e+00
      vertex 2.527129e-01 -3.478295e-01 1.953241e+00
    endloop
  endfacet
  facet normal -1.187494e-01 1.466434e-01 -9.820358e-01
    outer loop
      vertex 2.527129e-01 -3.478295e-01 1.953241e+00
      vertex 2.165066e-01 -2.404549e-01 1.973653e+00
      vertex 2.876866e-01 -3.195083e-01 1.953241e+00
    endloop
  endfacet
  facet normal -1.334273e-01 1.334273e-01 -9.820358e-01
    outer loop
      vertex 2.165066e-01 -2.404549e-01 1.973653e+00
      vertex 2.404549e-01 -2.165066e-01 1.973653e+00
      vertex 2.876866e-01 -3.195083e-01 1.953241e+00
    endloop
  endfacet
  facet normal -1.334273e-01 1.334273e-01 -9.820358e-01
    outer loop
      vertex 2.876866e-01 -3.195083e-01 1.953241e+00
      vertex 2.404549e-01 -2.165066e-01 1.973653e+00
      vertex 3.195083e-01 -2.876866e-01 1.953241e+00
    endloop
  endfacet
  facet normal -1.466434e-01 1.187494e-01 -9.820358e-01
    outer loop
      vertex 2.404549e-01 -2.165066e-01 1.973653e+00
      vertex 2.617688e-01 -1.901861e-01 1.973653e+00
      vertex 3.195083e-01 -2.876866e-01 1.953241e+00
    endloop
  endfacet
  facet normal -1.466434e-01 1.187494e-01 -9.820358e-01
    outer loop
      vertex 3.195083e-01 -2.876866e-01 1.953241e+00
      vertex 2.617688e-01 -1.901861e-01 1.973653e+00
      vertex 3.478295e-01 -2.527129e-01 1.953241e+00
    endloop
  endfacet
  facet normal -1.582527e-01 1.027705e-01 -9.820358e-01
    outer loop
      vertex 2.617688e-01 -1.901861e-01 1.973653e+00
      vertex 2.802146e-01 -1.617820e-01 1.973653e+00
      vertex 3.478295e-01 -2.527129e-01 1.953241e+00
    endloop
  endfacet
  facet normal -1.582527e-01 1.027705e-01 -9.820358e-01
    outer loop
      vertex 3.478295e-01 -2.527129e-01 1.953241e+00
      vertex 2.802146e-01 -1.617820e-01 1.973653e+00
      vertex 3.723397e-01 -2.149704e-01 1.953241e+00
    endloop
  endfacet
  facet normal -1.681282e-01 8.566562e-02 -9.820358e-01
    outer loop
      vertex 2.802146e-01 -1.617820e-01 1.973653e+00
      vertex 2.955904e-01 -1.316053e-01 1.973653e+00
      vertex 3.723397e-01 -2.149704e-01 1.953241e+00
    endloop
  endfacet
  facet normal -1.681282e-01 8.566562e-02 -9.820358e-01
    outer loop
      vertex 3.723397e-01 -2.149704e-01 1.953241e+00
      vertex 2.955904e-01 -1.316053e-01 1.973653e+00
      vertex 3.927705e-01 -1.748727e-01 1.953241e+00
    endloop
  endfacet
  facet normal -1.761617e-01 6.762214e-02 -9.820358e-01
    outer loop
      vertex 2.955904e-01 -1.316053e-01 1.973653e+00
      vertex 3.077276e-01 -9.998677e-02 1.973653e+00
      vertex 3.927705e-01 -1.748727e-01 1.953241e+00
    endloop
  endfacet
  facet normal -1.761617e-01 6.762214e-02 -9.820358e-01
    outer loop
      vertex 3.927705e-01 -1.748727e-01 1.953241e+00
      vertex 3.077276e-01 -9.998677e-02 1.973653e+00
      vertex 4.088981e-01 -1.328590e-01 1.953241e+00
    endloop
  endfacet
  facet normal -1.822651e-01 4.883779e-02 -9.820358e-01
    outer loop
      vertex 3.077276e-01 -9.998677e-02 1.973653e+00
      vertex 3.164933e-01 -6.727274e-02 1.973653e+00
      vertex 4.088981e-01 -1.328590e-01 1.953241e+00
    endloop
  endfacet
  facet normal -1.822651e-01 4.883779e-02 -9.820358e-01
    outer loop
      vertex 4.088981e-01 -1.328590e-01 1.953241e+00
      vertex 3.164933e-01 -6.727274e-02 1.973653e+00
      vertex 4.205456e-01 -8.938974e-02 1.953241e+00
    endloop
  endfacet
  facet normal -1.863716e-01 2.951836e-02 -9.820358e-01
    outer loop
      vertex 3.164933e-01 -6.727274e-02 1.973653e+00
      vertex 3.217915e-01 -3.382165e-02 1.973653e+00
      vertex 4.205456e-01 -8.938974e-02 1.953241e+00
    endloop
  endfacet
  facet normal -1.863716e-01 2.951836e-02 -9.820358e-01
    outer loop
      vertex 4.205456e-01 -8.938974e-02 1.953241e+00
      vertex 3.217915e-01 -3.382165e-02 1.973653e+00
      vertex 4.275856e-01 -4.494106e-02 1.953241e+00
    endloop
  endfacet
  facet normal -1.884361e-01 9.875519e-03 -9.820358e-01
    outer loop
      vertex 3.217915e-01 -3.382165e-02 1.973653e+00
      vertex 3.235640e-01 0.000000e+00 1.973653e+00
      vertex 4.275856e-01 -4.494106e-02 1.953241e+00
    endloop
  endfacet
  facet normal -1.884361e-01 9.875519e-03 -9.820358e-01
    outer loop
      vertex 4.275856e-01 -4.494106e-02 1.953241e+00
      vertex 3.235640e-01 0.000000e+00 1.973653e+00
      vertex 4.299409e-01 0.000000e+00 1.953241e+00
    endloop
  endfacet
  facet normal -2.413186e-01 -1.264697e-02 -9.703635e-01
    outer loop
      vertex 4.299409e-01 0.000000e+00 1.953241e+00
      vertex 4.275856e-01 4.494106e-02 1.953241e+00
      vertex 5.350567e-01 0.000000e+00 1.927100e+00
    endloop
  endfacet
  facet normal -2.413186e-01 -1.264697e-02 -9.703635e-01
    outer loop
      vertex 5.350567e-01 0.000000e+00 1.927100e+00
      vertex 4.275856e-01 4.494106e-02 1.953241e+00
      vertex 5.321256e-01 5.592865e-02 1.927100e+00
    endloop
  endfacet
  facet normal -2.386747e-01 -3.780235e-02 -9.703635e-01
    outer loop
      vertex 4.275856e-01 4.494106e-02 1.953241e+00
      vertex 4.205456e-01 8.938974e-02 1.953241e+00
      vertex 5.321256e-01 5.592865e-02 1.927100e+00
    endloop
  endfacet
  facet normal -2.386747e-01 -3.780235e-02 -9.703635e-01
    outer loop
      vertex 5.321256e-01 5.592865e-02 1.927100e+00
      vertex 4.205456e-01 8.938974e-02 1.953241e+00
      vertex 5.233644e-01 1.112445e-01 1.927100e+00
    endloop
  endfacet
  facet normal -2.334157e-01 -6.254356e-02 -9.703635e-01
    outer loop
      vertex 4.205456e-01 8.938974e-02 1.953241e+00
      vertex 4.088981e-01 1.328590e-01 1.953241e+00
      vertex 5.233644e-01 1.112445e-01 1.927100e+00
    endloop
  endfacet
  facet normal -2.334157e-01 -6.254356e-02 -9.703635e-01
    outer loop
      vertex 5.233644e-01 1.112445e-01 1.927100e+00
      vertex 4.088981e-01 1.328590e-01 1.953241e+00
      vertex 5.088691e-01 1.653416e-01 1.927100e+00
    endloop
  endfacet
  facet normal -2.255995e-01 -8.659953e-02 -9.703635e-01
    outer loop
      vertex 4.088981e-01 1.328590e-01 1.953241e+00
      vertex 3.927705e-01 1.748727e-01 1.953241e+00
      vertex 5.088691e-01 1.653416e-01 1.927100e+00
    endloop
  endfacet
  facet normal -2.255995e-01 -8.659953e-02 -9.703635e-01
    outer loop
      vertex 5.088691e-01 1.653416e-01 1.927100e+00
      vertex 3.927705e-01 1.748727e-01 1.953241e+00
      vertex 4.887986e-01 2.176272e-01 1.927100e+00
    endloop
  endfacet
  facet normal -2.153115e-01 -1.097067e-01 -9.703635e-01
    outer loop
      vertex 3.927705e-01 1.748727e-01 1.953241e+00
      vertex 3.723397e-01 2.149704e-01 1.953241e+00
      vertex 4.887986e-01 2.176272e-01 1.927100e+00
    endloop
  endfacet
  facet normal -2.153115e-01 -1.097067e-01 -9.703635e-01
    outer loop
      vertex 4.887986e-01 2.176272e-01 1.927100e+00
      vertex 3.723397e-01 2.149704e-01 1.953241e+00
      vertex 4.633727e-01 2.675283e-01 1.927100e+00
    endloop
  endfacet
  facet normal -2.026645e-01 -1.316119e-01 -9.703635e-01
    outer loop
      vertex 3.723397e-01 2.149704e-01 1.953241e+00
      vertex 3.478295e-01 2.527129e-01 1.953241e+00
      vertex 4.633727e-01 2.675283e-01 1.927100e+00
    endloop
  endfacet
  facet normal -2.026645e-01 -1.316119e-01 -9.703635e-01
    outer loop
      vertex 4.633727e-01 2.675283e-01 1.927100e+00
      vertex 3.478295e-01 2.527129e-01 1.953241e+00
      vertex 4.328699e-01 3.144984e-01 1.927100e+00
    endloop
  endfacet
  facet normal -1.877971e-01 -1.520751e-01 -9.703635e-01
    outer loop
      vertex 3.478295e-01 2.527129e-01 1.953241e+00
      vertex 3.195083e-01 2.876866e-01 1.953241e+00
      vertex 4.328699e-01 3.144984e-01 1.927100e+00
    endloop
  endfacet
  facet normal -1.877971e-01 -1.520751e-01 -9.703635e-01
    outer loop
      vertex 4.328699e-01 3.144984e-01 1.927100e+00
      vertex 3.195083e-01 2.876866e-01 1.953241e+00
      vertex 3.976246e-01 3.580228e-01 1.927100e+00
    endloop
  endfacet
  facet normal -1.708722e-01 -1.708722e-01 -9.703635e-01
    outer loop
      vertex 3.195083e-01 2.876866e-01 1.953241e+00
      vertex 2.876866e-01 3.195083e-01 1.953241e+00
      vertex 3.976246e-01 3.580228e-01 1.927100e+00
    endloop
  endfacet
  facet normal -1.708722e-01 -1.708722e-01 -9.703635e-01
    outer loop
      vertex 3.976246e-01 3.580228e-01 1.927100e+00
      vertex 2.876866e-01 3.195083e-01 1.953241e+00
      vertex 3.580228e-01 3.976246e-01 1.927100e+00
    endloop
  endfacet
  facet normal -1.520751e-01 -1.877971e-01 -9.703635e-01
    outer loop
      vertex 2.876866e-01 3.195083e-01 1.953241e+00
      vertex 2.527129e-01 3.478295e-01 1.953241e+00
      vertex 3.580228e-01 3.976246e-01 1.927100e+00
    endloop
  endfacet
  facet normal -1.520751e-01 -1.877971e-01 -9.703635e-01
    outer loop
      vertex 3.580228e-01 3.976246e-01 1.927100e+00
      vertex 2.527129e-01 3.478295e-01 1.953241e+00
      vertex 3.144984e-01 4.328699e-01 1.927100e+00
    endloop
  endfacet
  facet normal -1.316119e-01 -2.026645e-01 -9.703635e-01
    outer loop
      vertex 2.527129e-01 3.478295e-01 1.953241e+00
      vertex 2.149704e-01 3.723397e-01 1.953241e+00
      vertex 3.144984e-01 4.328699e-01 1.927100e+00
    endloop
  endfacet
  facet normal -1.316119e-01 -2.026645e-01 -9.703635e-01
    outer loop
      vertex 3.144984e-01 4.328699e-01 1.927100e+00
      vertex 2.149704e-01 3.723397e-01 1.953241e+00
      vertex 2.675283e-01 4.633727e-01 1.927100e+00
    endloop
  endfacet
  facet normal -1.097067e-01 -2.153115e-01 -9.703635e-01
    outer loop
      vertex 2.149704e-01 3.723397e-01 1.953241e+00
      vertex 1.748727e-01 3.927705e-01 1.953241e+00
      vertex 2.675283e-01 4.633727e-01 1.927100e+00
    endloop
  endfacet
  facet normal -1.097067e-01 -2.153115e-01 -9.703635e-01
    outer loop
      vertex 2.675283e-01 4.633727e-01 1.927100e+00
      vertex 1.748727e-01 3.927705e-01 1.953241e+00
      vertex 2.176272e-01 4.887986e-01 1.927100e+00
    endloop
  endfacet
  facet normal -8.659953e-02 -2.255995e-01 -9.703635e-01
    outer loop
      vertex 1.748727e-01 3.927705e-01 1.953241e+00
      vertex 1.328590e-01 4.088981e-01 1.953241e+00
      vertex 2.176272e-01 4.887986e-01 1.927100e+00
    endloop
  endfacet
  facet normal -8.659953e-02 -2.255995e-01 -9.703635e-01
    outer loop
      vertex 2.176272e-01 4.887986e-01 1.927100e+00
      vertex 1.328590e-01 4.088981e-01 1.953241e+00
      vertex 1.653416e-01 5.088691e-01 1.927100e+00
    endloop
  endfacet
  facet normal -6.254356e-02 -2.334157e-01 -9.703635e-01
    outer loop
      vertex 1.328590e-01 4.088981e-01 1.953241e+00
      vertex 8.938974e-02 4.205456e-01 1.953241e+00
      vertex 1.653416e-01 5.088691e-01 1.927100e+00
    endloop
  endfacet
  facet normal -6.254356e-02 -2.334157e-01 -9.703635e-01
    outer loop
      vertex 1.653416e-01 5.088691e-01 1.927100e+00
      vertex 8.938974e-02 4.205456e-01 1.953241e+00
      vertex 1.112445e-01 5.233644e-01 1.927100e+00
    endloop
  endfacet
  facet normal -3.780235e-02 -2.386747e-01 -9.703635e-01
    outer loop
      vertex 8.938974e-02 4.205456e-01 1.953241e+00
      vertex 4.494106e-02 4.275856e-01 1.953241e+00
      vertex 1.112445e-01 5.233644e-01 1.927100e+00
    endloop
  endfacet
  facet normal -3.780235e-02 -2.386747e-01 -9.703635e-01
    outer loop
      vertex 1.112445e-01 5.233644e-01 1.927100e+00
      vertex 4.494106e-02 4.275856e-01 1.953241e+00
      vertex 5.592865e-02 5.321256e-01 1.927100e+00
    endloop
  endfacet
  facet normal -1.264697e-02 -2.413186e-01 -9.703635e-01
    outer loop
      vertex 4.494106e-02 4.275856e-01 1.953241e+00
      vertex 2.632629e-17 4.299409e-01 1.953241e+00
      vertex 5.592865e-02 5.321256e-01 1.927100e+00
    endloop
  endfacet
  facet normal -1.264697e-02 -2.413186e-01 -9.703635e-01
    outer loop
      vertex 5.592865e-02 5.321256e-01 1.927100e+00
      vertex 2.632629e-17 4.299409e-01 1.953241e+00
      vertex 3.276277e-17 5.350567e-01 1.927100e+00
    endloop
  endfacet
  facet normal 1.264697e-02 -2.413186e-01 -9.703635e-01
    outer loop
      vertex 2.632629e-17 4.299409e-01 1.953241e+00
      vertex -4.494106e-02 4.275856e-01 1.953241e+00
      vertex 3.276277e-17 5.350567e-01 1.927100e+00
    endloop
  endfacet
  facet normal 1.264697e-02 -2.413186e-01 -9.703635e-01
    outer loop
      vertex 3.276277e-17 5.350567e-01 1.927100e+00
      vertex -4.494106e-02 4.275856e-01 1.953241e+00
      vertex -5.592865e-02 5.321256e-01 1.927100e+00
    endloop
  endfacet
  facet normal 3.780235e-02 -2.386747e-01 -9.703635e-01
    outer loop
      vertex -4.494106e-02 4.275856e-01 1.953241e+00
      vertex -8.938974e-02 4.205456e-01 1.953241e+00
      vertex -5.592865e-02 5.321256e-01 1.927100e+00
    endloop
  endfacet
  facet normal 3.780235e-02 -2.386747e-01 -9.703635e-01
    outer loop
      vertex -5.592865e-02 5.321256e-01 1.927100e+00
      vertex -8.938974e-02 4.205456e-01 1.953241e+00
      vertex -1.112445e-01 5.233644e-01 1.927100e+00
    endloop
  endfacet
  facet normal 6.254356e-02 -2.334157e-01 -9.703635e-01
    outer loop
      vertex -8.938974e-02 4.205456e-01 1.953241e+00
      vertex -1.328590e-01 4.088981e-01 1.953241e+00
      vertex -1.112445e-01 5.233644e-01 1.927100e+00
    endloop
  endfacet
  facet normal 6.254356e-02 -2.334157e-01 -9.703635e-01
    outer loop
      vertex -1.112445e-01 5.233644e-01 1.927100e+00
      vertex -1.328590e-01 4.088981e-01 1.953241e+00
      vertex -1.653416e-01 5.088691e-01 1.927100e+00
    endloop
  endfacet
  facet normal 8.659953e-02 -2.255995e-01 -9.703635e-01
    outer loop
      vertex -1.328590e-01 4.088981e-01 1.953241e+00
      vertex -1.748727e-01 3.927705e-01 1.953241e+00
      vertex -1.653416e-01 5.088691e-01 1.927100e+00
    endloop
  endfacet
  facet normal 8.659953e-02 -2.255995e-01 -9.703635e-01
    outer loop
      vertex -1.653416e-01 5.088691e-01 1.927100e+00
      vertex -1.748727e-01 3.927705e-01 1.953241e+00
      vertex -2.176272e-01 4.887986e-01 1.927100e+00
    endloop
  endfacet
  facet normal 1.097067e-01 -2.153115e-01 -9.703635e-01
    outer loop
      vertex -1.748727e-01 3.927705e-01 1.953241e+00
      vertex -2.149704e-01 3.723397e-01 1.953241e+00
      vertex -2.176272e-01 4.887986e-01 1.927100e+00
    endloop
  endfacet
  facet normal 1.097067e-01 -2.153115e-01 -9.703635e-01
    outer loop
      vertex -2.176272e-01 4.887986e-01 1.927100e+00
      vertex -2.149704e-01 3.723397e-01 1.953241e+00
      vertex -2.675283e-01 4.633727e-01 1.927100e+00
    endloop
  endfacet
  facet normal 1.316119e-01 -2.026645e-01 -9.703635e-01
    outer loop
      vertex -2.149704e-01 3.723397e-01 1.953241e+00
      vertex -2.527129e-01 3.478295e-01 1.953241e+00
      vertex -2.675283e-01 4.633727e-01 1.927100e+00
    endloop
  endfacet
  facet normal 1.316119e-01 -2.026645e-01 -9.703635e-01
    outer loop
      vertex -2.675283e-01 4.633727e-01 1.927100e+00
      vertex -2.527129e-01 3.478295e-01 1.953241e+00
      vertex -3.144984e-01 4.328699e-01 1.927100e+00
    endloop
  endfacet
  facet normal 1.520751e-01 -1.877971e-01 -9.703635e-01
    outer loop
      vertex -2.527129e-01 3.478295e-01 1.953241e+00
      vertex -2.876866e-01 3.195083e-01 1.953241e+00
      vertex -3.144984e-01 4.328699e-01 1.927100e+00
    endloop
  endfacet
  facet normal 1.520751e-01 -1.877971e-01 -9.703635e-01
    outer loop
      vertex -3.144984e-01 4.328699e-01 1.927100e+00
      vertex -2.876866e-01 3.195083e-01 1.953241e+00
      vertex -3.580228e-01 3.976246e-01 1.927100e+00
    endloop
  endfacet
  facet normal 1.708722e-01 -1.708722e-01 -9.703635e-01
    outer loop
      vertex -2.876866e-01 3.195083e-01 1.953241e+00
      vertex -3.195083e-01 2.876866e-01 1.953241e+00
      vertex -3.580228e-01 3.976246e-01 1.927100e+00
    endloop
  endfacet
  facet normal 1.708722e-01 -1.708722e-01 -9.703635e-01
    outer loop
      vertex -3.580228e-01 3.976246e-01 1.927100e+00
      vertex -3.195083e-01 2.876866e-01 1.953241e+00
      vertex -3.976246e-01 3.580228e-01 1.927100e+00
    endloop
  endfacet
  facet normal 1.877971e-01 -1.520751e-01 -9.703635e-01
    outer loop
      vertex -3.195083e-01 2.876866e-01 1.953241e+00
      vertex -3.478295e-01 2.527129e-01 1.953241e+00
      vertex -3.976246e-01 3.580228e-01 1.927100e+00
    endloop
  endfacet
  facet normal 1.877971e-01 -1.520751e-01 -9.703635e-01
    outer loop
      vertex -3.976246e-01 3.580228e-01 1.927100e+00
      vertex -3.478295e-01 2.527129e-01 1.953241e+00
      vertex -4.328699e-01 3.144984e-01 1.927100e+00
    endloop
  endfacet
  facet normal 2.026645e-01 -1.316119e-01 -9.703635e-01
    outer loop
      vertex -3.478295e-01 2.527129e-01 1.953241e+00
      vertex -3.723397e-01 2.149704e-01 1.953241e+00
      vertex -4.328699e-01 3.144984e-01 1.927100e+00
    endloop
  endfacet
  facet normal 2.026645e-01 -1.316119e-01 -9.703635e-01
    outer loop
      vertex -4.328699e-01 3.144984e-01 1.927100e+00
      vertex -3.723397e-01 2.149704e-01 1.953241e+00
      vertex -4.633727e-01 2.675283e-01 1.927100e+00
    endloop
  endfacet
  facet normal 2.153115e-01 -1.097067e-01 -9.703635e-01
    outer loop
      vertex -3.723397e-01 2.149704e-01 1.953241e+00
      vertex -3.927705e-01 1.748727e-01 1.953241e+00
      vertex -4.633727e-01 2.675283e-01 1.927100e+00
    endloop
  endfacet
  facet normal 2.153115e-01 -1.097067e-01 -9.703635e-01
    outer loop
      vertex -4.633727e-01 2.675283e-01 1.927100e+00
      vertex -3.927705e-01 1.748727e-01 1.953241e+00
      vertex -4.887986e-01 2.176272e-01 1.927100e+00
    endloop
  endfacet
  facet normal 2.255995e-01 -8.659953e-02 -9.703635e-01
    outer loop
      vertex -3.927705e-01 1.748727e-01 1.953241e+00
      vertex -4.088981e-01 1.328590e-01 1.953241e+00
      vertex -4.887986e-01 2.176272e-01 1.927100e+00
    endloop
  endfacet
  facet normal 2.255995e-01 -8.659953e-02 -9.703635e-01
    outer loop
      vertex -4.887986e-01 2.176272e-01 1.927100e+00
      vertex -4.088981e-01 1.328590e-01 1.953241e+00
      vertex -5.088691e-01 1.653416e-01 1.927100e+00
    endloop
  endfacet
  facet normal 2.334157e-01 -6.254356e-02 -9.703635e-01
    outer loop
      vertex -4.088981e-01 1.328590e-01 1.953241e+00
      vertex -4.205456e-01 8.938974e-02 1.953241e+00
      vertex -5.088691e-01 1.653416e-01 1.927100e+00
    endloop
  endfacet
  facet normal 2.334157e-01 -6.254356e-02 -9.703635e-01
    outer loop
      vertex -5.088691e-01 1.653416e-01 1.927100e+00
      vertex -4.205456e-01 8.938974e-02 1.953241e+00
      vertex -5.233644e-01 1.112445e-01 1.927100e+00
    endloop
  endfacet
  facet normal 2.386747e-01 -3.780235e-02 -9.703635e-01
    outer loop
      vertex -4.205456e-01 8.938974e-02 1.953241e+00
      vertex -4.275856e-01 4.494106e-02 1.953241e+00
      vertex -5.233644e-01 1.112445e-01 1.927100e+00
    endloop
  endfacet
  facet normal 2.386747e-01 -3.780235e-02 -9.703635e-01
    outer loop
      vertex -5.233644e-01 1.112445e-01 1.927100e+00
      vertex -4.275856e-01 4.494106e-02 1.953241e+00
      vertex -5.321256e-01 5.592865e-02 1.927100e+00
    endloop
  endfacet
  facet normal 2.413186e-01 -1.264697e-02 -9.703635e-01
    outer loop
      vertex -4.275856e-01 4.494106e-02 1.953241e+00
      vertex -4.299409e-01 5.265257e-17 1.953241e+00
      vertex -5.321256e-01 5.592865e-02 1.927100e+00
    endloop
  endfacet
  facet normal 2.413186e-01 -1.264697e-02 -9.703635e-01
    outer loop
      vertex -5.321256e-01 5.592865e-02 1.927100e+00
      vertex -4.299409e-01 5.265257e-17 1.953241e+00
      vertex -5.350567e-01 6.552554e-17 1.927100e+00
    endloop
  endfacet
  facet normal 2.413186e-01 1.264697e-02 -9.703635e-01
    outer loop
      vertex -4.299409e-01 5.265257e-17 1.953241e+00
      vertex -4.275856e-01 -4.494106e-02 1.953241e+00
      vertex -5.350567e-01 6.552554e-17 1.927100e+00
    endloop
  endfacet
  facet normal 2.413186e-01 1.264697e-02 -9.703635e-01
    outer loop
      vertex -5.350567e-01 6.552554e-17 1.927100e+00
      vertex -4.275856e-01 -4.494106e-02 1.953241e+00
      vertex -5.321256e-01 -5.592865e-02 1.927100e+00
    endloop
  endfacet
  facet normal 2.386747e-01 3.780235e-02 -9.703635e-01
    outer loop
      vertex -4.275856e-01 -4.494106e-02 1.953241e+00
      vertex -4.205456e-01 -8.938974e-02 1.953241e+00
      vertex -5.321256e-01 -5.592865e-02 1.927100e+00
    endloop
  endfacet
  facet normal 2.386747e-01 3.780235e-02 -9.703635e-01
    outer loop
      vertex -5.321256e-01 -5.592865e-02 1.927100e+00
      vertex -4.205456e-01 -8.938974e-02 1.953241e+00
      vertex -5.233644e-01 -1.112445e-01 1.927100e+00
    endloop
  endfacet
  facet normal 2.334157e-01 6.254356e-02 -9.703635e-01
    outer loop
      vertex -4.205456e-01 -8.938974e-02 1.953241e+00
      vertex -4.088981e-01 -1.328590e-01 1.953241e+00
      vertex -5.233644e-01 -1.112445e-01 1.927100e+00
    endloop
  endfacet
  facet normal 2.334157e-01 6.254356e-02 -9.703635e-01
    outer loop
      vertex -5.233644e-01 -1.112445e-01 1.927100e+00
      vertex -4.088981e-01 -1.328590e-01 1.953241e+00
      vertex -5.088691e-01 -1.653416e-01 1.927100e+00
    endloop
  endfacet
  facet normal 2.255995e-01 8.659953e-02 -9.703635e-01
    outer loop
      vertex -4.088981e-01 -1.328590e-01 1.953241e+00
      vertex -3.927705e-01 -1.748727e-01 1.953241e+00
      vertex -5.088691e-01 -1.653416e-01 1.927100e+00
    endloop
  endfacet
  facet normal 2.255995e-01 8.659953e-02 -9.703635e-01
    outer loop
      vertex -5.088691e-01 -1.653416e-01 1.927100e+00
      vertex -3.927705e-01 -1.748727e-01 1.953241e+00
      vertex -4.887986e-01 -2.176272e-01 1.927100e+00
    endloop
  endfacet
  facet normal 2.153115e-01 1.097067e-01 -9.703635e-01
    outer loop
      vertex -3.927705e-01 -1.748727e-01 1.953241e+00
      vertex -3.723397e-01 -2.149704e-01 1.953241e+00
      vertex -4.887986e-01 -2.176272e-01 1.927100e+00
    endloop
  endfacet
  facet normal 2.153115e-01 1.097067e-01 -9.703635e-01
    outer loop
      vertex -4.887986e-01 -2.176272e-01 1.927100e+00
      vertex -3.723397e-01 -2.149704e-01 1.953241e+00
      vertex -4.633727e-01 -2.675283e-01 1.927100e+00
    endloop
  endfacet
  facet normal 2.026645e-01 1.316119e-01 -9.703635e-01
    outer loop
      vertex -3.723397e-01 -2.149704e-01 1.953241e+00
      vertex -3.478295e-01 -2.527129e-01 1.953241e+00
      vertex -4.633727e-01 -2.675283e-01 1.927100e+00
    endloop
  endfacet
  facet normal 2.026645e-01 1.316119e-01 -9.703635e-01
    outer loop
      vertex -4.633727e-01 -2.675283e-01 1.927100e+00
      vertex -3.478295e-01 -2.527129e-01 1.953241e+00
      vertex -4.328699e-01 -3.144984e-01 1.927100e+00
    endloop
  endfacet
  facet normal 1.877971e-01 1.520751e-01 -9.703635e-01
    outer loop
      vertex -3.478295e-01 -2.527129e-01 1.953241e+00
      vertex -3.195083e-01 -2.876866e-01 1.953241e+00
      vertex -4.328699e-01 -3.144984e-01 1.927100e+00
    endloop
  endfacet
  facet normal 1.877971e-01 1.520751e-01 -9.703635e-01
    outer loop
      vertex -4.328699e-01 -3.144984e-01 1.927100e+00
      vertex -3.195083e-01 -2.876866e-01 1.953241e+00
      vertex -3.976246e-01 -3.580228e-01 1.927100e+00
    endloop
  endfacet
  facet normal 1.708722e-01 1.708722e-01 -9.703635e-01
    outer loop
      vertex -3.195083e-01 -2.876866e-01 1.953241e+00
      vertex -2.876866e-01 -3.195083e-01 1.953241e+00
      vertex -3.976246e-01 -3.580228e-01 1.927100e+00
    endloop
  endfacet
  facet normal 1.708722e-01 1.708722e-01 -9.703635e-01
    outer loop
      vertex -3.976246e-01 -3.580228e-01 1.927100e+00
      vertex -2.876866e-01 -3.195083e-01 1.953241e+00
      vertex -3.580228e-01 -3.976246e-01 1.927100e+00
    endloop
  endfacet
  facet normal 1.520751e-01 1.877971e-01 -9.703635e-01
    outer loop
      vertex -2.876866e-01 -3.195083e-01 1.953241e+00
      vertex -2.527129e-01 -3.478295e-01 1.953241e+00
      vertex -3.580228e-01 -3.976246e-01 1.927100e+00
    endloop
  endfacet
  facet normal 1.520751e-01 1.877971e-01 -9.703635e-01
    outer loop
      vertex -3.580228e-01 -3.976246e-01 1.927100e+00
      vertex -2.527129e-01 -3.478295e-01 1.953241e+00
      vertex -3.144984e-01 -4.328699e-01 1.927100e+00
    endloop
  endfacet
  facet normal 1.316119e-01 2.026645e-01 -9.703635e-01
    outer loop
      vertex -2.527129e-01 -3.478295e-01 1.953241e+00
      vertex -2.149704e-01 -3.723397e-01 1.953241e+00
      vertex -3.144984e-01 -4.328699e-01 1.927100e+00
    endloop
  endfacet
  facet normal 1.316119e-01 2.026645e-01 -9.703635e-01
    outer loop
      vertex -3.144984e-01 -4.328699e-01 1.927100e+00
      vertex -2.149704e-01 -3.723397e-01 1.953241e+00
      vertex -2.675283e-01 -4.633727e-01 1.927100e+00
    endloop
  endfacet
  facet normal 1.097067e-01 2.153115e-01 -9.703635e-01
    outer loop
      vertex -2.149704e-01 -3.723397e-01 1.953241e+00
      vertex -1.748727e-01 -3.927705e-01 1.953241e+00
      vertex -2.675283e-01 -4.633727e-01 1.927100e+00
    endloop
  endfacet
  facet normal 1.097067e-01 2.153115e-01 -9.703635e-01
    outer loop
      vertex -2.675283e-01 -4.633727e-01 1.927100e+00
      vertex -1.748727e-01 -3.927705e-01 1.953241e+00
      vertex -2.176272e-01 -4.887986e-01 1.927100e+00
    endloop
  endfacet
  facet normal 8.659953e-02 2.255995e-01 -9.703635e-01
    outer loop
      vertex -1.748727e-01 -3.927705e-01 1.953241e+00
      vertex -1.328590e-01 -4.088981e-01 1.953241e+00
      vertex -2.176272e-01 -4.887986e-01 1.927100e+00
    endloop
  endfacet
  facet normal 8.659953e-02 2.255995e-01 -9.703635e-01
    outer loop
      vertex -2.176272e-01 -4.887986e-01 1.927100e+00
      vertex -1.328590e-01 -4.088981e-01 1.953241e+00
      vertex -1.653416e-01 -5.088691e-01 1.927100e+00
    endloop
  endfacet
  facet normal 6.254356e-02 2.334157e-01 -9.703635e-01
    outer loop
      vertex -1.328590e-01 -4.088981e-01 1.953241e+00
      vertex -8.938974e-02 -4.205456e-01 1.953241e+00
      vertex -1.653416e-01 -5.088691e-01 1.927100e+00
    endloop
  endfacet
  facet normal 6.254356e-02 2.334157e-01 -9.703635e-01
    outer loop
      vertex -1.653416e-01 -5.088691e-01 1.927100e+00
      vertex -8.938974e-02 -4.205456e-01 1.953241e+00
      vertex -1.112445e-01 -5.233644e-01 1.927100e+00
    endloop
  endfacet
  facet normal 3.780235e-02 2.386747e-01 -9.703635e-01
    outer loop
      vertex -8.938974e-02 -4.205456e-01 1.953241e+00
      vertex -4.494106e-02 -4.275856e-01 1.953241e+00
      vertex -1.112445e-01 -5.233644e-01 1.927100e+00
    endloop
  endfacet
  facet normal 3.780235e-02 2.386747e-01 -9.703635e-01
    outer loop
      vertex -1.112445e-01 -5.233644e-01 1.927100e+00
      vertex -4.494106e-02 -4.275856e-01 1.953241e+00
      vertex -5.592865e-02 -5.321256e-01 1.927100e+00
    endloop
  endfacet
  facet normal 1.264697e-02 2.413186e-01 -9.703635e-01
    outer loop
      vertex -4.494106e-02 -4.275856e-01 1.953241e+00
      vertex -7.897886e-17 -4.299409e-01 1.953241e+00
      vertex -5.592865e-02 -5.321256e-01 1.927100e+00
    endloop
  endfacet
  facet normal 1.264697e-02 2.413186e-01 -9.703635e-01
    outer loop
      vertex -5.592865e-02 -5.321256e-01 1.927100e+00
      vertex -7.897886e-17 -4.299409e-01 1.953241e+00
      vertex -9.828832e-17 -5.350567e-01 1.927100e+00
    endloop
  endfacet
  facet normal -1.264697e-02 2.413186e-01 -9.703635e-01
    outer loop
      vertex -7.897886e-17 -4.299409e-01 1.953241e+00
      vertex 4.494106e-02 -4.275856e-01 1.953241e+00
      vertex -9.828832e-17 -5.350567e-01 1.927100e+00
    endloop
  endfacet
  facet normal -1.264697e-02 2.413186e-01 -9.703635e-01
    outer loop
      vertex -9.828832e-17 -5.350567e-01 1.927100e+00
      vertex 4.494106e-02 -4.275856e-01 1.953241e+00
      vertex 5.592865e-02 -5.321256e-01 1.927100e+00
    endloop
  endfacet
  facet normal -3.780235e-02 2.386747e-01 -9.703635e-01
    outer loop
      vertex 4.494106e-02 -4.275856e-01 1.953241e+00
      vertex 8.938974e-02 -4.205456e-01 1.953241e+00
      vertex 5.592865e-02 -5.321256e-01 1.927100e+00
    endloop
  endfacet
  facet normal -3.780235e-02 2.386747e-01 -9.703635e-01
    outer loop
      vertex 5.592865e-02 -5.321256e-01 1.927100e+00
      vertex 8.938974e-02 -4.205456e-01 1.953241e+00
      vertex 1.112445e-01 -5.233644e-01 1.927100e+00
    endloop
  endfacet
  facet normal -6.254356e-02 2.334157e-01 -9.703635e-01
    outer loop
      vertex 8.938974e-02 -4.205456e-01 1.953241e+00
      vertex 1.328590e-01 -4.088981e-01 1.953241e+00
      vertex 1.112445e-01 -5.233644e-01 1.927100e+00
    endloop
  endfacet
  facet normal -6.254356e-02 2.334157e-01 -9.703635e-01
    outer loop
      vertex 1.112445e-01 -5.233644e-01 1.927100e+00
      vertex 1.328590e-01 -4.088981e-01 1.953241e+00
      vertex 1.653416e-01 -5.088691e-01 1.927100e+00
    endloop
  endfacet
  facet normal -8.659953e-02 2.255995e-01 -9.703635e-01
    outer loop
      vertex 1.328590e-01 -4.088981e-01 1.953241e+00
      vertex 1.748727e-01 -3.927705e-01 1.953241e+00
      vertex 1.653416e-01 -5.088691e-01 1.927100e+00
    endloop
  endfacet
  facet normal -8.659953e-02 2.255995e-01 -9.703635e-01
    outer loop
      vertex 1.653416e-01 -5.088691e-01 1.927100e+00
      vertex 1.748727e-01 -3.927705e-01 1.953241e+00
      vertex 2.176272e-01 -4.887986e-01 1.927100e+00
    endloop
  endfacet
  facet normal -1.097067e-01 2.153115e-01 -9.703635e-01
    outer loop
      vertex 1.748727e-01 -3.927705e-01 1.953241e+00
      vertex 2.149704e-01 -3.723397e-01 1.953241e+00
      vertex 2.176272e-01 -4.887986e-01 1.927100e+00
    endloop
  endfacet
  facet normal -1.097067e-01 2.153115e-01 -9.703635e-01
    outer loop
      vertex 2.176272e-01 -4.887986e-01 1.927100e+00
      vertex 2.149704e-01 -3.723397e-01 1.953241e+00
      vertex 2.675283e-01 -4.633727e-01 1.927100e+00
    endloop
  endfacet
  facet normal -1.316119e-01 2.026645e-01 -9.703635e-01
    outer loop
      vertex 2.149704e-01 -3.723397e-01 1.953241e+00
      vertex 2.527129e-01 -3.478295e-01 1.953241e+00
      vertex 2.675283e-01 -4.633727e-01 1.927100e+00
    endloop
  endfacet
  facet normal -1.316119e-01 2.026645e-01 -9.703635e-01
    outer loop
      vertex 2.675283e-01 -4.633727e-01 1.927100e+00
      vertex 2.527129e-01 -3.478295e-01 1.953241e+00
      vertex 3.144984e-01 -4.328699e-01 1.927100e+00
    endloop
  endfacet
  facet normal -1.520751e-01 1.877971e-01 -9.703635e-01
    outer loop
      vertex 2.527129e-01 -3.478295e-01 1.953241e+00
      vertex 2.876866e-01 -3.195083e-01 1.953241e+00
      vertex 3.144984e-01 -4.328699e-01 1.927100e+00
    endloop
  endfacet
  facet normal -1.520751e-01 1.877971e-01 -9.703635e-01
    outer loop
      vertex 3.144984e-01 -4.328699e-01 1.927100e+00
      vertex 2.876866e-01 -3.195083e-01 1.953241e+00
      vertex 3.580228e-01 -3.976246e-01 1.927100e+00
    endloop
  endfacet
  facet normal -1.708722e-01 1.708722e-01 -9.703635e-01
    outer loop
      vertex 2.876866e-01 -3.195083e-01 1.953241e+00
      vertex 3.195083e-01 -2.876866e-01 1.953241e+00
      vertex 3.580228e-01 -3.976246e-01 1.927100e+00
    endloop
  endfacet
  facet normal -1.708722e-01 1.708722e-01 -9.703635e-01
    outer loop
      vertex 3.580228e-01 -3.976246e-01 1.927100e+00
      vertex 3.195083e-01 -2.876866e-01 1.953241e+00
      vertex 3.976246e-01 -3.580228e-01 1.927100e+00
    endloop
  endfacet
  facet normal -1.877971e-01 1.520751e-01 -9.703635e-01
    outer loop
      vertex 3.195083e-01 -2.876866e-01 1.953241e+00
      vertex 3.478295e-01 -2.527129e-01 1.953241e+00
      vertex 3.976246e-01 -3.580228e-01 1.927100e+00
    endloop
  endfacet
  facet normal -1.877971e-01 1.520751e-01 -9.703635e-01
    outer loop
      vertex 3.976246e-01 -3.580228e-01 1.927100e+00
      vertex 3.478295e-01 -2.527129e-01 1.953241e+00
      vertex 4.328699e-01 -3.144984e-01 1.927100e+00
    endloop
  endfacet
  facet normal -2.026645e-01 1.316119e-01 -9.703635e-01
    outer loop
      vertex 3.478295e-01 -2.527129e-01 1.953241e+00
      vertex 3.723397e-01 -2.149704e-01 1.953241e+00
      vertex 4.328699e-01 -3.144984e-01 1.927100e+00
    endloop
  endfacet
  facet normal -2.026645e-01 1.316119e-01 -9.703635e-01
    outer loop
      vertex 4.328699e-01 -3.144984e-01 1.927100e+00
      vertex 3.723397e-01 -2.149704e-01 1.953241e+00
      vertex 4.633727e-01 -2.675283e-01 1.927100e+00
    endloop
  endfacet
  facet normal -2.153115e-01 1.097067e-01 -9.703635e-01
    outer loop
      vertex 3.723397e-01 -2.149704e-01 1.953241e+00
      vertex 3.927705e-01 -1.748727e-01 1.953241e+00
      vertex 4.633727e-01 -2.675283e-01 1.927100e+00
    endloop
  endfacet
  facet normal -2.153115e-01 1.097067e-01 -9.703635e-01
    outer loop
      vertex 4.633727e-01 -2.675283e-01 1.927100e+00
      vertex 3.927705e-01 -1.748727e-01 1.953241e+00
      vertex 4.887986e-01 -2.176272e-01 1.927100e+00
    endloop
  endfacet
  facet normal -2.255995e-01 8.659953e-02 -9.703635e-01
    outer loop
      vertex 3.927705e-01 -1.748727e-01 1.953241e+00
      vertex 4.088981e-01 -1.328590e-01 1.953241e+00
      vertex 4.887986e-01 -2.176272e-01 1.927100e+00
    endloop
  endfacet
  facet normal -2.255995e-01 8.659953e-02 -9.703635e-01
    outer loop
      vertex 4.887986e-01 -2.176272e-01 1.927100e+00
      vertex 4.088981e-01 -1.328590e-01 1.953241e+00
      vertex 5.088691e-01 -1.653416e-01 1.927100e+00
    endloop
  endfacet
  facet normal -2.334157e-01 6.254356e-02 -9.703635e-01
    outer loop
      vertex 4.088981e-01 -1.328590e-01 1.953241e+00
      vertex 4.205456e-01 -8.938974e-02 1.953241e+00
      vertex 5.088691e-01 -1.653416e-01 1.927100e+00
    endloop
  endfacet
  facet normal -2.334157e-01 6.254356e-02 -9.703635e-01
    outer loop
      vertex 5.088691e-01 -1.653416e-01 1.927100e+00
      vertex 4.205456e-01 -8.938974e-02 1.953241e+00
      vertex 5.233644e-01 -1.112445e-01 1.927100e+00
    endloop
  endfacet
  facet normal -2.386747e-01 3.780235e-02 -9.703635e-01
    outer loop
      vertex 4.205456e-01 -8.938974e-02 1.953241e+00
      vertex 4.275856e-01 -4.494106e-02 1.953241e+00
      vertex 5.233644e-01 -1.112445e-01 1.927100e+00
    endloop
  endfacet
  facet normal -2.386747e-01 3.780235e-02 -9.703635e-01
    outer loop
      vertex 5.233644e-01 -1.112445e-01 1.927100e+00
      vertex 4.275856e-01 -4.494106e-02 1.953241e+00
      vertex 5.321256e-01 -5.592865e-02 1.927100e+00
    endloop
  endfacet
  facet normal -2.413186e-01 1.264697e-02 -9.703635e-01
    outer loop
      vertex 4.275856e-01 -4.494106e-02 1.953241e+00
      vertex 4.299409e-01 0.000000e+00 1.953241e+00
      vertex 5.321256e-01 -5.592865e-02 1.927100e+00
    endloop
  endfacet
  facet normal -2.413186e-01 1.264697e-02 -9.703635e-01
    outer loop
      vertex 5.321256e-01 -5.592865e-02 1.927100e+00
      vertex 4.299409e-01 0.000000e+00 1.953241e+00
      vertex 5.350567e-01 0.000000e+00 1.927100e+00
    endloop
  endfacet
  facet normal -2.934879e-01 -1.538105e-02 -9.558391e-01
    outer loop
      vertex 5.350567e-01 0.000000e+00 1.927100e+00
      vertex 5.321256e-01 5.592865e-02 1.927100e+00
      vertex 6.386031e-01 0.000000e+00 1.895306e+00
    endloop
  endfacet
  facet normal -2.934879e-01 -1.538105e-02 -9.558391e-01
    outer loop
      vertex 6.386031e-01 0.000000e+00 1.895306e+00
      vertex 5.321256e-01 5.592865e-02 1.927100e+00
      vertex 6.351047e-01 6.675220e-02 1.895306e+00
    endloop
  endfacet
  facet normal -2.902723e-01 -4.597462e-02 -9.558391e-01
    outer loop
      vertex 5.321256e-01 5.592865e-02 1.927100e+00
      vertex 5.233644e-01 1.112445e-01 1.927100e+00
      vertex 6.351047e-01 6.675220e-02 1.895306e+00
    endloop
  endfacet
  facet normal -2.902723e-01 -4.597462e-02 -9.558391e-01
    outer loop
      vertex 6.351047e-01 6.675220e-02 1.895306e+00
      vertex 5.233644e-01 1.112445e-01 1.927100e+00
      vertex 6.246481e-01 1.327730e-01 1.895306e+00
    endloop
  endfacet
  facet normal -2.838765e-01 -7.606449e-02 -9.558391e-01
    outer loop
      vertex 5.233644e-01 1.112445e-01 1.927100e+00
      vertex 5.088691e-01 1.653416e-01 1.927100e+00
      vertex 6.246481e-01 1.327730e-01 1.895306e+00
    endloop
  endfacet
  facet normal -2.838765e-01 -7.606449e-02 -9.558391e-01
    outer loop
      vertex 6.246481e-01 1.327730e-01 1.895306e+00
      vertex 5.088691e-01 1.653416e-01 1.927100e+00
      vertex 6.073476e-01 1.973392e-01 1.895306e+00
    endloop
  endfacet
  facet normal -2.743705e-01 -1.053210e-01 -9.558391e-01
    outer loop
      vertex 5.088691e-01 1.653416e-01 1.927100e+00
      vertex 4.887986e-01 2.176272e-01 1.927100e+00
      vertex 6.073476e-01 1.973392e-01 1.895306e+00
    endloop
  endfacet
  facet normal -2.743705e-01 -1.053210e-01 -9.558391e-01
    outer loop
      vertex 6.073476e-01 1.973392e-01 1.895306e+00
      vertex 4.887986e-01 2.176272e-01 1.927100e+00
      vertex 5.833929e-01 2.597433e-01 1.895306e+00
    endloop
  endfacet
  facet normal -2.618585e-01 -1.334235e-01 -9.558391e-01
    outer loop
      vertex 4.887986e-01 2.176272e-01 1.927100e+00
      vertex 4.633727e-01 2.675283e-01 1.927100e+00
      vertex 5.833929e-01 2.597433e-01 1.895306e+00
    endloop
  endfacet
  facet normal -2.618585e-01 -1.334235e-01 -9.558391e-01
    outer loop
      vertex 5.833929e-01 2.597433e-01 1.895306e+00
      vertex 4.633727e-01 2.675283e-01 1.927100e+00
      vertex 5.530465e-01 3.193015e-01 1.895306e+00
    endloop
  endfacet
  facet normal -2.464774e-01 -1.600643e-01 -9.558391e-01
    outer loop
      vertex 4.633727e-01 2.675283e-01 1.927100e+00
      vertex 4.328699e-01 3.144984e-01 1.927100e+00
      vertex 5.530465e-01 3.193015e-01 1.895306e+00
    endloop
  endfacet
  facet normal -2.464774e-01 -1.600643e-01 -9.558391e-01
    outer loop
      vertex 5.530465e-01 3.193015e-01 1.895306e+00
      vertex 4.328699e-01 3.144984e-01 1.927100e+00
      vertex 5.166407e-01 3.753615e-01 1.895306e+00
    endloop
  endfacet
  facet normal -2.283959e-01 -1.849514e-01 -9.558391e-01
    outer loop
      vertex 4.328699e-01 3.144984e-01 1.927100e+00
      vertex 3.976246e-01 3.580228e-01 1.927100e+00
      vertex 5.166407e-01 3.753615e-01 1.895306e+00
    endloop
  endfacet
  facet normal -2.283959e-01 -1.849514e-01 -9.558391e-01
    outer loop
      vertex 5.166407e-01 3.753615e-01 1.895306e+00
      vertex 3.976246e-01 3.580228e-01 1.927100e+00
      vertex 4.745746e-01 4.273089e-01 1.895306e+00
    endloop
  endfacet
  facet normal -2.078120e-01 -2.078120e-01 -9.558391e-01
    outer loop
      vertex 3.976246e-01 3.580228e-01 1.927100e+00
      vertex 3.580228e-01 3.976246e-01 1.927100e+00
      vertex 4.745746e-01 4.273089e-01 1.895306e+00
    endloop
  endfacet
  facet normal -2.078120e-01 -2.078120e-01 -9.558391e-01
    outer loop
      vertex 4.745746e-01 4.273089e-01 1.895306e+00
      vertex 3.580228e-01 3.976246e-01 1.927100e+00
      vertex 4.273089e-01 4.745746e-01 1.895306e+00
    endloop
  endfacet
  facet normal -1.849514e-01 -2.283959e-01 -9.558391e-01
    outer loop
      vertex 3.580228e-01 3.976246e-01 1.927100e+00
      vertex 3.144984e-01 4.328699e-01 1.927100e+00
      vertex 4.273089e-01 4.745746e-01 1.895306e+00
    endloop
  endfacet
  facet normal -1.849514e-01 -2.283959e-01 -9.558391e-01
    outer loop
      vertex 4.273089e-01 4.745746e-01 1.895306e+00
      vertex 3.144984e-01 4.328699e-01 1.927100e+00
      vertex 3.753615e-01 5.166407e-01 1.895306e+00
    endloop
  endfacet
  facet normal -1.600643e-01 -2.464774e-01 -9.558391e-01
    outer loop
      vertex 3.144984e-01 4.328699e-01 1.927100e+00
      vertex 2.675283e-01 4.633727e-01 1.927100e+00
      vertex 3.753615e-01 5.166407e-01 1.895306e+00
    endloop
  endfacet
  facet normal -1.600643e-01 -2.464774e-01 -9.558391e-01
    outer loop
      vertex 3.753615e-01 5.166407e-01 1.895306e+00
      vertex 2.675283e-01 4.633727e-01 1.927100e+00
      vertex 3.193015e-01 5.530465e-01 1.895306e+00
    endloop
  endfacet
  facet normal -1.334235e-01 -2.618585e-01 -9.558391e-01
    outer loop
      vertex 2.675283e-01 4.633727e-01 1.927100e+00
      vertex 2.176272e-01 4.887986e-01 1.927100e+00
      vertex 3.193015e-01 5.530465e-01 1.895306e+00
    endloop
  endfacet
  facet normal -1.334235e-01 -2.618585e-01 -9.558391e-01
    outer loop
      vertex 3.193015e-01 5.530465e-01 1.895306e+00
      vertex 2.176272e-01 4.887986e-01 1.927100e+00
      vertex 2.597433e-01 5.833929e-01 1.895306e+00
    endloop
  endfacet
  facet normal -1.053210e-01 -2.743705e-01 -9.558391e-01
    outer loop
      vertex 2.176272e-01 4.887986e-01 1.927100e+00
      vertex 1.653416e-01 5.088691e-01 1.927100e+00
      vertex 2.597433e-01 5.833929e-01 1.895306e+00
    endloop
  endfacet
  facet normal -1.053210e-01 -2.743705e-01 -9.558391e-01
    outer loop
      vertex 2.597433e-01 5.833929e-01 1.895306e+00
      vertex 1.653416e-01 5.088691e-01 1.927100e+00
      vertex 1.973392e-01 6.073476e-01 1.895306e+00
    endloop
  endfacet
  facet normal -7.606449e-02 -2.838765e-01 -9.558391e-01
    outer loop
      vertex 1.653416e-01 5.088691e-01 1.927100e+00
      vertex 1.112445e-01 5.233644e-01 1.927100e+00
      vertex 1.973392e-01 6.073476e-01 1.895306e+00
    endloop
  endfacet
  facet normal -7.606449e-02 -2.838765e-01 -9.558391e-01
    outer loop
      vertex 1.973392e-01 6.073476e-01 1.895306e+00
      vertex 1.112445e-01 5.233644e-01 1.927100e+00
      vertex 1.327730e-01 6.246481e-01 1.895306e+00
    endloop
  endfacet
  facet normal -4.597462e-02 -2.902723e-01 -9.558391e-01
    outer loop
      vertex 1.112445e-01 5.233644e-01 1.927100e+00
      vertex 5.592865e-02 5.321256e-01 1.927100e+00
      vertex 1.327730e-01 6.246481e-01 1.895306e+00
    endloop
  endfacet
  facet normal -4.597462e-02 -2.902723e-01 -9.558391e-01
    outer loop
      vertex 1.327730e-01 6.246481e-01 1.895306e+00
      vertex 5.592865e-02 5.321256e-01 1.927100e+00
      vertex 6.675220e-02 6.351047e-01 1.895306e+00
    endloop
  endfacet
  facet normal -1.538105e-02 -2.934879e-01 -9.558391e-01
    outer loop
      vertex 5.592865e-02 5.321256e-01 1.927100e+00
      vertex 3.276277e-17 5.350567e-01 1.927100e+00
      vertex 6.675220e-02 6.351047e-01 1.895306e+00
    endloop
  endfacet
  facet normal -1.538105e-02 -2.934879e-01 -9.558391e-01
    outer loop
      vertex 6.675220e-02 6.351047e-01 1.895306e+00
      vertex 3.276277e-17 5.350567e-01 1.927100e+00
      vertex 3.910316e-17 6.386031e-01 1.895306e+00
    endloop
  endfacet
  facet normal 1.538105e-02 -2.934879e-01 -9.558391e-01
    outer loop
      vertex 3.276277e-17 5.350567e-01 1.927100e+00
      vertex -5.592865e-02 5.321256e-01 1.927100e+00
      vertex 3.910316e-17 6.386031e-01 1.895306e+00
    endloop
  endfacet
  facet normal 1.538105e-02 -2.934879e-01 -9.558391e-01
    outer loop
      vertex 3.910316e-17 6.386031e-01 1.895306e+00
      vertex -5.592865e-02 5.321256e-01 1.927100e+00
      vertex -6.675220e-02 6.351047e-01 1.895306e+00
    endloop
  endfacet
  facet normal 4.597462e-02 -2.902723e-01 -9.558391e-01
    outer loop
      vertex -5.592865e-02 5.321256e-01 1.927100e+00
      vertex -1.112445e-01 5.233644e-01 1.927100e+00
      vertex -6.675220e-02 6.351047e-01 1.895306e+00
    endloop
  endfacet
  facet normal 4.597462e-02 -2.902723e-01 -9.558391e-01
    outer loop
      vertex -6.675220e-02 6.351047e-01 1.895306e+00
      vertex -1.112445e-01 5.233644e-01 1.927100e+00
      vertex -1.327730e-01 6.246481e-01 1.895306e+00
    endloop
  endfacet
  facet normal 7.606449e-02 -2.838765e-01 -9.558391e-01
    outer loop
      vertex -1.112445e-01 5.233644e-01 1.927100e+00
      vertex -1.653416e-01 5.088691e-01 1.927100e+00
      vertex -1.327730e-01 6.246481e-01 1.895306e+00
    endloop
  endfacet
  facet normal 7.606449e-02 -2.838765e-01 -9.558391e-01
    outer loop
      vertex -1.327730e-01 6.246481e-01 1.895306e+00
      vertex -1.653416e-01 5.088691e-01 1.927100e+00
      vertex -1.973392e-01 6.073476e-01 1.895306e+00
    endloop
  endfacet
  facet normal 1.053210e-01 -2.743705e-01 -9.558391e-01
    outer loop
      vertex -1.653416e-01 5.088691e-01 1.927100e+00
      vertex -2.176272e-01 4.887986e-01 1.927100e+00
      vertex -1.973392e-01 6.073476e-01 1.895306e+00
    endloop
  endfacet
  facet normal 1.053210e-01 -2.743705e-01 -9.558391e-01
    outer loop
      vertex -1.973392e-01 6.073476e-01 1.895306e+00
      vertex -2.176272e-01 4.887986e-01 1.927100e+00
      vertex -2.597433e-01 5.833929e-01 1.895306e+00
    endloop
  endfacet
  facet normal 1.334235e-01 -2.618585e-01 -9.558391e-01
    outer loop
      vertex -2.176272e-01 4.887986e-01 1.927100e+00
      vertex -2.675283e-01 4.633727e-01 1.927100e+00
      vertex -2.597433e-01 5.833929e-01 1.895306e+00
    endloop
  endfacet
  facet normal 1.334235e-01 -2.618585e-01 -9.558391e-01
    outer loop
      vertex -2.597433e-01 5.833929e-01 1.895306e+00
      vertex -2.675283e-01 4.633727e-01 1.927100e+00
      vertex -3.193015e-01 5.530465e-01 1.895306e+00
    endloop
  endfacet
  facet normal 1.600643e-01 -2.464774e-01 -9.558391e-01
    outer loop
      vertex -2.675283e-01 4.633727e-01 1.927100e+00
      vertex -3.144984e-01 4.328699e-01 1.927100e+00
      vertex -3.193015e-01 5.530465e-01 1.895306e+00
    endloop
  endfacet
  facet normal 1.600643e-01 -2.464774e-01 -9.558391e-01
    outer loop
      vertex -3.193015e-01 5.530465e-01 1.895306e+00
      vertex -3.144984e-01 4.328699e-01 1.927100e+00
      vertex -3.753615e-01 5.166407e-01 1.895306e+00
    endloop
  endfacet
  facet normal 1.849514e-01 -2.283959e-01 -9.558391e-01
    outer loop
      vertex -3.144984e-01 4.328699e-01 1.927100e+00
      vertex -3.580228e-01 3.976246e-01 1.927100e+00
      vertex -3.753615e-01 5.166407e-01 1.895306e+00
    endloop
  endfacet
  facet normal 1.849514e-01 -2.283959e-01 -9.558391e-01
    outer loop
      vertex -3.753615e-01 5.166407e-01 1.895306e+00
      vertex -3.580228e-01 3.976246e-01 1.927100e+00
      vertex -4.273089e-01 4.745746e-01 1.895306e+00
    endloop
  endfacet
  facet normal 2.078120e-01 -2.078120e-01 -9.558391e-01
    outer loop
      vertex -3.580228e-01 3.976246e-01 1.927100e+00
      vertex -3.976246e-01 3.580228e-01 1.927100e+00
      vertex -4.273089e-01 4.745746e-01 1.895306e+00
    endloop
  endfacet
  facet normal 2.078120e-01 -2.078120e-01 -9.558391e-01
    outer loop
      vertex -4.273089e-01 4.745746e-01 1.895306e+00
      vertex -3.976246e-01 3.580228e-01 1.927100e+00
      vertex -4.745746e-01 4.273089e-01 1.895306e+00
    endloop
  endfacet
  facet normal 2.283959e-01 -1.849514e-01 -9.558391e-01
    outer loop
      vertex -3.976246e-01 3.580228e-01 1.927100e+00
      vertex -4.328699e-01 3.144984e-01 1.927100e+00
      vertex -4.745746e-01 4.273089e-01 1.895306e+00
    endloop
  endfacet
  facet normal 2.283959e-01 -1.849514e-01 -9.558391e-01
    outer loop
      vertex -4.745746e-01 4.273089e-01 1.895306e+00
      vertex -4.328699e-01 3.144984e-01 1.927100e+00
      vertex -5.166407e-01 3.753615e-01 1.895306e+00
    endloop
  endfacet
  facet normal 2.464774e-01 -1.600643e-01 -9.558391e-01
    outer loop
      vertex -4.328699e-01 3.144984e-01 1.927100e+00
      vertex -4.633727e-01 2.675283e-01 1.927100e+00
      vertex -5.166407e-01 3.753615e-01 1.895306e+00
    endloop
  endfacet
  facet normal 2.464774e-01 -1.600643e-01 -9.558391e-01
    outer loop
      vertex -5.166407e-01 3.753615e-01 1.895306e+00
      vertex -4.633727e-01 2.675283e-01 1.927100e+00
      vertex -5.530465e-01 3.193015e-01 1.895306e+00
    endloop
  endfacet
  facet normal 2.618585e-01 -1.334235e-01 -9.558391e-01
    outer loop
      vertex -4.633727e-01 2.675283e-01 1.927100e+00
      vertex -4.887986e-01 2.176272e-01 1.927100e+00
      vertex -5.530465e-01 3.193015e-01 1.895306e+00
    endloop
  endfacet
  facet normal 2.618585e-01 -1.334235e-01 -9.558391e-01
    outer loop
      vertex -5.530465e-01 3.193015e-01 1.895306e+00
      vertex -4.887986e-01 2.176272e-01 1.927100e+00
      vertex -5.833929e-01 2.597433e-01 1.895306e+00
    endloop
  endfacet
  facet normal 2.743705e-01 -1.053210e-01 -9.558391e-01
    outer loop
      vertex -4.887986e-01 2.176272e-01 1.927100e+00
      vertex -5.088691e-01 1.653416e-01 1.927100e+00
      vertex -5.833929e-01 2.597433e-01 1.895306e+00
    endloop
  endfacet
  facet normal 2.743705e-01 -1.053210e-01 -9.558391e-01
    outer loop
      vertex -5.833929e-01 2.597433e-01 1.895306e+00
      vertex -5.088691e-01 1.653416e-01 1.927100e+00
      vertex -6.073476e-01 1.973392e-01 1.895306e+00
    endloop
  endfacet
  facet normal 2.838765e-01 -7.606449e-02 -9.558391e-01
    outer loop
      vertex -5.088691e-01 1.653416e-01 1.927100e+00
      vertex -5.233644e-01 1.112445e-01 1.927100e+00
      vertex -6.073476e-01 1.973392e-01 1.895306e+00
    endloop
  endfacet
  facet normal 2.838765e-01 -7.606449e-02 -9.558391e-01
    outer loop
      vertex -6.073476e-01 1.973392e-01 1.895306e+00
      vertex -5.233644e-01 1.112445e-01 1.927100e+00
      vertex -6.246481e-01 1.327730e-01 1.895306e+00
    endloop
  endfacet
  facet normal 2.902723e-01 -4.597462e-02 -9.558391e-01
    outer loop
      vertex -5.233644e-01 1.112445e-01 1.927100e+00
      vertex -5.321256e-01 5.592865e-02 1.927100e+00
      vertex -6.246481e-01 1.327730e-01 1.895306e+00
    endloop
  endfacet
  facet normal 2.902723e-01 -4.597462e-02 -9.558391e-01
    outer loop
      vertex -6.246481e-01 1.327730e-01 1.895306e+00
      vertex -5.321256e-01 5.592865e-02 1.927100e+00
      vertex -6.351047e-01 6.675220e-02 1.895306e+00
    endloop
  endfacet
  facet normal 2.934879e-01 -1.538105e-02 -9.558391e-01
    outer loop
      vertex -5.321256e-01 5.592865e-02 1.927100e+00
      vertex -5.350567e-01 6.552554e-17 1.927100e+00
      vertex -6.351047e-01 6.675220e-02 1.895306e+00
    endloop
  endfacet
  facet normal 2.934879e-01 -1.538105e-02 -9.558391e-01
    outer loop
      vertex -6.351047e-01 6.675220e-02 1.895306e+00
      vertex -5.350567e-01 6.552554e-17 1.927100e+00
      vertex -6.386031e-01 7.820632e-17 1.895306e+00
    endloop
  endfacet
  facet normal 2.934879e-01 1.538105e-02 -9.558391e-01
    outer loop
      vertex -5.350567e-01 6.552554e-17 1.927100e+00
      vertex -5.321256e-01 -5.592865e-02 1.927100e+00
      vertex -6.386031e-01 7.820632e-17 1.895306e+00
    endloop
  endfacet
  facet normal 2.934879e-01 1.538105e-02 -9.558391e-01
    outer loop
      vertex -6.386031e-01 7.820632e-17 1.895306e+00
      vertex -5.321256e-01 -5.592865e-02 1.927100e+00
      vertex -6.351047e-01 -6.675220e-02 1.895306e+00
    endloop
  endfacet
  facet normal 2.902723e-01 4.597462e-02 -9.558391e-01
    outer loop
      vertex -5.321256e-01 -5.592865e-02 1.927100e+00
      vertex -5.233644e-01 -1.112445e-01 1.927100e+00
      vertex -6.351047e-01 -6.675220e-02 1.895306e+00
    endloop
  endfacet
  facet normal 2.902723e-01 4.597462e-02 -9.558391e-01
    outer loop
      vertex -6.351047e-01 -6.675220e-02 1.895306e+00
      vertex -5.233644e-01 -1.112445e-01 1.927100e+00
      vertex -6.246481e-01 -1.327730e-01 1.895306e+00
    endloop
  endfacet
  facet normal 2.838765e-01 7.606449e-02 -9.558391e-01
    outer loop
      vertex -5.233644e-01 -1.112445e-01 1.927100e+00
      vertex -5.088691e-01 -1.653416e-01 1.927100e+00
      vertex -6.246481e-01 -1.327730e-01 1.895306e+00
    endloop
  endfacet
  facet normal 2.838765e-01 7.606449e-02 -9.558391e-01
    outer loop
      vertex -6.246481e-01 -1.327730e-01 1.895306e+00
      vertex -5.088691e-01 -1.653416e-01 1.927100e+00
      vertex -6.073476e-01 -1.973392e-01 1.895306e+00
    endloop
  endfacet
  facet normal 2.743705e-01 1.053210e-01 -9.558391e-01
    outer loop
      vertex -5.088691e-01 -1.653416e-01 1.927100e+00
      vertex -4.887986e-01 -2.176272e-01 1.927100e+00
      vertex -6.073476e-01 -1.973392e-01 1.895306e+00
    endloop
  endfacet
  facet normal 2.743705e-01 1.053210e-01 -9.558391e-01
    outer loop
      vertex -6.073476e-01 -1.973392e-01 1.895306e+00
      vertex -4.887986e-01 -2.176272e-01 1.927100e+00
      vertex -5.833929e-01 -2.597433e-01 1.895306e+00
    endloop
  endfacet
  facet normal 2.618585e-01 1.334235e-01 -9.558391e-01
    outer loop
      vertex -4.887986e-01 -2.176272e-01 1.927100e+00
      vertex -4.633727e-01 -2.675283e-01 1.927100e+00
      vertex -5.833929e-01 -2.597433e-01 1.895306e+00
    endloop
  endfacet
  facet normal 2.618585e-01 1.334235e-01 -9.558391e-01
    outer loop
      vertex -5.833929e-01 -2.597433e-01 1.895306e+00
      vertex -4.633727e-01 -2.675283e-01 1.927100e+00
      vertex -5.530465e-01 -3.193015e-01 1.895306e+00
    endloop
  endfacet
  facet normal 2.464774e-01 1.600643e-01 -9.558391e-01
    outer loop
      vertex -4.633727e-01 -2.675283e-01 1.927100e+00
      vertex -4.328699e-01 -3.144984e-01 1.927100e+00
      vertex -5.530465e-01 -3.193015e-01 1.895306e+00
    endloop
  endfacet
  facet normal 2.464774e-01 1.600643e-01 -9.558391e-01
    outer loop
      vertex -5.530465e-01 -3.193015e-01 1.895306e+00
      vertex -4.328699e-01 -3.144984e-01 1.927100e+00
      vertex -5.166407e-01 -3.753615e-01 1.895306e+00
    endloop
  endfacet
  facet normal 2.283959e-01 1.849514e-01 -9.558391e-01
    outer loop
      vertex -4.328699e-01 -3.144984e-01 1.927100e+00
      vertex -3.976246e-01 -3.580228e-01 1.927100e+00
      vertex -5.166407e-01 -3.753615e-01 1.895306e+00
    endloop
  endfacet
  facet normal 2.283959e-01 1.849514e-01 -9.558391e-01
    outer loop
      vertex -5.166407e-01 -3.753615e-01 1.895306e+00
      vertex -3.976246e-01 -3.580228e-01 1.927100e+00
      vertex -4.745746e-01 -4.273089e-01 1.895306e+00
    endloop
  endfacet
  facet normal 2.078120e-01 2.078120e-01 -9.558391e-01
    outer loop
      vertex -3.976246e-01 -3.580228e-01 1.927100e+00
      vertex -3.580228e-01 -3.976246e-01 1.927100e+00
      vertex -4.745746e-01 -4.273089e-01 1.895306e+00
    endloop
  endfacet
  facet normal 2.078120e-01 2.078120e-01 -9.558391e-01
    outer loop
      vertex -4.745746e-01 -4.273089e-01 1.895306e+00
      vertex -3.580228e-01 -3.976246e-01 1.927100e+00
      vertex -4.273089e-01 -4.745746e-01 1.895306e+00
    endloop
  endfacet
  facet normal 1.849514e-01 2.283959e-01 -9.558391e-01
    outer loop
      vertex -3.580228e-01 -3.976246e-01 1.927100e+00
      vertex -3.144984e-01 -4.328699e-01 1.927100e+00
      vertex -4.273089e-01 -4.745746e-01 1.895306e+00
    endloop
  endfacet
  facet normal 1.849514e-01 2.283959e-01 -9.558391e-01
    outer loop
      vertex -4.273089e-01 -4.745746e-01 1.895306e+00
      vertex -3.144984e-01 -4.328699e-01 1.927100e+00
      vertex -3.753615e-01 -5.166407e-01 1.895306e+00
    endloop
  endfacet
  facet normal 1.600643e-01 2.464774e-01 -9.558391e-01
    outer loop
      vertex -3.144984e-01 -4.328699e-01 1.927100e+00
      vertex -2.675283e-01 -4.633727e-01 1.927100e+00
      vertex -3.753615e-01 -5.166407e-01 1.895306e+00
    endloop
  endfacet
  facet normal 1.600643e-01 2.464774e-01 -9.558391e-01
    outer loop
      vertex -3.753615e-01 -5.166407e-01 1.895306e+00
      vertex -2.675283e-01 -4.633727e-01 1.927100e+00
      vertex -3.193015e-01 -5.530465e-01 1.895306e+00
    endloop
  endfacet
  facet normal 1.334235e-01 2.618585e-01 -9.558391e-01
    outer loop
      vertex -2.675283e-01 -4.633727e-01 1.927100e+00
      vertex -2.176272e-01 -4.887986e-01 1.927100e+00
      vertex -3.193015e-01 -5.530465e-01 1.895306e+00
    endloop
  endfacet
  facet normal 1.334235e-01 2.618585e-01 -9.558391e-01
    outer loop
      vertex -3.193015e-01 -5.530465e-01 1.895306e+00
      vertex -2.176272e-01 -4.887986e-01 1.927100e+00
      vertex -2.597433e-01 -5.833929e-01 1.895306e+00
    endloop
  endfacet
  facet normal 1.053210e-01 2.743705e-01 -9.558391e-01
    outer loop
      vertex -2.176272e-01 -4.887986e-01 1.927100e+00
      vertex -1.653416e-01 -5.088691e-01 1.927100e+00
      vertex -2.597433e-01 -5.833929e-01 1.895306e+00
    endloop
  endfacet
  facet normal 1.053210e-01 2.743705e-01 -9.558391e-01
    outer loop
      vertex -2.597433e-01 -5.833929e-01 1.895306e+00
      vertex -1.653416e-01 -5.088691e-01 1.927100e+00
      vertex -1.973392e-01 -6.073476e-01 1.895306e+00
    endloop
  endfacet
  facet normal 7.606449e-02 2.838765e-01 -9.558391e-01
    outer loop
      vertex -1.653416e-01 -5.088691e-01 1.927100e+00
      vertex -1.112445e-01 -5.233644e-01 1.927100e+00
      vertex -1.973392e-01 -6.073476e-01 1.895306e+00
    endloop
  endfacet
  facet normal 7.606449e-02 2.838765e-01 -9.558391e-01
    outer loop
      vertex -1.973392e-01 -6.073476e-01 1.895306e+00
      vertex -1.112445e-01 -5.233644e-01 1.927100e+00
      vertex -1.327730e-01 -6.246481e-01 1.895306e+00
    endloop
  endfacet
  facet normal 4.597462e-02 2.902723e-01 -9.558391e-01
    outer loop
      vertex -1.112445e-01 -5.233644e-01 1.927100e+00
      vertex -5.592865e-02 -5.321256e-01 1.927100e+00
      vertex -1.327730e-01 -6.246481e-01 1.895306e+00
    endloop
  endfacet
  facet normal 4.597462e-02 2.902723e-01 -9.558391e-01
    outer loop
      vertex -1.327730e-01 -6.246481e-01 1.895306e+00
      vertex -5.592865e-02 -5.321256e-01 1.927100e+00
      vertex -6.675220e-02 -6.351047e-01 1.895306e+00
    endloop
  endfacet
  facet normal 1.538105e-02 2.934879e-01 -9.558391e-01
    outer loop
      vertex -5.592865e-02 -5.321256e-01 1.927100e+00
      vertex -9.828832e-17 -5.350567e-01 1.927100e+00
      vertex -6.675220e-02 -6.351047e-01 1.895306e+00
    endloop
  endfacet
  facet normal 1.538105e-02 2.934879e-01 -9.558391e-01
    outer loop
      vertex -6.675220e-02 -6.351047e-01 1.895306e+00
      vertex -9.828832e-17 -5.350567e-01 1.927100e+00
      vertex -1.173095e-16 -6.386031e-01 1.895306e+00
    endloop
  endfacet
  facet normal -1.538105e-02 2.934879e-01 -9.558391e-01
    outer loop
      vertex -9.828832e-17 -5.350567e-01 1.927100e+00
      vertex 5.592865e-02 -5.321256e-01 1.927100e+00
      vertex -1.173095e-16 -6.386031e-01 1.895306e+00
    endloop
  endfacet
  facet normal -1.538105e-02 2.934879e-01 -9.558391e-01
    outer loop
      vertex -1.173095e-16 -6.386031e-01 1.895306e+00
      vertex 5.592865e-02 -5.321256e-01 1.927100e+00
      vertex 6.675220e-02 -6.351047e-01 1.895306e+00
    endloop
  endfacet
  facet normal -4.597462e-02 2.902723e-01 -9.558391e-01
    outer loop
      vertex 5.592865e-02 -5.321256e-01 1.927100e+00
      vertex 1.112445e-01 -5.233644e-01 1.927100e+00
      vertex 6.675220e-02 -6.351047e-01 1.895306e+00
    endloop
  endfacet
  facet normal -4.597462e-02 2.902723e-01 -9.558391e-01
    outer loop
      vertex 6.675220e-02 -6.351047e-01 1.895306e+00
      vertex 1.112445e-01 -5.233644e-01 1.927100e+00
      vertex 1.327730e-01 -6.246481e-01 1.895306e+00
    endloop
  endfacet
  facet normal -7.606449e-02 2.838765e-01 -9.558391e-01
    outer loop
      vertex 1.112445e-01 -5.233644e-01 1.927100e+00
      vertex 1.653416e-01 -5.088691e-01 1.927100e+00
      vertex 1.327730e-01 -6.246481e-01 1.895306e+00
    endloop
  endfacet
  facet normal -7.606449e-02 2.838765e-01 -9.558391e-01
    outer loop
      vertex 1.327730e-01 -6.246481e-01 1.895306e+00
      vertex 1.653416e-01 -5.088691e-01 1.927100e+00
      vertex 1.973392e-01 -6.073476e-01 1.895306e+00
    endloop
  endfacet
  facet normal -1.053210e-01 2.743705e-01 -9.558391e-01
    outer loop
      vertex 1.653416e-01 -5.088691e-01 1.927100e+00
      vertex 2.176272e-01 -4.887986e-01 1.927100e+00
      vertex 1.973392e-01 -6.073476e-01 1.895306e+00
    endloop
  endfacet
  facet normal -1.053210e-01 2.743705e-01 -9.558391e-01
    outer loop
      vertex 1.973392e-01 -6.073476e-01 1.895306e+00
      vertex 2.176272e-01 -4.887986e-01 1.927100e+00
      vertex 2.597433e-01 -5.833929e-01 1.895306e+00
    endloop
  endfacet
  facet normal -1.334235e-01 2.618585e-01 -9.558391e-01
    outer loop
      vertex 2.176272e-01 -4.887986e-01 1.927100e+00
      vertex 2.675283e-01 -4.633727e-01 1.927100e+00
      vertex 2.597433e-01 -5.833929e-01 1.895306e+00
    endloop
  endfacet
  facet normal -1.334235e-01 2.618585e-01 -9.558391e-01
    outer loop
      vertex 2.597433e-01 -5.833929e-01 1.895306e+00
      vertex 2.675283e-01 -4.633727e-01 1.927100e+00
      vertex 3.193015e-01 -5.530465e-01 1.895306e+00
    endloop
  endfacet
  facet normal -1.600643e-01 2.464774e-01 -9.558391e-01
    outer loop
      vertex 2.675283e-01 -4.633727e-01 1.927100e+00
      vertex 3.144984e-01 -4.328699e-01 1.927100e+00
      vertex 3.193015e-01 -5.530465e-01 1.895306e+00
    endloop
  endfacet
  facet normal -1.600643e-01 2.464774e-01 -9.558391e-01
    outer loop
      vertex 3.193015e-01 -5.530465e-01 1.895306e+00
      vertex 3.144984e-01 -4.328699e-01 1.927100e+00
      vertex 3.753615e-01 -5.166407e-01 1.895306e+00
    endloop
  endfacet
  facet normal -1.849514e-01 2.283959e-01 -9.558391e-01
    outer loop
      vertex 3.144984e-01 -4.328699e-01 1.927100e+00
      vertex 3.580228e-01 -3.976246e-01 1.927100e+00
      vertex 3.753615e-01 -5.166407e-01 1.895306e+00
    endloop
  endfacet
  facet normal -1.849514e-01 2.283959e-01 -9.558391e-01
    outer loop
      vertex 3.753615e-01 -5.166407e-01 1.895306e+00
      vertex 3.580228e-01 -3.976246e-01 1.927100e+00
      vertex 4.273089e-01 -4.745746e-01 1.895306e+00
    endloop
  endfacet
  facet normal -2.078120e-01 2.078120e-01 -9.558391e-01
    outer loop
      vertex 3.580228e-01 -3.976246e-01 1.927100e+00
      vertex 3.976246e-01 -3.580228e-01 1.927100e+00
      vertex 4.273089e-01 -4.745746e-01 1.895306e+00
    endloop
  endfacet
  facet normal -2.078120e-01 2.078120e-01 -9.558391e-01
    outer loop
      vertex 4.273089e-01 -4.745746e-01 1.895306e+00
      vertex 3.976246e-01 -3.580228e-01 1.927100e+00
      vertex 4.745746e-01 -4.273089e-01 1.895306e+00
    endloop
  endfacet
  facet normal -2.283959e-01 1.849514e-01 -9.558391e-01
    outer loop
      vertex 3.976246e-01 -3.580228e-01 1.927100e+00
      vertex 4.328699e-01 -3.144984e-01 1.927100e+00
      vertex 4.745746e-01 -4.273089e-01 1.895306e+00
    endloop
  endfacet
  facet normal -2.283959e-01 1.849514e-01 -9.558391e-01
    outer loop
      vertex 4.745746e-01 -4.273089e-01 1.895306e+00
      vertex 4.328699e-01 -3.144984e-01 1.927100e+00
      vertex 5.166407e-01 -3.753615e-01 1.895306e+00
    endloop
  endfacet
  facet normal -2.464774e-01 1.600643e-01 -9.558391e-01
    outer loop
      vertex 4.328699e-01 -3.144984e-01 1.927100e+00
      vertex 4.633727e-01 -2.675283e-01 1.927100e+00
      vertex 5.166407e-01 -3.753615e-01 1.895306e+00
    endloop
  endfacet
  facet normal -2.464774e-01 1.600643e-01 -9.558391e-01
    outer loop
      vertex 5.166407e-01 -3.753615e-01 1.895306e+00
      vertex 4.633727e-01 -2.675283e-01 1.927100e+00
      vertex 5.530465e-01 -3.193015e-01 1.895306e+00
    endloop
  endfacet
  facet normal -2.618585e-01 1.334235e-01 -9.558391e-01
    outer loop
      vertex 4.633727e-01 -2.675283e-01 1.927100e+00
      vertex 4.887986e-01 -2.176272e-01 1.927100e+00
      vertex 5.530465e-01 -3.193015e-01 1.895306e+00
    endloop
  endfacet
  facet normal -2.618585e-01 1.334235e-01 -9.558391e-01
    outer loop
      vertex 5.530465e-01 -3.193015e-01 1.895306e+00
      vertex 4.887986e-01 -2.176272e-01 1.927100e+00
      vertex 5.833929e-01 -2.597433e-01 1.895306e+00
    endloop
  endfacet
  facet normal -2.743705e-01 1.053210e-01 -9.558391e-01
    outer loop
      vertex 4.887986e-01 -2.176272e-01 1.927100e+00
      vertex 5.088691e-01 -1.653416e-01 1.927100e+00
      vertex 5.833929e-01 -2.597433e-01 1.895306e+00
    endloop
  endfacet
  facet normal -2.743705e-01 1.053210e-01 -9.558391e-01
    outer loop
      vertex 5.833929e-01 -2.597433e-01 1.895306e+00
      vertex 5.088691e-01 -1.653416e-01 1.927100e+00
      vertex 6.073476e-01 -1.973392e-01 1.895306e+00
    endloop
  endfacet
  facet normal -2.838765e-01 7.606449e-02 -9.558391e-01
    outer loop
      vertex 5.088691e-01 -1.653416e-01 1.927100e+00
      vertex 5.233644e-01 -1.112445e-01 1.927100e+00
      vertex 6.073476e-01 -1.973392e-01 1.895306e+00
    endloop
  endfacet
  facet normal -2.838765e-01 7.606449e-02 -9.558391e-01
    outer loop
      vertex 6.073476e-01 -1.973392e-01 1.895306e+00
      vertex 5.233644e-01 -1.112445e-01 1.927100e+00
      vertex 6.246481e-01 -1.327730e-01 1.895306e+00
    endloop
  endfacet
  facet normal -2.902723e-01 4.597462e-02 -9.558391e-01
    outer loop
      vertex 5.233644e-01 -1.112445e-01 1.927100e+00
      vertex 5.321256e-01 -5.592865e-02 1.927100e+00
      vertex 6.246481e-01 -1.327730e-01 1.895306e+00
    endloop
  endfacet
  facet normal -2.902723e-01 4.597462e-02 -9.558391e-01
    outer loop
      vertex 6.246481e-01 -1.327730e-01 1.895306e+00
      vertex 5.321256e-01 -5.592865e-02 1.927100e+00
      vertex 6.351047e-01 -6.675220e-02 1.895306e+00
    endloop
  endfacet
  facet normal -2.934879e-01 1.538105e-02 -9.558391e-01
    outer loop
      vertex 5.321256e-01 -5.592865e-02 1.927100e+00
      vertex 5.350567e-01 0.000000e+00 1.927100e+00
      vertex 6.351047e-01 -6.675220e-02 1.895306e+00
    endloop
  endfacet
  facet normal -2.934879e-01 1.538105e-02 -9.558391e-01
    outer loop
      vertex 6.351047e-01 -6.675220e-02 1.895306e+00
      vertex 5.350567e-01 0.000000e+00 1.927100e+00
      vertex 6.386031e-01 0.000000e+00 1.895306e+00
    endloop
  endfacet
  facet normal -3.447900e-01 -1.806968e-02 -9.385059e-01
    outer loop
      vertex 6.386031e-01 0.000000e+00 1.895306e+00
      vertex 6.351047e-01 6.675220e-02 1.895306e+00
      vertex 7.402763e-01 0.000000e+00 1.857953e+00
    endloop
  endfacet
  facet normal -3.447900e-01 -1.806968e-02 -9.385059e-01
    outer loop
      vertex 7.402763e-01 0.000000e+00 1.857953e+00
      vertex 6.351047e-01 6.675220e-02 1.895306e+00
      vertex 7.362210e-01 7.737995e-02 1.857953e+00
    endloop
  endfacet
  facet normal -3.410124e-01 -5.401106e-02 -9.385059e-01
    outer loop
      vertex 6.351047e-01 6.675220e-02 1.895306e+00
      vertex 6.246481e-01 1.327730e-01 1.895306e+00
      vertex 7.362210e-01 7.737995e-02 1.857953e+00
    endloop
  endfacet
  facet normal -3.410124e-01 -5.401106e-02 -9.385059e-01
    outer loop
      vertex 7.362210e-01 7.737995e-02 1.857953e+00
      vertex 6.246481e-01 1.327730e-01 1.895306e+00
      vertex 7.240995e-01 1.539121e-01 1.857953e+00
    endloop
  endfacet
  facet normal -3.334986e-01 -8.936068e-02 -9.385059e-01
    outer loop
      vertex 6.246481e-01 1.327730e-01 1.895306e+00
      vertex 6.073476e-01 1.973392e-01 1.895306e+00
      vertex 7.240995e-01 1.539121e-01 1.857953e+00
    endloop
  endfacet
  facet normal -3.334986e-01 -8.936068e-02 -9.385059e-01
    outer loop
      vertex 7.240995e-01 1.539121e-01 1.857953e+00
      vertex 6.073476e-01 1.973392e-01 1.895306e+00
      vertex 7.040446e-01 2.287580e-01 1.857953e+00
    endloop
  endfacet
  facet normal -3.223309e-01 -1.237313e-01 -9.385059e-01
    outer loop
      vertex 6.073476e-01 1.973392e-01 1.895306e+00
      vertex 5.833929e-01 2.597433e-01 1.895306e+00
      vertex 7.040446e-01 2.287580e-01 1.857953e+00
    endloop
  endfacet
  facet normal -3.223309e-01 -1.237313e-01 -9.385059e-01
    outer loop
      vertex 7.040446e-01 2.287580e-01 1.857953e+00
      vertex 5.833929e-01 2.597433e-01 1.895306e+00
      vertex 6.762761e-01 3.010975e-01 1.857953e+00
    endloop
  endfacet
  facet normal -3.076317e-01 -1.567462e-01 -9.385059e-01
    outer loop
      vertex 5.833929e-01 2.597433e-01 1.895306e+00
      vertex 5.530465e-01 3.193015e-01 1.895306e+00
      vertex 6.762761e-01 3.010975e-01 1.857953e+00
    endloop
  endfacet
  facet normal -3.076317e-01 -1.567462e-01 -9.385059e-01
    outer loop
      vertex 6.762761e-01 3.010975e-01 1.857953e+00
      vertex 5.530465e-01 3.193015e-01 1.895306e+00
      vertex 6.410981e-01 3.701382e-01 1.857953e+00
    endloop
  endfacet
  facet normal -2.895621e-01 -1.880438e-01 -9.385059e-01
    outer loop
      vertex 5.530465e-01 3.193015e-01 1.895306e+00
      vertex 5.166407e-01 3.753615e-01 1.895306e+00
      vertex 6.410981e-01 3.701382e-01 1.857953e+00
    endloop
  endfacet
  facet normal -2.895621e-01 -1.880438e-01 -9.385059e-01
    outer loop
      vertex 6.410981e-01 3.701382e-01 1.857953e+00
      vertex 5.166407e-01 3.753615e-01 1.895306e+00
      vertex 5.988961e-01 4.351235e-01 1.857953e+00
    endloop
  endfacet
  facet normal -2.683199e-01 -2.172812e-01 -9.385059e-01
    outer loop
      vertex 5.166407e-01 3.753615e-01 1.895306e+00
      vertex 4.745746e-01 4.273089e-01 1.895306e+00
      vertex 5.988961e-01 4.351235e-01 1.857953e+00
    endloop
  endfacet
  facet normal -2.683199e-01 -2.172812e-01 -9.385059e-01
    outer loop
      vertex 5.988961e-01 4.351235e-01 1.857953e+00
      vertex 4.745746e-01 4.273089e-01 1.895306e+00
      vertex 5.501325e-01 4.953415e-01 1.857953e+00
    endloop
  endfacet
  facet normal -2.441379e-01 -2.441379e-01 -9.385059e-01
    outer loop
      vertex 4.745746e-01 4.273089e-01 1.895306e+00
      vertex 4.273089e-01 4.745746e-01 1.895306e+00
      vertex 5.501325e-01 4.953415e-01 1.857953e+00
    endloop
  endfacet
  facet normal -2.441379e-01 -2.441379e-01 -9.385059e-01
    outer loop
      vertex 5.501325e-01 4.953415e-01 1.857953e+00
      vertex 4.273089e-01 4.745746e-01 1.895306e+00
      vertex 4.953415e-01 5.501325e-01 1.857953e+00
    endloop
  endfacet
  facet normal -2.172812e-01 -2.683199e-01 -9.385059e-01
    outer loop
      vertex 4.273089e-01 4.745746e-01 1.895306e+00
      vertex 3.753615e-01 5.166407e-01 1.895306e+00
      vertex 4.953415e-01 5.501325e-01 1.857953e+00
    endloop
  endfacet
  facet normal -2.172812e-01 -2.683199e-01 -9.385059e-01
    outer loop
      vertex 4.953415e-01 5.501325e-01 1.857953e+00
      vertex 3.753615e-01 5.166407e-01 1.895306e+00
      vertex 4.351235e-01 5.988961e-01 1.857953e+00
    endloop
  endfacet
  facet normal -1.880438e-01 -2.895621e-01 -9.385059e-01
    outer loop
      vertex 3.753615e-01 5.166407e-01 1.895306e+00
      vertex 3.193015e-01 5.530465e-01 1.895306e+00
      vertex 4.351235e-01 5.988961e-01 1.857953e+00
    endloop
  endfacet
  facet normal -1.880438e-01 -2.895621e-01 -9.385059e-01
    outer loop
      vertex 4.351235e-01 5.988961e-01 1.857953e+00
      vertex 3.193015e-01 5.530465e-01 1.895306e+00
      vertex 3.701382e-01 6.410981e-01 1.857953e+00
    endloop
  endfacet
  facet normal -1.567462e-01 -3.076317e-01 -9.385059e-01
    outer loop
      vertex 3.193015e-01 5.530465e-01 1.895306e+00
      vertex 2.597433e-01 5.833929e-01 1.895306e+00
      vertex 3.701382e-01 6.410981e-01 1.857953e+00
    endloop
  endfacet
  facet normal -1.567462e-01 -3.076317e-01 -9.385059e-01
    outer loop
      vertex 3.701382e-01 6.410981e-01 1.857953e+00
      vertex 2.597433e-01 5.833929e-01 1.895306e+00
      vertex 3.010975e-01 6.762761e-01 1.857953e+00
    endloop
  endfacet
  facet normal -1.237313e-01 -3.223309e-01 -9.385059e-01
    outer loop
      vertex 2.597433e-01 5.833929e-01 1.895306e+00
      vertex 1.973392e-01 6.073476e-01 1.895306e+00
      vertex 3.010975e-01 6.762761e-01 1.857953e+00
    endloop
  endfacet
  facet normal -1.237313e-01 -3.223309e-01 -9.385059e-01
    outer loop
      vertex 3.010975e-01 6.762761e-01 1.857953e+00
      vertex 1.973392e-01 6.073476e-01 1.895306e+00
      vertex 2.287580e-01 7.040446e-01 1.857953e+00
    endloop
  endfacet
  facet normal -8.936068e-02 -3.334986e-01 -9.385059e-01
    outer loop
      vertex 1.973392e-01 6.073476e-01 1.895306e+00
      vertex 1.327730e-01 6.246481e-01 1.895306e+00
      vertex 2.287580e-01 7.040446e-01 1.857953e+00
    endloop
  endfacet
  facet normal -8.936068e-02 -3.334986e-01 -9.385059e-01
    outer loop
      vertex 2.287580e-01 7.040446e-01 1.857953e+00
      vertex 1.327730e-01 6.246481e-01 1.895306e+00
      vertex 1.539121e-01 7.240995e-01 1.857953e+00
    endloop
  endfacet
  facet normal -5.401106e-02 -3.410124e-01 -9.385059e-01
    outer loop
      vertex 1.327730e-01 6.246481e-01 1.895306e+00
      vertex 6.675220e-02 6.351047e-01 1.895306e+00
      vertex 1.539121e-01 7.240995e-01 1.857953e+00
    endloop
  endfacet
  facet normal -5.401106e-02 -3.410124e-01 -9.385059e-01
    outer loop
      vertex 1.539121e-01 7.240995e-01 1.857953e+00
      vertex 6.675220e-02 6.351047e-01 1.895306e+00
      vertex 7.737995e-02 7.362210e-01 1.857953e+00
    endloop
  endfacet
  facet normal -1.806968e-02 -3.447900e-01 -9.385059e-01
    outer loop
      vertex 6.675220e-02 6.351047e-01 1.895306e+00
      vertex 3.910316e-17 6.386031e-01 1.895306e+00
      vertex 7.737995e-02 7.362210e-01 1.857953e+00
    endloop
  endfacet
  facet normal -1.806968e-02 -3.447900e-01 -9.385059e-01
    outer loop
      vertex 7.737995e-02 7.362210e-01 1.857953e+00
      vertex 3.910316e-17 6.386031e-01 1.895306e+00
      vertex 4.532885e-17 7.402763e-01 1.857953e+00
    endloop
  endfacet
  facet normal 1.806968e-02 -3.447900e-01 -9.385059e-01
    outer loop
      vertex 3.910316e-17 6.386031e-01 1.895306e+00
      vertex -6.675220e-02 6.351047e-01 1.895306e+00
      vertex 4.532885e-17 7.402763e-01 1.857953e+00
    endloop
  endfacet
  facet normal 1.806968e-02 -3.447900e-01 -9.385059e-01
    outer loop
      vertex 4.532885e-17 7.402763e-01 1.857953e+00
      vertex -6.675220e-02 6.351047e-01 1.895306e+00
      vertex -7.737995e-02 7.362210e-01 1.857953e+00
    endloop
  endfacet
  facet normal 5.401106e-02 -3.410124e-01 -9.385059e-01
    outer loop
      vertex -6.675220e-02 6.351047e-01 1.895306e+00
      vertex -1.327730e-01 6.246481e-01 1.895306e+00
      vertex -7.737995e-02 7.362210e-01 1.857953e+00
    endloop
  endfacet
  facet normal 5.401106e-02 -3.410124e-01 -9.385059e-01
    outer loop
      vertex -7.737995e-02 7.362210e-01 1.857953e+00
      vertex -1.327730e-01 6.246481e-01 1.895306e+00
      vertex -1.539121e-01 7.240995e-01 1.857953e+00
    endloop
  endfacet
  facet normal 8.936068e-02 -3.334986e-01 -9.385059e-01
    outer loop
      vertex -1.327730e-01 6.246481e-01 1.895306e+00
      vertex -1.973392e-01 6.073476e-01 1.895306e+00
      vertex -1.539121e-01 7.240995e-01 1.857953e+00
    endloop
  endfacet
  facet normal 8.936068e-02 -3.334986e-01 -9.385059e-01
    outer loop
      vertex -1.539121e-01 7.240995e-01 1.857953e+00
      vertex -1.973392e-01 6.073476e-01 1.895306e+00
      vertex -2.287580e-01 7.040446e-01 1.857953e+00
    endloop
  endfacet
  facet normal 1.237313e-01 -3.223309e-01 -9.385059e-01
    outer loop
      vertex -1.973392e-01 6.073476e-01 1.895306e+00
      vertex -2.597433e-01 5.833929e-01 1.895306e+00
      vertex -2.287580e-01 7.040446e-01 1.857953e+00
    endloop
  endfacet
  facet normal 1.237313e-01 -3.223309e-01 -9.385059e-01
    outer loop
      vertex -2.287580e-01 7.040446e-01 1.857953e+00
      vertex -2.597433e-01 5.833929e-01 1.895306e+00
      vertex -3.010975e-01 6.762761e-01 1.857953e+00
    endloop
  endfacet
  facet normal 1.567462e-01 -3.076317e-01 -9.385059e-01
    outer loop
      vertex -2.597433e-01 5.833929e-01 1.895306e+00
      vertex -3.193015e-01 5.530465e-01 1.895306e+00
      vertex -3.010975e-01 6.762761e-01 1.857953e+00
    endloop
  endfacet
  facet normal 1.567462e-01 -3.076317e-01 -9.385059e-01
    outer loop
      vertex -3.010975e-01 6.762761e-01 1.857953e+00
      vertex -3.193015e-01 5.530465e-01 1.895306e+00
      vertex -3.701382e-01 6.410981e-01 1.857953e+00
    endloop
  endfacet
  facet normal 1.880438e-01 -2.895621e-01 -9.385059e-01
    outer loop
      vertex -3.193015e-01 5.530465e-01 1.895306e+00
      vertex -3.753615e-01 5.166407e-01 1.895306e+00
      vertex -3.701382e-01 6.410981e-01 1.857953e+00
    endloop
  endfacet
  facet normal 1.880438e-01 -2.895621e-01 -9.385059e-01
    outer loop
      vertex -3.701382e-01 6.410981e-01 1.857953e+00
      vertex -3.753615e-01 5.166407e-01 1.895306e+00
      vertex -4.351235e-01 5.988961e-01 1.857953e+00
    endloop
  endfacet
  facet normal 2.172812e-01 -2.683199e-01 -9.385059e-01
    outer loop
      vertex -3.753615e-01 5.166407e-01 1.895306e+00
      vertex -4.273089e-01 4.745746e-01 1.895306e+00
      vertex -4.351235e-01 5.988961e-01 1.857953e+00
    endloop
  endfacet
  facet normal 2.172812e-01 -2.683199e-01 -9.385059e-01
    outer loop
      vertex -4.351235e-01 5.988961e-01 1.857953e+00
      vertex -4.273089e-01 4.745746e-01 1.895306e+00
      vertex -4.953415e-01 5.501325e-01 1.857953e+00
    endloop
  endfacet
  facet normal 2.441379e-01 -2.441379e-01 -9.385059e-01
    outer loop
      vertex -4.273089e-01 4.745746e-01 1.895306e+00
      vertex -4.745746e-01 4.273089e-01 1.895306e+00
      vertex -4.953415e-01 5.501325e-01 1.857953e+00
    endloop
  endfacet
  facet normal 2.441379e-01 -2.441379e-01 -9.385059e-01
    outer loop
      vertex -4.953415e-01 5.501325e-01 1.857953e+00
      vertex -4.745746e-01 4.273089e-01 1.895306e+00
      vertex -5.501325e-01 4.953415e-01 1.857953e+00
    endloop
  endfacet
  facet normal 2.683199e-01 -2.172812e-01 -9.385059e-01
    outer loop
      vertex -4.745746e-01 4.273089e-01 1.895306e+00
      vertex -5.166407e-01 3.753615e-01 1.895306e+00
      vertex -5.501325e-01 4.953415e-01 1.857953e+00
    endloop
  endfacet
  facet normal 2.683199e-01 -2.172812e-01 -9.385059e-01
    outer loop
      vertex -5.501325e-01 4.953415e-01 1.857953e+00
      vertex -5.166407e-01 3.753615e-01 1.895306e+00
      vertex -5.988961e-01 4.351235e-01 1.857953e+00
    endloop
  endfacet
  facet normal 2.895621e-01 -1.880438e-01 -9.385059e-01
    outer loop
      vertex -5.166407e-01 3.753615e-01 1.895306e+00
      vertex -5.530465e-01 3.193015e-01 1.895306e+00
      vertex -5.988961e-01 4.351235e-01 1.857953e+00
    endloop
  endfacet
  facet normal 2.895621e-01 -1.880438e-01 -9.385059e-01
    outer loop
      vertex -5.988961e-01 4.351235e-01 1.857953e+00
      vertex -5.530465e-01 3.193015e-01 1.895306e+00
      vertex -6.410981e-01 3.701382e-01 1.857953e+00
    endloop
  endfacet
  facet normal 3.076317e-01 -1.567462e-01 -9.385059e-01
    outer loop
      vertex -5.530465e-01 3.193015e-01 1.895306e+00
      vertex -5.833929e-01 2.597433e-01 1.895306e+00
      vertex -6.410981e-01 3.701382e-01 1.857953e+00
    endloop
  endfacet
  facet normal 3.076317e-01 -1.567462e-01 -9.385059e-01
    outer loop
      vertex -6.410981e-01 3.701382e-01 1.857953e+00
      vertex -5.833929e-01 2.597433e-01 1.895306e+00
      vertex -6.762761e-01 3.010975e-01 1.857953e+00
    endloop
  endfacet
  facet normal 3.223309e-01 -1.237313e-01 -9.385059e-01
    outer loop
      vertex -5.833929e-01 2.597433e-01 1.895306e+00
      vertex -6.073476e-01 1.973392e-01 1.895306e+00
      vertex -6.762761e-01 3.010975e-01 1.857953e+00
    endloop
  endfacet
  facet normal 3.223309e-01 -1.237313e-01 -9.385059e-01
    outer loop
      vertex -6.762761e-01 3.010975e-01 1.857953e+00
      vertex -6.073476e-01 1.973392e-01 1.895306e+00
      vertex -7.040446e-01 2.287580e-01 1.857953e+00
    endloop
  endfacet
  facet normal 3.334986e-01 -8.936068e-02 -9.385059e-01
    outer loop
      vertex -6.073476e-01 1.973392e-01 1.895306e+00
      vertex -6.246481e-01 1.327730e-01 1.895306e+00
      vertex -7.040446e-01 2.287580e-01 1.857953e+00
    endloop
  endfacet
  facet normal 3.334986e-01 -8.936068e-02 -9.385059e-01
    outer loop
      vertex -7.040446e-01 2.287580e-01 1.857953e+00
      vertex -6.246481e-01 1.327730e-01 1.895306e+00
      vertex -7.240995e-01 1.539121e-01 1.857953e+00
    endloop
  endfacet
  facet normal 3.410124e-01 -5.401106e-02 -9.385059e-01
    outer loop
      vertex -6.246481e-01 1.327730e-01 1.895306e+00
      vertex -6.351047e-01 6.675220e-02 1.895306e+00
      vertex -7.240995e-01 1.539121e-01 1.857953e+00
    endloop
  endfacet
  facet normal 3.410124e-01 -5.401106e-02 -9.385059e-01
    outer loop
      vertex -7.240995e-01 1.539121e-01 1.857953e+00
      vertex -6.351047e-01 6.675220e-02 1.895306e+00
      vertex -7.362210e-01 7.737995e-02 1.857953e+00
    endloop
  endfacet
  facet normal 3.447900e-01 -1.806968e-02 -9.385059e-01
    outer loop
      vertex -6.351047e-01 6.675220e-02 1.895306e+00
      vertex -6.386031e-01 7.820632e-17 1.895306e+00
      vertex -7.362210e-01 7.737995e-02 1.857953e+00
    endloop
  endfacet
  facet normal 3.447900e-01 -1.806968e-02 -9.385059e-01
    outer loop
      vertex -7.362210e-01 7.737995e-02 1.857953e+00
      vertex -6.386031e-01 7.820632e-17 1.895306e+00
      vertex -7.402763e-01 9.065770e-17 1.857953e+00
    endloop
  endfacet
  facet normal 3.447900e-01 1.806968e-02 -9.385059e-01
    outer loop
      vertex -6.386031e-01 7.820632e-17 1.895306e+00
      vertex -6.351047e-01 -6.675220e-02 1.895306e+00
      vertex -7.402763e-01 9.065770e-17 1.857953e+00
    endloop
  endfacet
  facet normal 3.447900e-01 1.806968e-02 -9.385059e-01
    outer loop
      vertex -7.402763e-01 9.065770e-17 1.857953e+00
      vertex -6.351047e-01 -6.675220e-02 1.895306e+00
      vertex -7.362210e-01 -7.737995e-02 1.857953e+00
    endloop
  endfacet
  facet normal 3.410124e-01 5.401106e-02 -9.385059e-01
    outer loop
      vertex -6.351047e-01 -6.675220e-02 1.895306e+00
      vertex -6.246481e-01 -1.327730e-01 1.895306e+00
      vertex -7.362210e-01 -7.737995e-02 1.857953e+00
    endloop
  endfacet
  facet normal 3.410124e-01 5.401106e-02 -9.385059e-01
    outer loop
      vertex -7.362210e-01 -7.737995e-02 1.857953e+00
      vertex -6.246481e-01 -1.327730e-01 1.895306e+00
      vertex -7.240995e-01 -1.539121e-01 1.857953e+00
    endloop
  endfacet
  facet normal 3.334986e-01 8.936068e-02 -9.385059e-01
    outer loop
      vertex -6.246481e-01 -1.327730e-01 1.895306e+00
      vertex -6.073476e-01 -1.973392e-01 1.895306e+00
      vertex -7.240995e-01 -1.539121e-01 1.857953e+00
    endloop
  endfacet
  facet normal 3.334986e-01 8.936068e-02 -9.385059e-01
    outer loop
      vertex -7.240995e-01 -1.539121e-01 1.857953e+00
      vertex -6.073476e-01 -1.973392e-01 1.895306e+00
      vertex -7.040446e-01 -2.287580e-01 1.857953e+00
    endloop
  endfacet
  facet normal 3.223309e-01 1.237313e-01 -9.385059e-01
    outer loop
      vertex -6.073476e-01 -1.973392e-01 1.895306e+00
      vertex -5.833929e-01 -2.597433e-01 1.895306e+00
      vertex -7.040446e-01 -2.287580e-01 1.857953e+00
    endloop
  endfacet
  facet normal 3.223309e-01 1.237313e-01 -9.385059e-01
    outer loop
      vertex -7.040446e-01 -2.287580e-01 1.857953e+00
      vertex -5.833929e-01 -2.597433e-01 1.895306e+00
      vertex -6.762761e-01 -3.010975e-01 1.857953e+00
    endloop
  endfacet
  facet normal 3.076317e-01 1.567462e-01 -9.385059e-01
    outer loop
      vertex -5.833929e-01 -2.597433e-01 1.895306e+00
      vertex -5.530465e-01 -3.193015e-01 1.895306e+00
      vertex -6.762761e-01 -3.010975e-01 1.857953e+00
    endloop
  endfacet
  facet normal 3.076317e-01 1.567462e-01 -9.385059e-01
    outer loop
      vertex -6.762761e-01 -3.010975e-01 1.857953e+00
      vertex -5.530465e-01 -3.193015e-01 1.895306e+00
      vertex -6.410981e-01 -3.701382e-01 1.857953e+00
    endloop
  endfacet
  facet normal 2.895621e-01 1.880438e-01 -9.385059e-01
    outer loop
      vertex -5.530465e-01 -3.193015e-01 1.895306e+00
      vertex -5.166407e-01 -3.753615e-01 1.895306e+00
      vertex -6.410981e-01 -3.701382e-01 1.857953e+00
    endloop
  endfacet
  facet normal 2.895621e-01 1.880438e-01 -9.385059e-01
    outer loop
      vertex -6.410981e-01 -3.701382e-01 1.857953e+00
      vertex -5.166407e-01 -3.753615e-01 1.895306e+00
      vertex -5.988961e-01 -4.351235e-01 1.857953e+00
    endloop
  endfacet
  facet normal 2.683199e-01 2.172812e-01 -9.385059e-01
    outer loop
      vertex -5.166407e-01 -3.753615e-01 1.895306e+00
      vertex -4.745746e-01 -4.273089e-01 1.895306e+00
      vertex -5.988961e-01 -4.351235e-01 1.857953e+00
    endloop
  endfacet
  facet normal 2.683199e-01 2.172812e-01 -9.385059e-01
    outer loop
      vertex -5.988961e-01 -4.351235e-01 1.857953e+00
      vertex -4.745746e-01 -4.273089e-01 1.895306e+00
      vertex -5.501325e-01 -4.953415e-01 1.857953e+00
    endloop
  endfacet
  facet normal 2.441379e-01 2.441379e-01 -9.385059e-01
    outer loop
      vertex -4.745746e-01 -4.273089e-01 1.895306e+00
      vertex -4.273089e-01 -4.745746e-01 1.895306e+00
      vertex -5.501325e-01 -4.953415e-01 1.857953e+00
    endloop
  endfacet
  facet normal 2.441379e-01 2.441379e-01 -9.385059e-01
    outer loop
      vertex -5.501325e-01 -4.953415e-01 1.857953e+00
      vertex -4.273089e-01 -4.745746e-01 1.895306e+00
      vertex -4.953415e-01 -5.501325e-01 1.857953e+00
    endloop
  endfacet
  facet normal 2.172812e-01 2.683199e-01 -9.385059e-01
    outer loop
      vertex -4.273089e-01 -4.745746e-01 1.895306e+00
      vertex -3.753615e-01 -5.166407e-01 1.895306e+00
      vertex -4.953415e-01 -5.501325e-01 1.857953e+00
    endloop
  endfacet
  facet normal 2.172812e-01 2.683199e-01 -9.385059e-01
    outer loop
      vertex -4.953415e-01 -5.501325e-01 1.857953e+00
      vertex -3.753615e-01 -5.166407e-01 1.895306e+00
      vertex -4.351235e-01 -5.988961e-01 1.857953e+00
    endloop
  endfacet
  facet normal 1.880438e-01 2.895621e-01 -9.385059e-01
    outer loop
      vertex -3.753615e-01 -5.166407e-01 1.895306e+00
      vertex -3.193015e-01 -5.530465e-01 1.895306e+00
      vertex -4.351235e-01 -5.988961e-01 1.857953e+00
    endloop
  endfacet
  facet normal 1.880438e-01 2.895621e-01 -9.385059e-01
    outer loop
      vertex -4.351235e-01 -5.988961e-01 1.857953e+00
      vertex -3.193015e-01 -5.530465e-01 1.895306e+00
      vertex -3.701382e-01 -6.410981e-01 1.857953e+00
    endloop
  endfacet
  facet normal 1.567462e-01 3.076317e-01 -9.385059e-01
    outer loop
      vertex -3.193015e-01 -5.530465e-01 1.895306e+00
      vertex -2.597433e-01 -5.833929e-01 1.895306e+00
      vertex -3.701382e-01 -6.410981e-01 1.857953e+00
    endloop
  endfacet
  facet normal 1.567462e-01 3.076317e-01 -9.385059e-01
    outer loop
      vertex -3.701382e-01 -6.410981e-01 1.857953e+00
      vertex -2.597433e-01 -5.833929e-01 1.895306e+00
      vertex -3.010975e-01 -6.762761e-01 1.857953e+00
    endloop
  endfacet
  facet normal 1.237313e-01 3.223309e-01 -9.385059e-01
    outer loop
      vertex -2.597433e-01 -5.833929e-01 1.895306e+00
      vertex -1.973392e-01 -6.073476e-01 1.895306e+00
      vertex -3.010975e-01 -6.762761e-01 1.857953e+00
    endloop
  endfacet
  facet normal 1.237313e-01 3.223309e-01 -9.385059e-01
    outer loop
      vertex -3.010975e-01 -6.762761e-01 1.857953e+00
      vertex -1.973392e-01 -6.073476e-01 1.895306e+00
      vertex -2.287580e-01 -7.040446e-01 1.857953e+00
    endloop
  endfacet
  facet normal 8.936068e-02 3.334986e-01 -9.385059e-01
    outer loop
      vertex -1.973392e-01 -6.073476e-01 1.895306e+00
      vertex -1.327730e-01 -6.246481e-01 1.895306e+00
      vertex -2.287580e-01 -7.040446e-01 1.857953e+00
    endloop
  endfacet
  facet normal 8.936068e-02 3.334986e-01 -9.385059e-01
    outer loop
      vertex -2.287580e-01 -7.040446e-01 1.857953e+00
      vertex -1.327730e-01 -6.246481e-01 1.895306e+00
      vertex -1.539121e-01 -7.240995e-01 1.857953e+00
    endloop
  endfacet
  facet normal 5.401106e-02 3.410124e-01 -9.385059e-01
    outer loop
      vertex -1.327730e-01 -6.246481e-01 1.895306e+00
      vertex -6.675220e-02 -6.351047e-01 1.895306e+00
      vertex -1.539121e-01 -7.240995e-01 1.857953e+00
    endloop
  endfacet
  facet normal 5.401106e-02 3.410124e-01 -9.385059e-01
    outer loop
      vertex -1.539121e-01 -7.240995e-01 1.857953e+00
      vertex -6.675220e-02 -6.351047e-01 1.895306e+00
      vertex -7.737995e-02 -7.362210e-01 1.857953e+00
    endloop
  endfacet
  facet normal 1.806968e-02 3.447900e-01 -9.385059e-01
    outer loop
      vertex -6.675220e-02 -6.351047e-01 1.895306e+00
      vertex -1.173095e-16 -6.386031e-01 1.895306e+00
      vertex -7.737995e-02 -7.362210e-01 1.857953e+00
    endloop
  endfacet
  facet normal 1.806968e-02 3.447900e-01 -9.385059e-01
    outer loop
      vertex -7.737995e-02 -7.362210e-01 1.857953e+00
      vertex -1.173095e-16 -6.386031e-01 1.895306e+00
      vertex -1.359866e-16 -7.402763e-01 1.857953e+00
    endloop
  endfacet
  facet normal -1.806968e-02 3.447900e-01 -9.385059e-01
    outer loop
      vertex -1.173095e-16 -6.386031e-01 1.895306e+00
      vertex 6.675220e-02 -6.351047e-01 1.895306e+00
      vertex -1.359866e-16 -7.402763e-01 1.857953e+00
    endloop
  endfacet
  facet normal -1.806968e-02 3.447900e-01 -9.385059e-01
    outer loop
      vertex -1.359866e-16 -7.402763e-01 1.857953e+00
      vertex 6.675220e-02 -6.351047e-01 1.895306e+00
      vertex 7.737995e-02 -7.362210e-01 1.857953e+00
    endloop
  endfacet
  facet normal -5.401106e-02 3.410124e-01 -9.385059e-01
    outer loop
      vertex 6.675220e-02 -6.351047e-01 1.895306e+00
      vertex 1.327730e-01 -6.246481e-01 1.895306e+00
      vertex 7.737995e-02 -7.362210e-01 1.857953e+00
    endloop
  endfacet
  facet normal -5.401106e-02 3.410124e-01 -9.385059e-01
    outer loop
      vertex 7.737995e-02 -7.362210e-01 1.857953e+00
      vertex 1.327730e-01 -6.246481e-01 1.895306e+00
      vertex 1.539121e-01 -7.240995e-01 1.857953e+00
    endloop
  endfacet
  facet normal -8.936068e-02 3.334986e-01 -9.385059e-01
    outer loop
      vertex 1.327730e-01 -6.246481e-01 1.895306e+00
      vertex 1.973392e-01 -6.073476e-01 1.895306e+00
      vertex 1.539121e-01 -7.240995e-01 1.857953e+00
    endloop
  endfacet
  facet normal -8.936068e-02 3.334986e-01 -9.385059e-01
    outer loop
      vertex 1.539121e-01 -7.240995e-01 1.857953e+00
      vertex 1.973392e-01 -6.073476e-01 1.895306e+00
      vertex 2.287580e-01 -7.040446e-01 1.857953e+00
    endloop
  endfacet
  facet normal -1.237313e-01 3.223309e-01 -9.385059e-01
    outer loop
      vertex 1.973392e-01 -6.073476e-01 1.895306e+00
      vertex 2.597433e-01 -5.833929e-01 1.895306e+00
      vertex 2.287580e-01 -7.040446e-01 1.857953e+00
    endloop
  endfacet
  facet normal -1.237313e-01 3.223309e-01 -9.385059e-01
    outer loop
      vertex 2.287580e-01 -7.040446e-01 1.857953e+00
      vertex 2.597433e-01 -5.833929e-01 1.895306e+00
      vertex 3.010975e-01 -6.762761e-01 1.857953e+00
    endloop
  endfacet
  facet normal -1.567462e-01 3.076317e-01 -9.385059e-01
    outer loop
      vertex 2.597433e-01 -5.833929e-01 1.895306e+00
      vertex 3.193015e-01 -5.530465e-01 1.895306e+00
      vertex 3.010975e-01 -6.762761e-01 1.857953e+00
    endloop
  endfacet
  facet normal -1.567462e-01 3.076317e-01 -9.385059e-01
    outer loop
      vertex 3.010975e-01 -6.762761e-01 1.857953e+00
      vertex 3.193015e-01 -5.530465e-01 1.895306e+00
      vertex 3.701382e-01 -6.410981e-01 1.857953e+00
    endloop
  endfacet
  facet normal -1.880438e-01 2.895621e-01 -9.385059e-01
    outer loop
      vertex 3.193015e-01 -5.530465e-01 1.895306e+00
      vertex 3.753615e-01 -5.166407e-01 1.895306e+00
      vertex 3.701382e-01 -6.410981e-01 1.857953e+00
    endloop
  endfacet
  facet normal -1.880438e-01 2.895621e-01 -9.385059e-01
    outer loop
      vertex 3.701382e-01 -6.410981e-01 1.857953e+00
      vertex 3.753615e-01 -5.166407e-01 1.895306e+00
      vertex 4.351235e-01 -5.988961e-01 1.857953e+00
    endloop
  endfacet
  facet normal -2.172812e-01 2.683199e-01 -9.385059e-01
    outer loop
      vertex 3.753615e-01 -5.166407e-01 1.895306e+00
      vertex 4.273089e-01 -4.745746e-01 1.895306e+00
      vertex 4.351235e-01 -5.988961e-01 1.857953e+00
    endloop
  endfacet
  facet normal -2.172812e-01 2.683199e-01 -9.385059e-01
    outer loop
      vertex 4.351235e-01 -5.988961e-01 1.857953e+00
      vertex 4.273089e-01 -4.745746e-01 1.895306e+00
      vertex 4.953415e-01 -5.501325e-01 1.857953e+00
    endloop
  endfacet
  facet normal -2.441379e-01 2.441379e-01 -9.385059e-01
    outer loop
      vertex 4.273089e-01 -4.745746e-01 1.895306e+00
      vertex 4.745746e-01 -4.273089e-01 1.895306e+00
      vertex 4.953415e-01 -5.501325e-01 1.857953e+00
    endloop
  endfacet
  facet normal -2.441379e-01 2.441379e-01 -9.385059e-01
    outer loop
      vertex 4.953415e-01 -5.501325e-01 1.857953e+00
      vertex 4.745746e-01 -4.273089e-01 1.895306e+00
      vertex 5.501325e-01 -4.953415e-01 1.857953e+00
    endloop
  endfacet
  facet normal -2.683199e-01 2.172812e-01 -9.385059e-01
    outer loop
      vertex 4.745746e-01 -4.273089e-01 1.895306e+00
      vertex 5.166407e-01 -3.753615e-01 1.895306e+00
      vertex 5.501325e-01 -4.953415e-01 1.857953e+00
    endloop
  endfacet
  facet normal -2.683199e-01 2.172812e-01 -9.385059e-01
    outer loop
      vertex 5.501325e-01 -4.953415e-01 1.857953e+00
      vertex 5.166407e-01 -3.753615e-01 1.895306e+00
      vertex 5.988961e-01 -4.351235e-01 1.857953e+00
    endloop
  endfacet
  facet normal -2.895621e-01 1.880438e-01 -9.385059e-01
    outer loop
      vertex 5.166407e-01 -3.753615e-01 1.895306e+00
      vertex 5.530465e-01 -3.193015e-01 1.895306e+00
      vertex 5.988961e-01 -4.351235e-01 1.857953e+00
    endloop
  endfacet
  facet normal -2.895621e-01 1.880438e-01 -9.385059e-01
    outer loop
      vertex 5.988961e-01 -4.351235e-01 1.857953e+00
      vertex 5.530465e-01 -3.193015e-01 1.895306e+00
      vertex 6.410981e-01 -3.701382e-01 1.857953e+00
    endloop
  endfacet
  facet normal -3.076317e-01 1.567462e-01 -9.385059e-01
    outer loop
      vertex 5.530465e-01 -3.193015e-01 1.895306e+00
      vertex 5.833929e-01 -2.597433e-01 1.895306e+00
      vertex 6.410981e-01 -3.701382e-01 1.857953e+00
    endloop
  endfacet
  facet normal -3.076317e-01 1.567462e-01 -9.385059e-01
    outer loop
      vertex 6.410981e-01 -3.701382e-01 1.857953e+00
      vertex 5.833929e-01 -2.597433e-01 1.895306e+00
      vertex 6.762761e-01 -3.010975e-01 1.857953e+00
    endloop
  endfacet
  facet normal -3.223309e-01 1.237313e-01 -9.385059e-01
    outer loop
      vertex 5.833929e-01 -2.597433e-01 1.895306e+00
      vertex 6.073476e-01 -1.973392e-01 1.895306e+00
      vertex 6.762761e-01 -3.010975e-01 1.857953e+00
    endloop
  endfacet
  facet normal -3.223309e-01 1.237313e-01 -9.385059e-01
    outer loop
      vertex 6.762761e-01 -3.010975e-01 1.857953e+00
      vertex 6.073476e-01 -1.973392e-01 1.895306e+00
      vertex 7.040446e-01 -2.287580e-01 1.857953e+00
    endloop
  endfacet
  facet normal -3.334986e-01 8.936068e-02 -9.385059e-01
    outer loop
      vertex 6.073476e-01 -1.973392e-01 1.895306e+00
      vertex 6.246481e-01 -1.327730e-01 1.895306e+00
      vertex 7.040446e-01 -2.287580e-01 1.857953e+00
    endloop
  endfacet
  facet normal -3.334986e-01 8.936068e-02 -9.385059e-01
    outer loop
      vertex 7.040446e-01 -2.287580e-01 1.857953e+00
      vertex 6.246481e-01 -1.327730e-01 1.895306e+00
      vertex 7.240995e-01 -1.539121e-01 1.857953e+00
    endloop
  endfacet
  facet normal -3.410124e-01 5.401106e-02 -9.385059e-01
    outer loop
      vertex 6.246481e-01 -1.327730e-01 1.895306e+00
      vertex 6.351047e-01 -6.675220e-02 1.895306e+00
      vertex 7.240995e-01 -1.539121e-01 1.857953e+00
    endloop
  endfacet
  facet normal -3.410124e-01 5.401106e-02 -9.385059e-01
    outer loop
      vertex 7.240995e-01 -1.539121e-01 1.857953e+00
      vertex 6.351047e-01 -6.675220e-02 1.895306e+00
      vertex 7.362210e-01 -7.737995e-02 1.857953e+00
    endloop
  endfacet
  facet normal -3.447900e-01 1.806968e-02 -9.385059e-01
    outer loop
      vertex 6.351047e-01 -6.675220e-02 1.895306e+00
      vertex 6.386031e-01 0.000000e+00 1.895306e+00
      vertex 7.362210e-01 -7.737995e-02 1.857953e+00
    endloop
  endfacet
  facet normal -3.447900e-01 1.806968e-02 -9.385059e-01
    outer loop
      vertex 7.362210e-01 -7.737995e-02 1.857953e+00
      vertex 6.386031e-01 0.000000e+00 1.895306e+00
      vertex 7.402763e-01 0.000000e+00 1.857953e+00
    endloop
  endfacet
  facet normal -3.950738e-01 -2.070494e-02 -9.184160e-01
    outer loop
      vertex 7.402763e-01 0.000000e+00 1.857953e+00
      vertex 7.362210e-01 7.737995e-02 1.857953e+00
      vertex 8.397782e-01 0.000000e+00 1.815151e+00
    endloop
  endfacet
  facet normal -3.950738e-01 -2.070494e-02 -9.184160e-01
    outer loop
      vertex 8.397782e-01 0.000000e+00 1.815151e+00
      vertex 7.362210e-01 7.737995e-02 1.857953e+00
      vertex 8.351778e-01 8.778073e-02 1.815151e+00
    endloop
  endfacet
  facet normal -3.907453e-01 -6.188798e-02 -9.184160e-01
    outer loop
      vertex 7.362210e-01 7.737995e-02 1.857953e+00
      vertex 7.240995e-01 1.539121e-01 1.857953e+00
      vertex 8.351778e-01 8.778073e-02 1.815151e+00
    endloop
  endfacet
  facet normal -3.907453e-01 -6.188798e-02 -9.184160e-01
    outer loop
      vertex 8.351778e-01 8.778073e-02 1.815151e+00
      vertex 7.240995e-01 1.539121e-01 1.857953e+00
      vertex 8.214270e-01 1.745997e-01 1.815151e+00
    endloop
  endfacet
  facet normal -3.821357e-01 -1.023930e-01 -9.184160e-01
    outer loop
      vertex 7.240995e-01 1.539121e-01 1.857953e+00
      vertex 7.040446e-01 2.287580e-01 1.857953e+00
      vertex 8.214270e-01 1.745997e-01 1.815151e+00
    endloop
  endfacet
  facet normal -3.821357e-01 -1.023930e-01 -9.184160e-01
    outer loop
      vertex 8.214270e-01 1.745997e-01 1.815151e+00
      vertex 7.040446e-01 2.287580e-01 1.857953e+00
      vertex 7.986765e-01 2.595057e-01 1.815151e+00
    endloop
  endfacet
  facet normal -3.693394e-01 -1.417761e-01 -9.184160e-01
    outer loop
      vertex 7.040446e-01 2.287580e-01 1.857953e+00
      vertex 6.762761e-01 3.010975e-01 1.857953e+00
      vertex 7.986765e-01 2.595057e-01 1.815151e+00
    endloop
  endfacet
  facet normal -3.693394e-01 -1.417761e-01 -9.184160e-01
    outer loop
      vertex 7.986765e-01 2.595057e-01 1.815151e+00
      vertex 6.762761e-01 3.010975e-01 1.857953e+00
      vertex 7.671756e-01 3.415686e-01 1.815151e+00
    endloop
  endfacet
  facet normal -3.524964e-01 -1.796059e-01 -9.184160e-01
    outer loop
      vertex 6.762761e-01 3.010975e-01 1.857953e+00
      vertex 6.410981e-01 3.701382e-01 1.857953e+00
      vertex 7.671756e-01 3.415686e-01 1.815151e+00
    endloop
  endfacet
  facet normal -3.524964e-01 -1.796059e-01 -9.184160e-01
    outer loop
      vertex 7.671756e-01 3.415686e-01 1.815151e+00
      vertex 6.410981e-01 3.701382e-01 1.857953e+00
      vertex 7.272693e-01 4.198891e-01 1.815151e+00
    endloop
  endfacet
  facet normal -3.317915e-01 -2.154679e-01 -9.184160e-01
    outer loop
      vertex 6.410981e-01 3.701382e-01 1.857953e+00
      vertex 5.988961e-01 4.351235e-01 1.857953e+00
      vertex 7.272693e-01 4.198891e-01 1.815151e+00
    endloop
  endfacet
  facet normal -3.317915e-01 -2.154679e-01 -9.184160e-01
    outer loop
      vertex 7.272693e-01 4.198891e-01 1.815151e+00
      vertex 5.988961e-01 4.351235e-01 1.857953e+00
      vertex 6.793948e-01 4.936092e-01 1.815151e+00
    endloop
  endfacet
  facet normal -3.074514e-01 -2.489692e-01 -9.184160e-01
    outer loop
      vertex 5.988961e-01 4.351235e-01 1.857953e+00
      vertex 5.501325e-01 4.953415e-01 1.857953e+00
      vertex 6.793948e-01 4.936092e-01 1.815151e+00
    endloop
  endfacet
  facet normal -3.074514e-01 -2.489692e-01 -9.184160e-01
    outer loop
      vertex 6.793948e-01 4.936092e-01 1.815151e+00
      vertex 5.501325e-01 4.953415e-01 1.857953e+00
      vertex 6.240768e-01 5.619213e-01 1.815151e+00
    endloop
  endfacet
  facet normal -2.797428e-01 -2.797428e-01 -9.184160e-01
    outer loop
      vertex 5.501325e-01 4.953415e-01 1.857953e+00
      vertex 4.953415e-01 5.501325e-01 1.857953e+00
      vertex 6.240768e-01 5.619213e-01 1.815151e+00
    endloop
  endfacet
  facet normal -2.797428e-01 -2.797428e-01 -9.184160e-01
    outer loop
      vertex 6.240768e-01 5.619213e-01 1.815151e+00
      vertex 4.953415e-01 5.501325e-01 1.857953e+00
      vertex 5.619213e-01 6.240768e-01 1.815151e+00
    endloop
  endfacet
  facet normal -2.489692e-01 -3.074514e-01 -9.184160e-01
    outer loop
      vertex 4.953415e-01 5.501325e-01 1.857953e+00
      vertex 4.351235e-01 5.988961e-01 1.857953e+00
      vertex 5.619213e-01 6.240768e-01 1.815151e+00
    endloop
  endfacet
  facet normal -2.489692e-01 -3.074514e-01 -9.184160e-01
    outer loop
      vertex 5.619213e-01 6.240768e-01 1.815151e+00
      vertex 4.351235e-01 5.988961e-01 1.857953e+00
      vertex 4.936092e-01 6.793948e-01 1.815151e+00
    endloop
  endfacet
  facet normal -2.154679e-01 -3.317915e-01 -9.184160e-01
    outer loop
      vertex 4.351235e-01 5.988961e-01 1.857953e+00
      vertex 3.701382e-01 6.410981e-01 1.857953e+00
      vertex 4.936092e-01 6.793948e-01 1.815151e+00
    endloop
  endfacet
  facet normal -2.154679e-01 -3.317915e-01 -9.184160e-01
    outer loop
      vertex 4.936092e-01 6.793948e-01 1.815151e+00
      vertex 3.701382e-01 6.410981e-01 1.857953e+00
      vertex 4.198891e-01 7.272693e-01 1.815151e+00
    endloop
  endfacet
  facet normal -1.796059e-01 -3.524964e-01 -9.184160e-01
    outer loop
      vertex 3.701382e-01 6.410981e-01 1.857953e+00
      vertex 3.010975e-01 6.762761e-01 1.857953e+00
      vertex 4.198891e-01 7.272693e-01 1.815151e+00
    endloop
  endfacet
  facet normal -1.796059e-01 -3.524964e-01 -9.184160e-01
    outer loop
      vertex 4.198891e-01 7.272693e-01 1.815151e+00
      vertex 3.010975e-01 6.762761e-01 1.857953e+00
      vertex 3.415686e-01 7.671756e-01 1.815151e+00
    endloop
  endfacet
  facet normal -1.417761e-01 -3.693394e-01 -9.184160e-01
    outer loop
      vertex 3.010975e-01 6.762761e-01 1.857953e+00
      vertex 2.287580e-01 7.040446e-01 1.857953e+00
      vertex 3.415686e-01 7.671756e-01 1.815151e+00
    endloop
  endfacet
  facet normal -1.417761e-01 -3.693394e-01 -9.184160e-01
    outer loop
      vertex 3.415686e-01 7.671756e-01 1.815151e+00
      vertex 2.287580e-01 7.040446e-01 1.857953e+00
      vertex 2.595057e-01 7.986765e-01 1.815151e+00
    endloop
  endfacet
  facet normal -1.023930e-01 -3.821357e-01 -9.184160e-01
    outer loop
      vertex 2.287580e-01 7.040446e-01 1.857953e+00
      vertex 1.539121e-01 7.240995e-01 1.857953e+00
      vertex 2.595057e-01 7.986765e-01 1.815151e+00
    endloop
  endfacet
  facet normal -1.023930e-01 -3.821357e-01 -9.184160e-01
    outer loop
      vertex 2.595057e-01 7.986765e-01 1.815151e+00
      vertex 1.539121e-01 7.240995e-01 1.857953e+00
      vertex 1.745997e-01 8.214270e-01 1.815151e+00
    endloop
  endfacet
  facet normal -6.188798e-02 -3.907453e-01 -9.184160e-01
    outer loop
      vertex 1.539121e-01 7.240995e-01 1.857953e+00
      vertex 7.737995e-02 7.362210e-01 1.857953e+00
      vertex 1.745997e-01 8.214270e-01 1.815151e+00
    endloop
  endfacet
  facet normal -6.188798e-02 -3.907453e-01 -9.184160e-01
    outer loop
      vertex 1.745997e-01 8.214270e-01 1.815151e+00
      vertex 7.737995e-02 7.362210e-01 1.857953e+00
      vertex 8.778073e-02 8.351778e-01 1.815151e+00
    endloop
  endfacet
  facet normal -2.070494e-02 -3.950738e-01 -9.184160e-01
    outer loop
      vertex 7.737995e-02 7.362210e-01 1.857953e+00
      vertex 4.532885e-17 7.402763e-01 1.857953e+00
      vertex 8.778073e-02 8.351778e-01 1.815151e+00
    endloop
  endfacet
  facet normal -2.070494e-02 -3.950738e-01 -9.184160e-01
    outer loop
      vertex 8.778073e-02 8.351778e-01 1.815151e+00
      vertex 4.532885e-17 7.402763e-01 1.857953e+00
      vertex 5.142158e-17 8.397782e-01 1.815151e+00
    endloop
  endfacet
  facet normal 2.070494e-02 -3.950738e-01 -9.184160e-01
    outer loop
      vertex 4.532885e-17 7.402763e-01 1.857953e+00
      vertex -7.737995e-02 7.362210e-01 1.857953e+00
      vertex 5.142158e-17 8.397782e-01 1.815151e+00
    endloop
  endfacet
  facet normal 2.070494e-02 -3.950738e-01 -9.184160e-01
    outer loop
      vertex 5.142158e-17 8.397782e-01 1.815151e+00
      vertex -7.737995e-02 7.362210e-01 1.857953e+00
      vertex -8.778073e-02 8.351778e-01 1.815151e+00
    endloop
  endfacet
  facet normal 6.188798e-02 -3.907453e-01 -9.184160e-01
    outer loop
      vertex -7.737995e-02 7.362210e-01 1.857953e+00
      vertex -1.539121e-01 7.240995e-01 1.857953e+00
      vertex -8.778073e-02 8.351778e-01 1.815151e+00
    endloop
  endfacet
  facet normal 6.188798e-02 -3.907453e-01 -9.184160e-01
    outer loop
      vertex -8.778073e-02 8.351778e-01 1.815151e+00
      vertex -1.539121e-01 7.240995e-01 1.857953e+00
      vertex -1.745997e-01 8.214270e-01 1.815151e+00
    endloop
  endfacet
  facet normal 1.023930e-01 -3.821357e-01 -9.184160e-01
    outer loop
      vertex -1.539121e-01 7.240995e-01 1.857953e+00
      vertex -2.287580e-01 7.040446e-01 1.857953e+00
      vertex -1.745997e-01 8.214270e-01 1.815151e+00
    endloop
  endfacet
  facet normal 1.023930e-01 -3.821357e-01 -9.184160e-01
    outer loop
      vertex -1.745997e-01 8.214270e-01 1.815151e+00
      vertex -2.287580e-01 7.040446e-01 1.857953e+00
      vertex -2.595057e-01 7.986765e-01 1.815151e+00
    endloop
  endfacet
  facet normal 1.417761e-01 -3.693394e-01 -9.184160e-01
    outer loop
      vertex -2.287580e-01 7.040446e-01 1.857953e+00
      vertex -3.010975e-01 6.762761e-01 1.857953e+00
      vertex -2.595057e-01 7.986765e-01 1.815151e+00
    endloop
  endfacet
  facet normal 1.417761e-01 -3.693394e-01 -9.184160e-01
    outer loop
      vertex -2.595057e-01 7.986765e-01 1.815151e+00
      vertex -3.010975e-01 6.762761e-01 1.857953e+00
      vertex -3.415686e-01 7.671756e-01 1.815151e+00
    endloop
  endfacet
  facet normal 1.796059e-01 -3.524964e-01 -9.184160e-01
    outer loop
      vertex -3.010975e-01 6.762761e-01 1.857953e+00
      vertex -3.701382e-01 6.410981e-01 1.857953e+00
      vertex -3.415686e-01 7.671756e-01 1.815151e+00
    endloop
  endfacet
  facet normal 1.796059e-01 -3.524964e-01 -9.184160e-01
    outer loop
      vertex -3.415686e-01 7.671756e-01 1.815151e+00
      vertex -3.701382e-01 6.410981e-01 1.857953e+00
      vertex -4.198891e-01 7.272693e-01 1.815151e+00
    endloop
  endfacet
  facet normal 2.154679e-01 -3.317915e-01 -9.184160e-01
    outer loop
      vertex -3.701382e-01 6.410981e-01 1.857953e+00
      vertex -4.351235e-01 5.988961e-01 1.857953e+00
      vertex -4.198891e-01 7.272693e-01 1.815151e+00
    endloop
  endfacet
  facet normal 2.154679e-01 -3.317915e-01 -9.184160e-01
    outer loop
      vertex -4.198891e-01 7.272693e-01 1.815151e+00
      vertex -4.351235e-01 5.988961e-01 1.857953e+00
      vertex -4.936092e-01 6.793948e-01 1.815151e+00
    endloop
  endfacet
  facet normal 2.489692e-01 -3.074514e-01 -9.184160e-01
    outer loop
      vertex -4.351235e-01 5.988961e-01 1.857953e+00
      vertex -4.953415e-01 5.501325e-01 1.857953e+00
      vertex -4.936092e-01 6.793948e-01 1.815151e+00
    endloop
  endfacet
  facet normal 2.489692e-01 -3.074514e-01 -9.184160e-01
    outer loop
      vertex -4.936092e-01 6.793948e-01 1.815151e+00
      vertex -4.953415e-01 5.501325e-01 1.857953e+00
      vertex -5.619213e-01 6.240768e-01 1.815151e+00
    endloop
  endfacet
  facet normal 2.797428e-01 -2.797428e-01 -9.184160e-01
    outer loop
      vertex -4.953415e-01 5.501325e-01 1.857953e+00
      vertex -5.501325e-01 4.953415e-01 1.857953e+00
      vertex -5.619213e-01 6.240768e-01 1.815151e+00
    endloop
  endfacet
  facet normal 2.797428e-01 -2.797428e-01 -9.184160e-01
    outer loop
      vertex -5.619213e-01 6.240768e-01 1.815151e+00
      vertex -5.501325e-01 4.953415e-01 1.857953e+00
      vertex -6.240768e-01 5.619213e-01 1.815151e+00
    endloop
  endfacet
  facet normal 3.074514e-01 -2.489692e-01 -9.184160e-01
    outer loop
      vertex -5.501325e-01 4.953415e-01 1.857953e+00
      vertex -5.988961e-01 4.351235e-01 1.857953e+00
      vertex -6.240768e-01 5.619213e-01 1.815151e+00
    endloop
  endfacet
  facet normal 3.074514e-01 -2.489692e-01 -9.184160e-01
    outer loop
      vertex -6.240768e-01 5.619213e-01 1.815151e+00
      vertex -5.988961e-01 4.351235e-01 1.857953e+00
      vertex -6.793948e-01 4.936092e-01 1.815151e+00
    endloop
  endfacet
  facet normal 3.317915e-01 -2.154679e-01 -9.184160e-01
    outer loop
      vertex -5.988961e-01 4.351235e-01 1.857953e+00
      vertex -6.410981e-01 3.701382e-01 1.857953e+00
      vertex -6.793948e-01 4.936092e-01 1.815151e+00
    endloop
  endfacet
  facet normal 3.317915e-01 -2.154679e-01 -9.184160e-01
    outer loop
      vertex -6.793948e-01 4.936092e-01 1.815151e+00
      vertex -6.410981e-01 3.701382e-01 1.857953e+00
      vertex -7.272693e-01 4.198891e-01 1.815151e+00
    endloop
  endfacet
  facet normal 3.524964e-01 -1.796059e-01 -9.184160e-01
    outer loop
      vertex -6.410981e-01 3.701382e-01 1.857953e+00
      vertex -6.762761e-01 3.010975e-01 1.857953e+00
      vertex -7.272693e-01 4.198891e-01 1.815151e+00
    endloop
  endfacet
  facet normal 3.524964e-01 -1.796059e-01 -9.184160e-01
    outer loop
      vertex -7.272693e-01 4.198891e-01 1.815151e+00
      vertex -6.762761e-01 3.010975e-01 1.857953e+00
      vertex -7.671756e-01 3.415686e-01 1.815151e+00
    endloop
  endfacet
  facet normal 3.693394e-01 -1.417761e-01 -9.184160e-01
    outer loop
      vertex -6.762761e-01 3.010975e-01 1.857953e+00
      vertex -7.040446e-01 2.287580e-01 1.857953e+00
      vertex -7.671756e-01 3.415686e-01 1.815151e+00
    endloop
  endfacet
  facet normal 3.693394e-01 -1.417761e-01 -9.184160e-01
    outer loop
      vertex -7.671756e-01 3.415686e-01 1.815151e+00
      vertex -7.040446e-01 2.287580e-01 1.857953e+00
      vertex -7.986765e-01 2.595057e-01 1.815151e+00
    endloop
  endfacet
  facet normal 3.821357e-01 -1.023930e-01 -9.184160e-01
    outer loop
      vertex -7.040446e-01 2.287580e-01 1.857953e+00
      vertex -7.240995e-01 1.539121e-01 1.857953e+00
      vertex -7.986765e-01 2.595057e-01 1.815151e+00
    endloop
  endfacet
  facet normal 3.821357e-01 -1.023930e-01 -9.184160e-01
    outer loop
      vertex -7.986765e-01 2.595057e-01 1.815151e+00
      vertex -7.240995e-01 1.539121e-01 1.857953e+00
      vertex -8.214270e-01 1.745997e-01 1.815151e+00
    endloop
  endfacet
  facet normal 3.907453e-01 -6.188798e-02 -9.184160e-01
    outer loop
      vertex -7.240995e-01 1.539121e-01 1.857953e+00
      vertex -7.362210e-01 7.737995e-02 1.857953e+00
      vertex -8.214270e-01 1.745997e-01 1.815151e+00
    endloop
  endfacet
  facet normal 3.907453e-01 -6.188798e-02 -9.184160e-01
    outer loop
      vertex -8.214270e-01 1.745997e-01 1.815151e+00
      vertex -7.362210e-01 7.737995e-02 1.857953e+00
      vertex -8.351778e-01 8.778073e-02 1.815151e+00
    endloop
  endfacet
  facet normal 3.950738e-01 -2.070494e-02 -9.184160e-01
    outer loop
      vertex -7.362210e-01 7.737995e-02 1.857953e+00
      vertex -7.402763e-01 9.065770e-17 1.857953e+00
      vertex -8.351778e-01 8.778073e-02 1.815151e+00
    endloop
  endfacet
  facet normal 3.950738e-01 -2.070494e-02 -9.184160e-01
    outer loop
      vertex -8.351778e-01 8.778073e-02 1.815151e+00
      vertex -7.402763e-01 9.065770e-17 1.857953e+00
      vertex -8.397782e-01 1.028432e-16 1.815151e+00
    endloop
  endfacet
  facet normal 3.950738e-01 2.070494e-02 -9.184160e-01
    outer loop
      vertex -7.402763e-01 9.065770e-17 1.857953e+00
      vertex -7.362210e-01 -7.737995e-02 1.857953e+00
      vertex -8.397782e-01 1.028432e-16 1.815151e+00
    endloop
  endfacet
  facet normal 3.950738e-01 2.070494e-02 -9.184160e-01
    outer loop
      vertex -8.397782e-01 1.028432e-16 1.815151e+00
      vertex -7.362210e-01 -7.737995e-02 1.857953e+00
      vertex -8.351778e-01 -8.778073e-02 1.815151e+00
    endloop
  endfacet
  facet normal 3.907453e-01 6.188798e-02 -9.184160e-01
    outer loop
      vertex -7.362210e-01 -7.737995e-02 1.857953e+00
      vertex -7.240995e-01 -1.539121e-01 1.857953e+00
      vertex -8.351778e-01 -8.778073e-02 1.815151e+00
    endloop
  endfacet
  facet normal 3.907453e-01 6.188798e-02 -9.184160e-01
    outer loop
      vertex -8.351778e-01 -8.778073e-02 1.815151e+00
      vertex -7.240995e-01 -1.539121e-01 1.857953e+00
      vertex -8.214270e-01 -1.745997e-01 1.815151e+00
    endloop
  endfacet
  facet normal 3.821357e-01 1.023930e-01 -9.184160e-01
    outer loop
      vertex -7.240995e-01 -1.539121e-01 1.857953e+00
      vertex -7.040446e-01 -2.287580e-01 1.857953e+00
      vertex -8.214270e-01 -1.745997e-01 1.815151e+00
    endloop
  endfacet
  facet normal 3.821357e-01 1.023930e-01 -9.184160e-01
    outer loop
      vertex -8.214270e-01 -1.745997e-01 1.815151e+00
      vertex -7.040446e-01 -2.287580e-01 1.857953e+00
      vertex -7.986765e-01 -2.595057e-01 1.815151e+00
    endloop
  endfacet
  facet normal 3.693394e-01 1.417761e-01 -9.184160e-01
    outer loop
      vertex -7.040446e-01 -2.287580e-01 1.857953e+00
      vertex -6.762761e-01 -3.010975e-01 1.857953e+00
      vertex -7.986765e-01 -2.595057e-01 1.815151e+00
    endloop
  endfacet
  facet normal 3.693394e-01 1.417761e-01 -9.184160e-01
    outer loop
      vertex -7.986765e-01 -2.595057e-01 1.815151e+00
      vertex -6.762761e-01 -3.010975e-01 1.857953e+00
      vertex -7.671756e-01 -3.415686e-01 1.815151e+00
    endloop
  endfacet
  facet normal 3.524964e-01 1.796059e-01 -9.184160e-01
    outer loop
      vertex -6.762761e-01 -3.010975e-01 1.857953e+00
      vertex -6.410981e-01 -3.701382e-01 1.857953e+00
      vertex -7.671756e-01 -3.415686e-01 1.815151e+00
    endloop
  endfacet
  facet normal 3.524964e-01 1.796059e-01 -9.184160e-01
    outer loop
      vertex -7.671756e-01 -3.415686e-01 1.815151e+00
      vertex -6.410981e-01 -3.701382e-01 1.857953e+00
      vertex -7.272693e-01 -4.198891e-01 1.815151e+00
    endloop
  endfacet
  facet normal 3.317915e-01 2.154679e-01 -9.184160e-01
    outer loop
      vertex -6.410981e-01 -3.701382e-01 1.857953e+00
      vertex -5.988961e-01 -4.351235e-01 1.857953e+00
      vertex -7.272693e-01 -4.198891e-01 1.815151e+00
    endloop
  endfacet
  facet normal 3.317915e-01 2.154679e-01 -9.184160e-01
    outer loop
      vertex -7.272693e-01 -4.198891e-01 1.815151e+00
      vertex -5.988961e-01 -4.351235e-01 1.857953e+00
      vertex -6.793948e-01 -4.936092e-01 1.815151e+00
    endloop
  endfacet
  facet normal 3.074514e-01 2.489692e-01 -9.184160e-01
    outer loop
      vertex -5.988961e-01 -4.351235e-01 1.857953e+00
      vertex -5.501325e-01 -4.953415e-01 1.857953e+00
      vertex -6.793948e-01 -4.936092e-01 1.815151e+00
    endloop
  endfacet
  facet normal 3.074514e-01 2.489692e-01 -9.184160e-01
    outer loop
      vertex -6.793948e-01 -4.936092e-01 1.815151e+00
      vertex -5.501325e-01 -4.953415e-01 1.857953e+00
      vertex -6.240768e-01 -5.619213e-01 1.815151e+00
    endloop
  endfacet
  facet normal 2.797428e-01 2.797428e-01 -9.184160e-01
    outer loop
      vertex -5.501325e-01 -4.953415e-01 1.857953e+00
      vertex -4.953415e-01 -5.501325e-01 1.857953e+00
      vertex -6.240768e-01 -5.619213e-01 1.815151e+00
    endloop
  endfacet
  facet normal 2.797428e-01 2.797428e-01 -9.184160e-01
    outer loop
      vertex -6.240768e-01 -5.619213e-01 1.815151e+00
      vertex -4.953415e-01 -5.501325e-01 1.857953e+00
      vertex -5.619213e-01 -6.240768e-01 1.815151e+00
    endloop
  endfacet
  facet normal 2.489692e-01 3.074514e-01 -9.184160e-01
    outer loop
      vertex -4.953415e-01 -5.501325e-01 1.857953e+00
      vertex -4.351235e-01 -5.988961e-01 1.857953e+00
      vertex -5.619213e-01 -6.240768e-01 1.815151e+00
    endloop
  endfacet
  facet normal 2.489692e-01 3.074514e-01 -9.184160e-01
    outer loop
      vertex -5.619213e-01 -6.240768e-01 1.815151e+00
      vertex -4.351235e-01 -5.988961e-01 1.857953e+00
      vertex -4.936092e-01 -6.793948e-01 1.815151e+00
    endloop
  endfacet
  facet normal 2.154679e-01 3.317915e-01 -9.184160e-01
    outer loop
      vertex -4.351235e-01 -5.988961e-01 1.857953e+00
      vertex -3.701382e-01 -6.410981e-01 1.857953e+00
      vertex -4.936092e-01 -6.793948e-01 1.815151e+00
    endloop
  endfacet
  facet normal 2.154679e-01 3.317915e-01 -9.184160e-01
    outer loop
      vertex -4.936092e-01 -6.793948e-01 1.815151e+00
      vertex -3.701382e-01 -6.410981e-01 1.857953e+00
      vertex -4.198891e-01 -7.272693e-01 1.815151e+00
    endloop
  endfacet
  facet normal 1.796059e-01 3.524964e-01 -9.184160e-01
    outer loop
      vertex -3.701382e-01 -6.410981e-01 1.857953e+00
      vertex -3.010975e-01 -6.762761e-01 1.857953e+00
      vertex -4.198891e-01 -7.272693e-01 1.815151e+00
    endloop
  endfacet
  facet normal 1.796059e-01 3.524964e-01 -9.184160e-01
    outer loop
      vertex -4.198891e-01 -7.272693e-01 1.815151e+00
      vertex -3.010975e-01 -6.762761e-01 1.857953e+00
      vertex -3.415686e-01 -7.671756e-01 1.815151e+00
    endloop
  endfacet
  facet normal 1.417761e-01 3.693394e-01 -9.184160e-01
    outer loop
      vertex -3.010975e-01 -6.762761e-01 1.857953e+00
      vertex -2.287580e-01 -7.040446e-01 1.857953e+00
      vertex -3.415686e-01 -7.671756e-01 1.815151e+00
    endloop
  endfacet
  facet normal 1.417761e-01 3.693394e-01 -9.184160e-01
    outer loop
      vertex -3.415686e-01 -7.671756e-01 1.815151e+00
      vertex -2.287580e-01 -7.040446e-01 1.857953e+00
      vertex -2.595057e-01 -7.986765e-01 1.815151e+00
    endloop
  endfacet
  facet normal 1.023930e-01 3.821357e-01 -9.184160e-01
    outer loop
      vertex -2.287580e-01 -7.040446e-01 1.857953e+00
      vertex -1.539121e-01 -7.240995e-01 1.857953e+00
      vertex -2.595057e-01 -7.986765e-01 1.815151e+00
    endloop
  endfacet
  facet normal 1.023930e-01 3.821357e-01 -9.184160e-01
    outer loop
      vertex -2.595057e-01 -7.986765e-01 1.815151e+00
      vertex -1.539121e-01 -7.240995e-01 1.857953e+00
      vertex -1.745997e-01 -8.214270e-01 1.815151e+00
    endloop
  endfacet
  facet normal 6.188798e-02 3.907453e-01 -9.184160e-01
    outer loop
      vertex -1.539121e-01 -7.240995e-01 1.857953e+00
      vertex -7.737995e-02 -7.362210e-01 1.857953e+00
      vertex -1.745997e-01 -8.214270e-01 1.815151e+00
    endloop
  endfacet
  facet normal 6.188798e-02 3.907453e-01 -9.184160e-01
    outer loop
      vertex -1.745997e-01 -8.214270e-01 1.815151e+00
      vertex -7.737995e-02 -7.362210e-01 1.857953e+00
      vertex -8.778073e-02 -8.351778e-01 1.815151e+00
    endloop
  endfacet
  facet normal 2.070494e-02 3.950738e-01 -9.184160e-01
    outer loop
      vertex -7.737995e-02 -7.362210e-01 1.857953e+00
      vertex -1.359866e-16 -7.402763e-01 1.857953e+00
      vertex -8.778073e-02 -8.351778e-01 1.815151e+00
    endloop
  endfacet
  facet normal 2.070494e-02 3.950738e-01 -9.184160e-01
    outer loop
      vertex -8.778073e-02 -8.351778e-01 1.815151e+00
      vertex -1.359866e-16 -7.402763e-01 1.857953e+00
      vertex -1.542648e-16 -8.397782e-01 1.815151e+00
    endloop
  endfacet
  facet normal -2.070494e-02 3.950738e-01 -9.184160e-01
    outer loop
      vertex -1.359866e-16 -7.402763e-01 1.857953e+00
      vertex 7.737995e-02 -7.362210e-01 1.857953e+00
      vertex -1.542648e-16 -8.397782e-01 1.815151e+00
    endloop
  endfacet
  facet normal -2.070494e-02 3.950738e-01 -9.184160e-01
    outer loop
      vertex -1.542648e-16 -8.397782e-01 1.815151e+00
      vertex 7.737995e-02 -7.362210e-01 1.857953e+00
      vertex 8.778073e-02 -8.351778e-01 1.815151e+00
    endloop
  endfacet
  facet normal -6.188798e-02 3.907453e-01 -9.184160e-01
    outer loop
      vertex 7.737995e-02 -7.362210e-01 1.857953e+00
      vertex 1.539121e-01 -7.240995e-01 1.857953e+00
      vertex 8.778073e-02 -8.351778e-01 1.815151e+00
    endloop
  endfacet
  facet normal -6.188798e-02 3.907453e-01 -9.184160e-01
    outer loop
      vertex 8.778073e-02 -8.351778e-01 1.815151e+00
      vertex 1.539121e-01 -7.240995e-01 1.857953e+00
      vertex 1.745997e-01 -8.214270e-01 1.815151e+00
    endloop
  endfacet
  facet normal -1.023930e-01 3.821357e-01 -9.184160e-01
    outer loop
      vertex 1.539121e-01 -7.240995e-01 1.857953e+00
      vertex 2.287580e-01 -7.040446e-01 1.857953e+00
      vertex 1.745997e-01 -8.214270e-01 1.815151e+00
    endloop
  endfacet
  facet normal -1.023930e-01 3.821357e-01 -9.184160e-01
    outer loop
      vertex 1.745997e-01 -8.214270e-01 1.815151e+00
      vertex 2.287580e-01 -7.040446e-01 1.857953e+00
      vertex 2.595057e-01 -7.986765e-01 1.815151e+00
    endloop
  endfacet
  facet normal -1.417761e-01 3.693394e-01 -9.184160e-01
    outer loop
      vertex 2.287580e-01 -7.040446e-01 1.857953e+00
      vertex 3.010975e-01 -6.762761e-01 1.857953e+00
      vertex 2.595057e-01 -7.986765e-01 1.815151e+00
    endloop
  endfacet
  facet normal -1.417761e-01 3.693394e-01 -9.184160e-01
    outer loop
      vertex 2.595057e-01 -7.986765e-01 1.815151e+00
      vertex 3.010975e-01 -6.762761e-01 1.857953e+00
      vertex 3.415686e-01 -7.671756e-01 1.815151e+00
    endloop
  endfacet
  facet normal -1.796059e-01 3.524964e-01 -9.184160e-01
    outer loop
      vertex 3.010975e-01 -6.762761e-01 1.857953e+00
      vertex 3.701382e-01 -6.410981e-01 1.857953e+00
      vertex 3.415686e-01 -7.671756e-01 1.815151e+00
    endloop
  endfacet
  facet normal -1.796059e-01 3.524964e-01 -9.184160e-01
    outer loop
      vertex 3.415686e-01 -7.671756e-01 1.815151e+00
      vertex 3.701382e-01 -6.410981e-01 1.857953e+00
      vertex 4.198891e-01 -7.272693e-01 1.815151e+00
    endloop
  endfacet
  facet normal -2.154679e-01 3.317915e-01 -9.184160e-01
    outer loop
      vertex 3.701382e-01 -6.410981e-01 1.857953e+00
      vertex 4.351235e-01 -5.988961e-01 1.857953e+00
      vertex 4.198891e-01 -7.272693e-01 1.815151e+00
    endloop
  endfacet
  facet normal -2.154679e-01 3.317915e-01 -9.184160e-01
    outer loop
      vertex 4.198891e-01 -7.272693e-01 1.815151e+00
      vertex 4.351235e-01 -5.988961e-01 1.857953e+00
      vertex 4.936092e-01 -6.793948e-01 1.815151e+00
    endloop
  endfacet
  facet normal -2.489692e-01 3.074514e-01 -9.184160e-01
    outer loop
      vertex 4.351235e-01 -5.988961e-01 1.857953e+00
      vertex 4.953415e-01 -5.501325e-01 1.857953e+00
      vertex 4.936092e-01 -6.793948e-01 1.815151e+00
    endloop
  endfacet
  facet normal -2.489692e-01 3.074514e-01 -9.184160e-01
    outer loop
      vertex 4.936092e-01 -6.793948e-01 1.815151e+00
      vertex 4.953415e-01 -5.501325e-01 1.857953e+00
      vertex 5.619213e-01 -6.240768e-01 1.815151e+00
    endloop
  endfacet
  facet normal -2.797428e-01 2.797428e-01 -9.184160e-01
    outer loop
      vertex 4.953415e-01 -5.501325e-01 1.857953e+00
      vertex 5.501325e-01 -4.953415e-01 1.857953e+00
      vertex 5.619213e-01 -6.240768e-01 1.815151e+00
    endloop
  endfacet
  facet normal -2.797428e-01 2.797428e-01 -9.184160e-01
    outer loop
      vertex 5.619213e-01 -6.240768e-01 1.815151e+00
      vertex 5.501325e-01 -4.953415e-01 1.857953e+00
      vertex 6.240768e-01 -5.619213e-01 1.815151e+00
    endloop
  endfacet
  facet normal -3.074514e-01 2.489692e-01 -9.184160e-01
    outer loop
      vertex 5.501325e-01 -4.953415e-01 1.857953e+00
      vertex 5.988961e-01 -4.351235e-01 1.857953e+00
      vertex 6.240768e-01 -5.619213e-01 1.815151e+00
    endloop
  endfacet
  facet normal -3.074514e-01 2.489692e-01 -9.184160e-01
    outer loop
      vertex 6.240768e-01 -5.619213e-01 1.815151e+00
      vertex 5.988961e-01 -4.351235e-01 1.857953e+00
      vertex 6.793948e-01 -4.936092e-01 1.815151e+00
    endloop
  endfacet
  facet normal -3.317915e-01 2.154679e-01 -9.184160e-01
    outer loop
      vertex 5.988961e-01 -4.351235e-01 1.857953e+00
      vertex 6.410981e-01 -3.701382e-01 1.857953e+00
      vertex 6.793948e-01 -4.936092e-01 1.815151e+00
    endloop
  endfacet
  facet normal -3.317915e-01 2.154679e-01 -9.184160e-01
    outer loop
      vertex 6.793948e-01 -4.936092e-01 1.815151e+00
      vertex 6.410981e-01 -3.701382e-01 1.857953e+00
      vertex 7.272693e-01 -4.198891e-01 1.815151e+00
    endloop
  endfacet
  facet normal -3.524964e-01 1.796059e-01 -9.184160e-01
    outer loop
      vertex 6.410981e-01 -3.701382e-01 1.857953e+00
      vertex 6.762761e-01 -3.010975e-01 1.857953e+00
      vertex 7.272693e-01 -4.198891e-01 1.815151e+00
    endloop
  endfacet
  facet normal -3.524964e-01 1.796059e-01 -9.184160e-01
    outer loop
      vertex 7.272693e-01 -4.198891e-01 1.815151e+00
      vertex 6.762761e-01 -3.010975e-01 1.857953e+00
      vertex 7.671756e-01 -3.415686e-01 1.815151e+00
    endloop
  endfacet
  facet normal -3.693394e-01 1.417761e-01 -9.184160e-01
    outer loop
      vertex 6.762761e-01 -3.010975e-01 1.857953e+00
      vertex 7.040446e-01 -2.287580e-01 1.857953e+00
      vertex 7.671756e-01 -3.415686e-01 1.815151e+00
    endloop
  endfacet
  facet normal -3.693394e-01 1.417761e-01 -9.184160e-01
    outer loop
      vertex 7.671756e-01 -3.415686e-01 1.815151e+00
      vertex 7.040446e-01 -2.287580e-01 1.857953e+00
      vertex 7.986765e-01 -2.595057e-01 1.815151e+00
    endloop
  endfacet
  facet normal -3.821357e-01 1.023930e-01 -9.184160e-01
    outer loop
      vertex 7.040446e-01 -2.287580e-01 1.857953e+00
      vertex 7.240995e-01 -1.539121e-01 1.857953e+00
      vertex 7.986765e-01 -2.595057e-01 1.815151e+00
    endloop
  endfacet
  facet normal -3.821357e-01 1.023930e-01 -9.184160e-01
    outer loop
      vertex 7.986765e-01 -2.595057e-01 1.815151e+00
      vertex 7.240995e-01 -1.539121e-01 1.857953e+00
      vertex 8.214270e-01 -1.745997e-01 1.815151e+00
    endloop
  endfacet
  facet normal -3.907453e-01 6.188798e-02 -9.184160e-01
    outer loop
      vertex 7.240995e-01 -1.539121e-01 1.857953e+00
      vertex 7.362210e-01 -7.737995e-02 1.857953e+00
      vertex 8.214270e-01 -1.745997e-01 1.815151e+00
    endloop
  endfacet
  facet normal -3.907453e-01 6.188798e-02 -9.184160e-01
    outer loop
      vertex 8.214270e-01 -1.745997e-01 1.815151e+00
      vertex 7.362210e-01 -7.737995e-02 1.857953e+00
      vertex 8.351778e-01 -8.778073e-02 1.815151e+00
    endloop
  endfacet
  facet normal -3.950738e-01 2.070494e-02 -9.184160e-01
    outer loop
      vertex 7.362210e-01 -7.737995e-02 1.857953e+00
      vertex 7.402763e-01 0.000000e+00 1.857953e+00
      vertex 8.351778e-01 -8.778073e-02 1.815151e+00
    endloop
  endfacet
  facet normal -3.950738e-01 2.070494e-02 -9.184160e-01
    outer loop
      vertex 8.351778e-01 -8.778073e-02 1.815151e+00
      vertex 7.402763e-01 0.000000e+00 1.857953e+00
      vertex 8.397782e-01 0.000000e+00 1.815151e+00
    endloop
  endfacet
  facet normal -4.441913e-01 -2.327908e-02 -8.956295e-01
    outer loop
      vertex 8.397782e-01 0.000000e+00 1.815151e+00
      vertex 8.351778e-01 8.778073e-02 1.815151e+00
      vertex 9.368169e-01 0.000000e+00 1.767024e+00
    endloop
  endfacet
  facet normal -4.441913e-01 -2.327908e-02 -8.956295e-01
    outer loop
      vertex 9.368169e-01 0.000000e+00 1.767024e+00
      vertex 8.351778e-01 8.778073e-02 1.815151e+00
      vertex 9.316849e-01 9.792403e-02 1.767024e+00
    endloop
  endfacet
  facet normal -4.393246e-01 -6.958219e-02 -8.956295e-01
    outer loop
      vertex 8.351778e-01 8.778073e-02 1.815151e+00
      vertex 8.214270e-01 1.745997e-01 1.815151e+00
      vertex 9.316849e-01 9.792403e-02 1.767024e+00
    endloop
  endfacet
  facet normal -4.393246e-01 -6.958219e-02 -8.956295e-01
    outer loop
      vertex 9.316849e-01 9.792403e-02 1.767024e+00
      vertex 8.214270e-01 1.745997e-01 1.815151e+00
      vertex 9.163452e-01 1.947752e-01 1.767024e+00
    endloop
  endfacet
  facet normal -4.296447e-01 -1.151229e-01 -8.956295e-01
    outer loop
      vertex 8.214270e-01 1.745997e-01 1.815151e+00
      vertex 7.986765e-01 2.595057e-01 1.815151e+00
      vertex 9.163452e-01 1.947752e-01 1.767024e+00
    endloop
  endfacet
  facet normal -4.296447e-01 -1.151229e-01 -8.956295e-01
    outer loop
      vertex 9.163452e-01 1.947752e-01 1.767024e+00
      vertex 7.986765e-01 2.595057e-01 1.815151e+00
      vertex 8.909658e-01 2.894923e-01 1.767024e+00
    endloop
  endfacet
  facet normal -4.152574e-01 -1.594024e-01 -8.956295e-01
    outer loop
      vertex 7.986765e-01 2.595057e-01 1.815151e+00
      vertex 7.671756e-01 3.415686e-01 1.815151e+00
      vertex 8.909658e-01 2.894923e-01 1.767024e+00
    endloop
  endfacet
  facet normal -4.152574e-01 -1.594024e-01 -8.956295e-01
    outer loop
      vertex 8.909658e-01 2.894923e-01 1.767024e+00
      vertex 7.671756e-01 3.415686e-01 1.815151e+00
      vertex 8.558248e-01 3.810378e-01 1.767024e+00
    endloop
  endfacet
  facet normal -3.963205e-01 -2.019354e-01 -8.956295e-01
    outer loop
      vertex 7.671756e-01 3.415686e-01 1.815151e+00
      vertex 7.272693e-01 4.198891e-01 1.815151e+00
      vertex 8.558248e-01 3.810378e-01 1.767024e+00
    endloop
  endfacet
  facet normal -3.963205e-01 -2.019354e-01 -8.956295e-01
    outer loop
      vertex 8.558248e-01 3.810378e-01 1.767024e+00
      vertex 7.272693e-01 4.198891e-01 1.815151e+00
      vertex 8.113072e-01 4.684084e-01 1.767024e+00
    endloop
  endfacet
  facet normal -3.730414e-01 -2.422559e-01 -8.956295e-01
    outer loop
      vertex 7.272693e-01 4.198891e-01 1.815151e+00
      vertex 6.793948e-01 4.936092e-01 1.815151e+00
      vertex 8.113072e-01 4.684084e-01 1.767024e+00
    endloop
  endfacet
  facet normal -3.730414e-01 -2.422559e-01 -8.956295e-01
    outer loop
      vertex 8.113072e-01 4.684084e-01 1.767024e+00
      vertex 6.793948e-01 4.936092e-01 1.815151e+00
      vertex 7.579008e-01 5.506471e-01 1.767024e+00
    endloop
  endfacet
  facet normal -3.456752e-01 -2.799223e-01 -8.956295e-01
    outer loop
      vertex 6.793948e-01 4.936092e-01 1.815151e+00
      vertex 6.240768e-01 5.619213e-01 1.815151e+00
      vertex 7.579008e-01 5.506471e-01 1.767024e+00
    endloop
  endfacet
  facet normal -3.456752e-01 -2.799223e-01 -8.956295e-01
    outer loop
      vertex 7.579008e-01 5.506471e-01 1.767024e+00
      vertex 6.240768e-01 5.619213e-01 1.815151e+00
      vertex 6.961906e-01 6.268528e-01 1.767024e+00
    endloop
  endfacet
  facet normal -3.145217e-01 -3.145217e-01 -8.956295e-01
    outer loop
      vertex 6.240768e-01 5.619213e-01 1.815151e+00
      vertex 5.619213e-01 6.240768e-01 1.815151e+00
      vertex 6.961906e-01 6.268528e-01 1.767024e+00
    endloop
  endfacet
  facet normal -3.145217e-01 -3.145217e-01 -8.956295e-01
    outer loop
      vertex 6.961906e-01 6.268528e-01 1.767024e+00
      vertex 5.619213e-01 6.240768e-01 1.815151e+00
      vertex 6.268528e-01 6.961906e-01 1.767024e+00
    endloop
  endfacet
  facet normal -2.799223e-01 -3.456752e-01 -8.956295e-01
    outer loop
      vertex 5.619213e-01 6.240768e-01 1.815151e+00
      vertex 4.936092e-01 6.793948e-01 1.815151e+00
      vertex 6.268528e-01 6.961906e-01 1.767024e+00
    endloop
  endfacet
  facet normal -2.799223e-01 -3.456752e-01 -8.956295e-01
    outer loop
      vertex 6.268528e-01 6.961906e-01 1.767024e+00
      vertex 4.936092e-01 6.793948e-01 1.815151e+00
      vertex 5.506471e-01 7.579008e-01 1.767024e+00
    endloop
  endfacet
  facet normal -2.422559e-01 -3.730414e-01 -8.956295e-01
    outer loop
      vertex 4.936092e-01 6.793948e-01 1.815151e+00
      vertex 4.198891e-01 7.272693e-01 1.815151e+00
      vertex 5.506471e-01 7.579008e-01 1.767024e+00
    endloop
  endfacet
  facet normal -2.422559e-01 -3.730414e-01 -8.956295e-01
    outer loop
      vertex 5.506471e-01 7.579008e-01 1.767024e+00
      vertex 4.198891e-01 7.272693e-01 1.815151e+00
      vertex 4.684084e-01 8.113072e-01 1.767024e+00
    endloop
  endfacet
  facet normal -2.019354e-01 -3.963205e-01 -8.956295e-01
    outer loop
      vertex 4.198891e-01 7.272693e-01 1.815151e+00
      vertex 3.415686e-01 7.671756e-01 1.815151e+00
      vertex 4.684084e-01 8.113072e-01 1.767024e+00
    endloop
  endfacet
  facet normal -2.019354e-01 -3.963205e-01 -8.956295e-01
    outer loop
      vertex 4.684084e-01 8.113072e-01 1.767024e+00
      vertex 3.415686e-01 7.671756e-01 1.815151e+00
      vertex 3.810378e-01 8.558248e-01 1.767024e+00
    endloop
  endfacet
  facet normal -1.594024e-01 -4.152574e-01 -8.956295e-01
    outer loop
      vertex 3.415686e-01 7.671756e-01 1.815151e+00
      vertex 2.595057e-01 7.986765e-01 1.815151e+00
      vertex 3.810378e-01 8.558248e-01 1.767024e+00
    endloop
  endfacet
  facet normal -1.594024e-01 -4.152574e-01 -8.956295e-01
    outer loop
      vertex 3.810378e-01 8.558248e-01 1.767024e+00
      vertex 2.595057e-01 7.986765e-01 1.815151e+00
      vertex 2.894923e-01 8.909658e-01 1.767024e+00
    endloop
  endfacet
  facet normal -1.151229e-01 -4.296447e-01 -8.956295e-01
    outer loop
      vertex 2.595057e-01 7.986765e-01 1.815151e+00
      vertex 1.745997e-01 8.214270e-01 1.815151e+00
      vertex 2.894923e-01 8.909658e-01 1.767024e+00
    endloop
  endfacet
  facet normal -1.151229e-01 -4.296447e-01 -8.956295e-01
    outer loop
      vertex 2.894923e-01 8.909658e-01 1.767024e+00
      vertex 1.745997e-01 8.214270e-01 1.815151e+00
      vertex 1.947752e-01 9.163452e-01 1.767024e+00
    endloop
  endfacet
  facet normal -6.958219e-02 -4.393246e-01 -8.956295e-01
    outer loop
      vertex 1.745997e-01 8.214270e-01 1.815151e+00
      vertex 8.778073e-02 8.351778e-01 1.815151e+00
      vertex 1.947752e-01 9.163452e-01 1.767024e+00
    endloop
  endfacet
  facet normal -6.958219e-02 -4.393246e-01 -8.956295e-01
    outer loop
      vertex 1.947752e-01 9.163452e-01 1.767024e+00
      vertex 8.778073e-02 8.351778e-01 1.815151e+00
      vertex 9.792403e-02 9.316849e-01 1.767024e+00
    endloop
  endfacet
  facet normal -2.327908e-02 -4.441913e-01 -8.956295e-01
    outer loop
      vertex 8.778073e-02 8.351778e-01 1.815151e+00
      vertex 5.142158e-17 8.397782e-01 1.815151e+00
      vertex 9.792403e-02 9.316849e-01 1.767024e+00
    endloop
  endfacet
  facet normal -2.327908e-02 -4.441913e-01 -8.956295e-01
    outer loop
      vertex 9.792403e-02 9.316849e-01 1.767024e+00
      vertex 5.142158e-17 8.397782e-01 1.815151e+00
      vertex 5.736349e-17 9.368169e-01 1.767024e+00
    endloop
  endfacet
  facet normal 2.327908e-02 -4.441913e-01 -8.956295e-01
    outer loop
      vertex 5.142158e-17 8.397782e-01 1.815151e+00
      vertex -8.778073e-02 8.351778e-01 1.815151e+00
      vertex 5.736349e-17 9.368169e-01 1.767024e+00
    endloop
  endfacet
  facet normal 2.327908e-02 -4.441913e-01 -8.956295e-01
    outer loop
      vertex 5.736349e-17 9.368169e-01 1.767024e+00
      vertex -8.778073e-02 8.351778e-01 1.815151e+00
      vertex -9.792403e-02 9.316849e-01 1.767024e+00
    endloop
  endfacet
  facet normal 6.958219e-02 -4.393246e-01 -8.956295e-01
    outer loop
      vertex -8.778073e-02 8.351778e-01 1.815151e+00
      vertex -1.745997e-01 8.214270e-01 1.815151e+00
      vertex -9.792403e-02 9.316849e-01 1.767024e+00
    endloop
  endfacet
  facet normal 6.958219e-02 -4.393246e-01 -8.956295e-01
    outer loop
      vertex -9.792403e-02 9.316849e-01 1.767024e+00
      vertex -1.745997e-01 8.214270e-01 1.815151e+00
      vertex -1.947752e-01 9.163452e-01 1.767024e+00
    endloop
  endfacet
  facet normal 1.151229e-01 -4.296447e-01 -8.956295e-01
    outer loop
      vertex -1.745997e-01 8.214270e-01 1.815151e+00
      vertex -2.595057e-01 7.986765e-01 1.815151e+00
      vertex -1.947752e-01 9.163452e-01 1.767024e+00
    endloop
  endfacet
  facet normal 1.151229e-01 -4.296447e-01 -8.956295e-01
    outer loop
      vertex -1.947752e-01 9.163452e-01 1.767024e+00
      vertex -2.595057e-01 7.986765e-01 1.815151e+00
      vertex -2.894923e-01 8.909658e-01 1.767024e+00
    endloop
  endfacet
  facet normal 1.594024e-01 -4.152574e-01 -8.956295e-01
    outer loop
      vertex -2.595057e-01 7.986765e-01 1.815151e+00
      vertex -3.415686e-01 7.671756e-01 1.815151e+00
      vertex -2.894923e-01 8.909658e-01 1.767024e+00
    endloop
  endfacet
  facet normal 1.594024e-01 -4.152574e-01 -8.956295e-01
    outer loop
      vertex -2.894923e-01 8.909658e-01 1.767024e+00
      vertex -3.415686e-01 7.671756e-01 1.815151e+00
      vertex -3.810378e-01 8.558248e-01 1.767024e+00
    endloop
  endfacet
  facet normal 2.019354e-01 -3.963205e-01 -8.956295e-01
    outer loop
      vertex -3.415686e-01 7.671756e-01 1.815151e+00
      vertex -4.198891e-01 7.272693e-01 1.815151e+00
      vertex -3.810378e-01 8.558248e-01 1.767024e+00
    endloop
  endfacet
  facet normal 2.019354e-01 -3.963205e-01 -8.956295e-01
    outer loop
      vertex -3.810378e-01 8.558248e-01 1.767024e+00
      vertex -4.198891e-01 7.272693e-01 1.815151e+00
      vertex -4.684084e-01 8.113072e-01 1.767024e+00
    endloop
  endfacet
  facet normal 2.422559e-01 -3.730414e-01 -8.956295e-01
    outer loop
      vertex -4.198891e-01 7.272693e-01 1.815151e+00
      vertex -4.936092e-01 6.793948e-01 1.815151e+00
      vertex -4.684084e-01 8.113072e-01 1.767024e+00
    endloop
  endfacet
  facet normal 2.422559e-01 -3.730414e-01 -8.956295e-01
    outer loop
      vertex -4.684084e-01 8.113072e-01 1.767024e+00
      vertex -4.936092e-01 6.793948e-01 1.815151e+00
      vertex -5.506471e-01 7.579008e-01 1.767024e+00
    endloop
  endfacet
  facet normal 2.799223e-01 -3.456752e-01 -8.956295e-01
    outer loop
      vertex -4.936092e-01 6.793948e-01 1.815151e+00
      vertex -5.619213e-01 6.240768e-01 1.815151e+00
      vertex -5.506471e-01 7.579008e-01 1.767024e+00
    endloop
  endfacet
  facet normal 2.799223e-01 -3.456752e-01 -8.956295e-01
    outer loop
      vertex -5.506471e-01 7.579008e-01 1.767024e+00
      vertex -5.619213e-01 6.240768e-01 1.815151e+00
      vertex -6.268528e-01 6.961906e-01 1.767024e+00
    endloop
  endfacet
  facet normal 3.145217e-01 -3.145217e-01 -8.956295e-01
    outer loop
      vertex -5.619213e-01 6.240768e-01 1.815151e+00
      vertex -6.240768e-01 5.619213e-01 1.815151e+00
      vertex -6.268528e-01 6.961906e-01 1.767024e+00
    endloop
  endfacet
  facet normal 3.145217e-01 -3.145217e-01 -8.956295e-01
    outer loop
      vertex -6.268528e-01 6.961906e-01 1.767024e+00
      vertex -6.240768e-01 5.619213e-01 1.815151e+00
      vertex -6.961906e-01 6.268528e-01 1.767024e+00
    endloop
  endfacet
  facet normal 3.456752e-01 -2.799223e-01 -8.956295e-01
    outer loop
      vertex -6.240768e-01 5.619213e-01 1.815151e+00
      vertex -6.793948e-01 4.936092e-01 1.815151e+00
      vertex -6.961906e-01 6.268528e-01 1.767024e+00
    endloop
  endfacet
  facet normal 3.456752e-01 -2.799223e-01 -8.956295e-01
    outer loop
      vertex -6.961906e-01 6.268528e-01 1.767024e+00
      vertex -6.793948e-01 4.936092e-01 1.815151e+00
      vertex -7.579008e-01 5.506471e-01 1.767024e+00
    endloop
  endfacet
  facet normal 3.730414e-01 -2.422559e-01 -8.956295e-01
    outer loop
      vertex -6.793948e-01 4.936092e-01 1.815151e+00
      vertex -7.272693e-01 4.198891e-01 1.815151e+00
      vertex -7.579008e-01 5.506471e-01 1.767024e+00
    endloop
  endfacet
  facet normal 3.730414e-01 -2.422559e-01 -8.956295e-01
    outer loop
      vertex -7.579008e-01 5.506471e-01 1.767024e+00
      vertex -7.272693e-01 4.198891e-01 1.815151e+00
      vertex -8.113072e-01 4.684084e-01 1.767024e+00
    endloop
  endfacet
  facet normal 3.963205e-01 -2.019354e-01 -8.956295e-01
    outer loop
      vertex -7.272693e-01 4.198891e-01 1.815151e+00
      vertex -7.671756e-01 3.415686e-01 1.815151e+00
      vertex -8.113072e-01 4.684084e-01 1.767024e+00
    endloop
  endfacet
  facet normal 3.963205e-01 -2.019354e-01 -8.956295e-01
    outer loop
      vertex -8.113072e-01 4.684084e-01 1.767024e+00
      vertex -7.671756e-01 3.415686e-01 1.815151e+00
      vertex -8.558248e-01 3.810378e-01 1.767024e+00
    endloop
  endfacet
  facet normal 4.152574e-01 -1.594024e-01 -8.956295e-01
    outer loop
      vertex -7.671756e-01 3.415686e-01 1.815151e+00
      vertex -7.986765e-01 2.595057e-01 1.815151e+00
      vertex -8.558248e-01 3.810378e-01 1.767024e+00
    endloop
  endfacet
  facet normal 4.152574e-01 -1.594024e-01 -8.956295e-01
    outer loop
      vertex -8.558248e-01 3.810378e-01 1.767024e+00
      vertex -7.986765e-01 2.595057e-01 1.815151e+00
      vertex -8.909658e-01 2.894923e-01 1.767024e+00
    endloop
  endfacet
  facet normal 4.296447e-01 -1.151229e-01 -8.956295e-01
    outer loop
      vertex -7.986765e-01 2.595057e-01 1.815151e+00
      vertex -8.214270e-01 1.745997e-01 1.815151e+00
      vertex -8.909658e-01 2.894923e-01 1.767024e+00
    endloop
  endfacet
  facet normal 4.296447e-01 -1.151229e-01 -8.956295e-01
    outer loop
      vertex -8.909658e-01 2.894923e-01 1.767024e+00
      vertex -8.214270e-01 1.745997e-01 1.815151e+00
      vertex -9.163452e-01 1.947752e-01 1.767024e+00
    endloop
  endfacet
  facet normal 4.393246e-01 -6.958219e-02 -8.956295e-01
    outer loop
      vertex -8.214270e-01 1.745997e-01 1.815151e+00
      vertex -8.351778e-01 8.778073e-02 1.815151e+00
      vertex -9.163452e-01 1.947752e-01 1.767024e+00
    endloop
  endfacet
  facet normal 4.393246e-01 -6.958219e-02 -8.956295e-01
    outer loop
      vertex -9.163452e-01 1.947752e-01 1.767024e+00
      vertex -8.351778e-01 8.778073e-02 1.815151e+00
      vertex -9.316849e-01 9.792403e-02 1.767024e+00
    endloop
  endfacet
  facet normal 4.441913e-01 -2.327908e-02 -8.956295e-01
    outer loop
      vertex -8.351778e-01 8.778073e-02 1.815151e+00
      vertex -8.397782e-01 1.028432e-16 1.815151e+00
      vertex -9.316849e-01 9.792403e-02 1.767024e+00
    endloop
  endfacet
  facet normal 4.441913e-01 -2.327908e-02 -8.956295e-01
    outer loop
      vertex -9.316849e-01 9.792403e-02 1.767024e+00
      vertex -8.397782e-01 1.028432e-16 1.815151e+00
      vertex -9.368169e-01 1.147270e-16 1.767024e+00
    endloop
  endfacet
  facet normal 4.441913e-01 2.327908e-02 -8.956295e-01
    outer loop
      vertex -8.397782e-01 1.028432e-16 1.815151e+00
      vertex -8.351778e-01 -8.778073e-02 1.815151e+00
      vertex -9.368169e-01 1.147270e-16 1.767024e+00
    endloop
  endfacet
  facet normal 4.441913e-01 2.327908e-02 -8.956295e-01
    outer loop
      vertex -9.368169e-01 1.147270e-16 1.767024e+00
      vertex -8.351778e-01 -8.778073e-02 1.815151e+00
      vertex -9.316849e-01 -9.792403e-02 1.767024e+00
    endloop
  endfacet
  facet normal 4.393246e-01 6.958219e-02 -8.956295e-01
    outer loop
      vertex -8.351778e-01 -8.778073e-02 1.815151e+00
      vertex -8.214270e-01 -1.745997e-01 1.815151e+00
      vertex -9.316849e-01 -9.792403e-02 1.767024e+00
    endloop
  endfacet
  facet normal 4.393246e-01 6.958219e-02 -8.956295e-01
    outer loop
      vertex -9.316849e-01 -9.792403e-02 1.767024e+00
      vertex -8.214270e-01 -1.745997e-01 1.815151e+00
      vertex -9.163452e-01 -1.947752e-01 1.767024e+00
    endloop
  endfacet
  facet normal 4.296447e-01 1.151229e-01 -8.956295e-01
    outer loop
      vertex -8.214270e-01 -1.745997e-01 1.815151e+00
      vertex -7.986765e-01 -2.595057e-01 1.815151e+00
      vertex -9.163452e-01 -1.947752e-01 1.767024e+00
    endloop
  endfacet
  facet normal 4.296447e-01 1.151229e-01 -8.956295e-01
    outer loop
      vertex -9.163452e-01 -1.947752e-01 1.767024e+00
      vertex -7.986765e-01 -2.595057e-01 1.815151e+00
      vertex -8.909658e-01 -2.894923e-01 1.767024e+00
    endloop
  endfacet
  facet normal 4.152574e-01 1.594024e-01 -8.956295e-01
    outer loop
      vertex -7.986765e-01 -2.595057e-01 1.815151e+00
      vertex -7.671756e-01 -3.415686e-01 1.815151e+00
      vertex -8.909658e-01 -2.894923e-01 1.767024e+00
    endloop
  endfacet
  facet normal 4.152574e-01 1.594024e-01 -8.956295e-01
    outer loop
      vertex -8.909658e-01 -2.894923e-01 1.767024e+00
      vertex -7.671756e-01 -3.415686e-01 1.815151e+00
      vertex -8.558248e-01 -3.810378e-01 1.767024e+00
    endloop
  endfacet
  facet normal 3.963205e-01 2.019354e-01 -8.956295e-01
    outer loop
      vertex -7.671756e-01 -3.415686e-01 1.815151e+00
      vertex -7.272693e-01 -4.198891e-01 1.815151e+00
      vertex -8.558248e-01 -3.810378e-01 1.767024e+00
    endloop
  endfacet
  facet normal 3.963205e-01 2.019354e-01 -8.956295e-01
    outer loop
      vertex -8.558248e-01 -3.810378e-01 1.767024e+00
      vertex -7.272693e-01 -4.198891e-01 1.815151e+00
      vertex -8.113072e-01 -4.684084e-01 1.767024e+00
    endloop
  endfacet
  facet normal 3.730414e-01 2.422559e-01 -8.956295e-01
    outer loop
      vertex -7.272693e-01 -4.198891e-01 1.815151e+00
      vertex -6.793948e-01 -4.936092e-01 1.815151e+00
      vertex -8.113072e-01 -4.684084e-01 1.767024e+00
    endloop
  endfacet
  facet normal 3.730414e-01 2.422559e-01 -8.956295e-01
    outer loop
      vertex -8.113072e-01 -4.684084e-01 1.767024e+00
      vertex -6.793948e-01 -4.936092e-01 1.815151e+00
      vertex -7.579008e-01 -5.506471e-01 1.767024e+00
    endloop
  endfacet
  facet normal 3.456752e-01 2.799223e-01 -8.956295e-01
    outer loop
      vertex -6.793948e-01 -4.936092e-01 1.815151e+00
      vertex -6.240768e-01 -5.619213e-01 1.815151e+00
      vertex -7.579008e-01 -5.506471e-01 1.767024e+00
    endloop
  endfacet
  facet normal 3.456752e-01 2.799223e-01 -8.956295e-01
    outer loop
      vertex -7.579008e-01 -5.506471e-01 1.767024e+00
      vertex -6.240768e-01 -5.619213e-01 1.815151e+00
      vertex -6.961906e-01 -6.268528e-01 1.767024e+00
    endloop
  endfacet
  facet normal 3.145217e-01 3.145217e-01 -8.956295e-01
    outer loop
      vertex -6.240768e-01 -5.619213e-01 1.815151e+00
      vertex -5.619213e-01 -6.240768e-01 1.815151e+00
      vertex -6.961906e-01 -6.268528e-01 1.767024e+00
    endloop
  endfacet
  facet normal 3.145217e-01 3.145217e-01 -8.956295e-01
    outer loop
      vertex -6.961906e-01 -6.268528e-01 1.767024e+00
      vertex -5.619213e-01 -6.240768e-01 1.815151e+00
      vertex -6.268528e-01 -6.961906e-01 1.767024e+00
    endloop
  endfacet
  facet normal 2.799223e-01 3.456752e-01 -8.956295e-01
    outer loop
      vertex -5.619213e-01 -6.240768e-01 1.815151e+00
      vertex -4.936092e-01 -6.793948e-01 1.815151e+00
      vertex -6.268528e-01 -6.961906e-01 1.767024e+00
    endloop
  endfacet
  facet normal 2.799223e-01 3.456752e-01 -8.956295e-01
    outer loop
      vertex -6.268528e-01 -6.961906e-01 1.767024e+00
      vertex -4.936092e-01 -6.793948e-01 1.815151e+00
      vertex -5.506471e-01 -7.579008e-01 1.767024e+00
    endloop
  endfacet
  facet normal 2.422559e-01 3.730414e-01 -8.956295e-01
    outer loop
      vertex -4.936092e-01 -6.793948e-01 1.815151e+00
      vertex -4.198891e-01 -7.272693e-01 1.815151e+00
      vertex -5.506471e-01 -7.579008e-01 1.767024e+00
    endloop
  endfacet
  facet normal 2.422559e-01 3.730414e-01 -8.956295e-01
    outer loop
      vertex -5.506471e-01 -7.579008e-01 1.767024e+00
      vertex -4.198891e-01 -7.272693e-01 1.815151e+00
      vertex -4.684084e-01 -8.113072e-01 1.767024e+00
    endloop
  endfacet
  facet normal 2.019354e-01 3.963205e-01 -8.956295e-01
    outer loop
      vertex -4.198891e-01 -7.272693e-01 1.815151e+00
      vertex -3.415686e-01 -7.671756e-01 1.815151e+00
      vertex -4.684084e-01 -8.113072e-01 1.767024e+00
    endloop
  endfacet
  facet normal 2.019354e-01 3.963205e-01 -8.956295e-01
    outer loop
      vertex -4.684084e-01 -8.113072e-01 1.767024e+00
      vertex -3.415686e-01 -7.671756e-01 1.815151e+00
      vertex -3.810378e-01 -8.558248e-01 1.767024e+00
    endloop
  endfacet
  facet normal 1.594024e-01 4.152574e-01 -8.956295e-01
    outer loop
      vertex -3.415686e-01 -7.671756e-01 1.815151e+00
      vertex -2.595057e-01 -7.986765e-01 1.815151e+00
      vertex -3.810378e-01 -8.558248e-01 1.767024e+00
    endloop
  endfacet
  facet normal 1.594024e-01 4.152574e-01 -8.956295e-01
    outer loop
      vertex -3.810378e-01 -8.558248e-01 1.767024e+00
      vertex -2.595057e-01 -7.986765e-01 1.815151e+00
      vertex -2.894923e-01 -8.909658e-01 1.767024e+00
    endloop
  endfacet
  facet normal 1.151229e-01 4.296447e-01 -8.956295e-01
    outer loop
      vertex -2.595057e-01 -7.986765e-01 1.815151e+00
      vertex -1.745997e-01 -8.214270e-01 1.815151e+00
      vertex -2.894923e-01 -8.909658e-01 1.767024e+00
    endloop
  endfacet
  facet normal 1.151229e-01 4.296447e-01 -8.956295e-01
    outer loop
      vertex -2.894923e-01 -8.909658e-01 1.767024e+00
      vertex -1.745997e-01 -8.214270e-01 1.815151e+00
      vertex -1.947752e-01 -9.163452e-01 1.767024e+00
    endloop
  endfacet
  facet normal 6.958219e-02 4.393246e-01 -8.956295e-01
    outer loop
      vertex -1.745997e-01 -8.214270e-01 1.815151e+00
      vertex -8.778073e-02 -8.351778e-01 1.815151e+00
      vertex -1.947752e-01 -9.163452e-01 1.767024e+00
    endloop
  endfacet
  facet normal 6.958219e-02 4.393246e-01 -8.956295e-01
    outer loop
      vertex -1.947752e-01 -9.163452e-01 1.767024e+00
      vertex -8.778073e-02 -8.351778e-01 1.815151e+00
      vertex -9.792403e-02 -9.316849e-01 1.767024e+00
    endloop
  endfacet
  facet normal 2.327908e-02 4.441913e-01 -8.956295e-01
    outer loop
      vertex -8.778073e-02 -8.351778e-01 1.815151e+00
      vertex -1.542648e-16 -8.397782e-01 1.815151e+00
      vertex -9.792403e-02 -9.316849e-01 1.767024e+00
    endloop
  endfacet
  facet normal 2.327908e-02 4.441913e-01 -8.956295e-01
    outer loop
      vertex -9.792403e-02 -9.316849e-01 1.767024e+00
      vertex -1.542648e-16 -8.397782e-01 1.815151e+00
      vertex -1.720905e-16 -9.368169e-01 1.767024e+00
    endloop
  endfacet
  facet normal -2.327908e-02 4.441913e-01 -8.956295e-01
    outer loop
      vertex -1.542648e-16 -8.397782e-01 1.815151e+00
      vertex 8.778073e-02 -8.351778e-01 1.815151e+00
      vertex -1.720905e-16 -9.368169e-01 1.767024e+00
    endloop
  endfacet
  facet normal -2.327908e-02 4.441913e-01 -8.956295e-01
    outer loop
      vertex -1.720905e-16 -9.368169e-01 1.767024e+00
      vertex 8.778073e-02 -8.351778e-01 1.815151e+00
      vertex 9.792403e-02 -9.316849e-01 1.767024e+00
    endloop
  endfacet
  facet normal -6.958219e-02 4.393246e-01 -8.956295e-01
    outer loop
      vertex 8.778073e-02 -8.351778e-01 1.815151e+00
      vertex 1.745997e-01 -8.214270e-01 1.815151e+00
      vertex 9.792403e-02 -9.316849e-01 1.767024e+00
    endloop
  endfacet
  facet normal -6.958219e-02 4.393246e-01 -8.956295e-01
    outer loop
      vertex 9.792403e-02 -9.316849e-01 1.767024e+00
      vertex 1.745997e-01 -8.214270e-01 1.815151e+00
      vertex 1.947752e-01 -9.163452e-01 1.767024e+00
    endloop
  endfacet
  facet normal -1.151229e-01 4.296447e-01 -8.956295e-01
    outer loop
      vertex 1.745997e-01 -8.214270e-01 1.815151e+00
      vertex 2.595057e-01 -7.986765e-01 1.815151e+00
      vertex 1.947752e-01 -9.163452e-01 1.767024e+00
    endloop
  endfacet
  facet normal -1.151229e-01 4.296447e-01 -8.956295e-01
    outer loop
      vertex 1.947752e-01 -9.163452e-01 1.767024e+00
      vertex 2.595057e-01 -7.986765e-01 1.815151e+00
      vertex 2.894923e-01 -8.909658e-01 1.767024e+00
    endloop
  endfacet
  facet normal -1.594024e-01 4.152574e-01 -8.956295e-01
    outer loop
      vertex 2.595057e-01 -7.986765e-01 1.815151e+00
      vertex 3.415686e-01 -7.671756e-01 1.815151e+00
      vertex 2.894923e-01 -8.909658e-01 1.767024e+00
    endloop
  endfacet
  facet normal -1.594024e-01 4.152574e-01 -8.956295e-01
    outer loop
      vertex 2.894923e-01 -8.909658e-01 1.767024e+00
      vertex 3.415686e-01 -7.671756e-01 1.815151e+00
      vertex 3.810378e-01 -8.558248e-01 1.767024e+00
    endloop
  endfacet
  facet normal -2.019354e-01 3.963205e-01 -8.956295e-01
    outer loop
      vertex 3.415686e-01 -7.671756e-01 1.815151e+00
      vertex 4.198891e-01 -7.272693e-01 1.815151e+00
      vertex 3.810378e-01 -8.558248e-01 1.767024e+00
    endloop
  endfacet
  facet normal -2.019354e-01 3.963205e-01 -8.956295e-01
    outer loop
      vertex 3.810378e-01 -8.558248e-01 1.767024e+00
      vertex 4.198891e-01 -7.272693e-01 1.815151e+00
      vertex 4.684084e-01 -8.113072e-01 1.767024e+00
    endloop
  endfacet
  facet normal -2.422559e-01 3.730414e-01 -8.956295e-01
    outer loop
      vertex 4.198891e-01 -7.272693e-01 1.815151e+00
      vertex 4.936092e-01 -6.793948e-01 1.815151e+00
      vertex 4.684084e-01 -8.113072e-01 1.767024e+00
    endloop
  endfacet
  facet normal -2.422559e-01 3.730414e-01 -8.956295e-01
    outer loop
      vertex 4.684084e-01 -8.113072e-01 1.767024e+00
      vertex 4.936092e-01 -6.793948e-01 1.815151e+00
      vertex 5.506471e-01 -7.579008e-01 1.767024e+00
    endloop
  endfacet
  facet normal -2.799223e-01 3.456752e-01 -8.956295e-01
    outer loop
      vertex 4.936092e-01 -6.793948e-01 1.815151e+00
      vertex 5.619213e-01 -6.240768e-01 1.815151e+00
      vertex 5.506471e-01 -7.579008e-01 1.767024e+00
    endloop
  endfacet
  facet normal -2.799223e-01 3.456752e-01 -8.956295e-01
    outer loop
      vertex 5.506471e-01 -7.579008e-01 1.767024e+00
      vertex 5.619213e-01 -6.240768e-01 1.815151e+00
      vertex 6.268528e-01 -6.961906e-01 1.767024e+00
    endloop
  endfacet
  facet normal -3.145217e-01 3.145217e-01 -8.956295e-01
    outer loop
      vertex 5.619213e-01 -6.240768e-01 1.815151e+00
      vertex 6.240768e-01 -5.619213e-01 1.815151e+00
      vertex 6.268528e-01 -6.961906e-01 1.767024e+00
    endloop
  endfacet
  facet normal -3.145217e-01 3.145217e-01 -8.956295e-01
    outer loop
      vertex 6.268528e-01 -6.961906e-01 1.767024e+00
      vertex 6.240768e-01 -5.619213e-01 1.815151e+00
      vertex 6.961906e-01 -6.268528e-01 1.767024e+00
    endloop
  endfacet
  facet normal -3.456752e-01 2.799223e-01 -8.956295e-01
    outer loop
      vertex 6.240768e-01 -5.619213e-01 1.815151e+00
      vertex 6.793948e-01 -4.936092e-01 1.815151e+00
      vertex 6.961906e-01 -6.268528e-01 1.767024e+00
    endloop
  endfacet
  facet normal -3.456752e-01 2.799223e-01 -8.956295e-01
    outer loop
      vertex 6.961906e-01 -6.268528e-01 1.767024e+00
      vertex 6.793948e-01 -4.936092e-01 1.815151e+00
      vertex 7.579008e-01 -5.506471e-01 1.767024e+00
    endloop
  endfacet
  facet normal -3.730414e-01 2.422559e-01 -8.956295e-01
    outer loop
      vertex 6.793948e-01 -4.936092e-01 1.815151e+00
      vertex 7.272693e-01 -4.198891e-01 1.815151e+00
      vertex 7.579008e-01 -5.506471e-01 1.767024e+00
    endloop
  endfacet
  facet normal -3.730414e-01 2.422559e-01 -8.956295e-01
    outer loop
      vertex 7.579008e-01 -5.506471e-01 1.767024e+00
      vertex 7.272693e-01 -4.198891e-01 1.815151e+00
      vertex 8.113072e-01 -4.684084e-01 1.767024e+00
    endloop
  endfacet
  facet normal -3.963205e-01 2.019354e-01 -8.956295e-01
    outer loop
      vertex 7.272693e-01 -4.198891e-01 1.815151e+00
      vertex 7.671756e-01 -3.415686e-01 1.815151e+00
      vertex 8.113072e-01 -4.684084e-01 1.767024e+00
    endloop
  endfacet
  facet normal -3.963205e-01 2.019354e-01 -8.956295e-01
    outer loop
      vertex 8.113072e-01 -4.684084e-01 1.767024e+00
      vertex 7.671756e-01 -3.415686e-01 1.815151e+00
      vertex 8.558248e-01 -3.810378e-01 1.767024e+00
    endloop
  endfacet
  facet normal -4.152574e-01 1.594024e-01 -8.956295e-01
    outer loop
      vertex 7.671756e-01 -3.415686e-01 1.815151e+00
      vertex 7.986765e-01 -2.595057e-01 1.815151e+00
      vertex 8.558248e-01 -3.810378e-01 1.767024e+00
    endloop
  endfacet
  facet normal -4.152574e-01 1.594024e-01 -8.956295e-01
    outer loop
      vertex 8.558248e-01 -3.810378e-01 1.767024e+00
      vertex 7.986765e-01 -2.595057e-01 1.815151e+00
      vertex 8.909658e-01 -2.894923e-01 1.767024e+00
    endloop
  endfacet
  facet normal -4.296447e-01 1.151229e-01 -8.956295e-01
    outer loop
      vertex 7.986765e-01 -2.595057e-01 1.815151e+00
      vertex 8.214270e-01 -1.745997e-01 1.815151e+00
      vertex 8.909658e-01 -2.894923e-01 1.767024e+00
    endloop
  endfacet
  facet normal -4.296447e-01 1.151229e-01 -8.956295e-01
    outer loop
      vertex 8.909658e-01 -2.894923e-01 1.767024e+00
      vertex 8.214270e-01 -1.745997e-01 1.815151e+00
      vertex 9.163452e-01 -1.947752e-01 1.767024e+00
    endloop
  endfacet
  facet normal -4.393246e-01 6.958219e-02 -8.956295e-01
    outer loop
      vertex 8.214270e-01 -1.745997e-01 1.815151e+00
      vertex 8.351778e-01 -8.778073e-02 1.815151e+00
      vertex 9.163452e-01 -1.947752e-01 1.767024e+00
    endloop
  endfacet
  facet normal -4.393246e-01 6.958219e-02 -8.956295e-01
    outer loop
      vertex 9.163452e-01 -1.947752e-01 1.767024e+00
      vertex 8.351778e-01 -8.778073e-02 1.815151e+00
      vertex 9.316849e-01 -9.792403e-02 1.767024e+00
    endloop
  endfacet
  facet normal -4.441913e-01 2.327908e-02 -8.956295e-01
    outer loop
      vertex 8.351778e-01 -8.778073e-02 1.815151e+00
      vertex 8.397782e-01 0.000000e+00 1.815151e+00
      vertex 9.316849e-01 -9.792403e-02 1.767024e+00
    endloop
  endfacet
  facet normal -4.441913e-01 2.327908e-02 -8.956295e-01
    outer loop
      vertex 9.316849e-01 -9.792403e-02 1.767024e+00
      vertex 8.397782e-01 0.000000e+00 1.815151e+00
      vertex 9.368169e-01 0.000000e+00 1.767024e+00
    endloop
  endfacet
  facet normal -4.919980e-01 -2.578452e-02 -8.702144e-01
    outer loop
      vertex 9.368169e-01 0.000000e+00 1.767024e+00
      vertex 9.316849e-01 9.792403e-02 1.767024e+00
      vertex 1.031108e+00 0.000000e+00 1.713714e+00
    endloop
  endfacet
  facet normal -4.919980e-01 -2.578452e-02 -8.702144e-01
    outer loop
      vertex 1.031108e+00 0.000000e+00 1.713714e+00
      vertex 9.316849e-01 9.792403e-02 1.767024e+00
      vertex 1.025459e+00 1.077801e-01 1.713714e+00
    endloop
  endfacet
  facet normal -4.866076e-01 -7.707107e-02 -8.702144e-01
    outer loop
      vertex 9.316849e-01 9.792403e-02 1.767024e+00
      vertex 9.163452e-01 1.947752e-01 1.767024e+00
      vertex 1.025459e+00 1.077801e-01 1.713714e+00
    endloop
  endfacet
  facet normal -4.866076e-01 -7.707107e-02 -8.702144e-01
    outer loop
      vertex 1.025459e+00 1.077801e-01 1.713714e+00
      vertex 9.163452e-01 1.947752e-01 1.767024e+00
      vertex 1.008576e+00 2.143793e-01 1.713714e+00
    endloop
  endfacet
  facet normal -4.758858e-01 -1.275132e-01 -8.702144e-01
    outer loop
      vertex 9.163452e-01 1.947752e-01 1.767024e+00
      vertex 8.909658e-01 2.894923e-01 1.767024e+00
      vertex 1.008576e+00 2.143793e-01 1.713714e+00
    endloop
  endfacet
  facet normal -4.758858e-01 -1.275132e-01 -8.702144e-01
    outer loop
      vertex 1.008576e+00 2.143793e-01 1.713714e+00
      vertex 8.909658e-01 2.894923e-01 1.767024e+00
      vertex 9.806417e-01 3.186298e-01 1.713714e+00
    endloop
  endfacet
  facet normal -4.599500e-01 -1.765583e-01 -8.702144e-01
    outer loop
      vertex 8.909658e-01 2.894923e-01 1.767024e+00
      vertex 8.558248e-01 3.810378e-01 1.767024e+00
      vertex 9.806417e-01 3.186298e-01 1.713714e+00
    endloop
  endfacet
  facet normal -4.599500e-01 -1.765583e-01 -8.702144e-01
    outer loop
      vertex 9.806417e-01 3.186298e-01 1.713714e+00
      vertex 8.558248e-01 3.810378e-01 1.767024e+00
      vertex 9.419638e-01 4.193893e-01 1.713714e+00
    endloop
  endfacet
  facet normal -4.389750e-01 -2.236689e-01 -8.702144e-01
    outer loop
      vertex 8.558248e-01 3.810378e-01 1.767024e+00
      vertex 8.113072e-01 4.684084e-01 1.767024e+00
      vertex 9.419638e-01 4.193893e-01 1.713714e+00
    endloop
  endfacet
  facet normal -4.389750e-01 -2.236689e-01 -8.702144e-01
    outer loop
      vertex 9.419638e-01 4.193893e-01 1.713714e+00
      vertex 8.113072e-01 4.684084e-01 1.767024e+00
      vertex 8.929655e-01 5.155539e-01 1.713714e+00
    endloop
  endfacet
  facet normal -4.131905e-01 -2.683291e-01 -8.702144e-01
    outer loop
      vertex 8.113072e-01 4.684084e-01 1.767024e+00
      vertex 7.579008e-01 5.506471e-01 1.767024e+00
      vertex 8.929655e-01 5.155539e-01 1.713714e+00
    endloop
  endfacet
  facet normal -4.131905e-01 -2.683291e-01 -8.702144e-01
    outer loop
      vertex 8.929655e-01 5.155539e-01 1.713714e+00
      vertex 7.579008e-01 5.506471e-01 1.767024e+00
      vertex 8.341837e-01 6.060699e-01 1.713714e+00
    endloop
  endfacet
  facet normal -3.828790e-01 -3.100493e-01 -8.702144e-01
    outer loop
      vertex 7.579008e-01 5.506471e-01 1.767024e+00
      vertex 6.961906e-01 6.268528e-01 1.767024e+00
      vertex 8.341837e-01 6.060699e-01 1.713714e+00
    endloop
  endfacet
  facet normal -3.828790e-01 -3.100493e-01 -8.702144e-01
    outer loop
      vertex 8.341837e-01 6.060699e-01 1.713714e+00
      vertex 6.961906e-01 6.268528e-01 1.767024e+00
      vertex 7.662624e-01 6.899457e-01 1.713714e+00
    endloop
  endfacet
  facet normal -3.483726e-01 -3.483726e-01 -8.702144e-01
    outer loop
      vertex 6.961906e-01 6.268528e-01 1.767024e+00
      vertex 6.268528e-01 6.961906e-01 1.767024e+00
      vertex 7.662624e-01 6.899457e-01 1.713714e+00
    endloop
  endfacet
  facet normal -3.483726e-01 -3.483726e-01 -8.702144e-01
    outer loop
      vertex 7.662624e-01 6.899457e-01 1.713714e+00
      vertex 6.268528e-01 6.961906e-01 1.767024e+00
      vertex 6.899457e-01 7.662624e-01 1.713714e+00
    endloop
  endfacet
  facet normal -3.100493e-01 -3.828790e-01 -8.702144e-01
    outer loop
      vertex 6.268528e-01 6.961906e-01 1.767024e+00
      vertex 5.506471e-01 7.579008e-01 1.767024e+00
      vertex 6.899457e-01 7.662624e-01 1.713714e+00
    endloop
  endfacet
  facet normal -3.100493e-01 -3.828790e-01 -8.702144e-01
    outer loop
      vertex 6.899457e-01 7.662624e-01 1.713714e+00
      vertex 5.506471e-01 7.579008e-01 1.767024e+00
      vertex 6.060699e-01 8.341837e-01 1.713714e+00
    endloop
  endfacet
  facet normal -2.683291e-01 -4.131905e-01 -8.702144e-01
    outer loop
      vertex 5.506471e-01 7.579008e-01 1.767024e+00
      vertex 4.684084e-01 8.113072e-01 1.767024e+00
      vertex 6.060699e-01 8.341837e-01 1.713714e+00
    endloop
  endfacet
  facet normal -2.683291e-01 -4.131905e-01 -8.702144e-01
    outer loop
      vertex 6.060699e-01 8.341837e-01 1.713714e+00
      vertex 4.684084e-01 8.113072e-01 1.767024e+00
      vertex 5.155539e-01 8.929655e-01 1.713714e+00
    endloop
  endfacet
  facet normal -2.236689e-01 -4.389750e-01 -8.702144e-01
    outer loop
      vertex 4.684084e-01 8.113072e-01 1.767024e+00
      vertex 3.810378e-01 8.558248e-01 1.767024e+00
      vertex 5.155539e-01 8.929655e-01 1.713714e+00
    endloop
  endfacet
  facet normal -2.236689e-01 -4.389750e-01 -8.702144e-01
    outer loop
      vertex 5.155539e-01 8.929655e-01 1.713714e+00
      vertex 3.810378e-01 8.558248e-01 1.767024e+00
      vertex 4.193893e-01 9.419638e-01 1.713714e+00
    endloop
  endfacet
  facet normal -1.765583e-01 -4.599500e-01 -8.702144e-01
    outer loop
      vertex 3.810378e-01 8.558248e-01 1.767024e+00
      vertex 2.894923e-01 8.909658e-01 1.767024e+00
      vertex 4.193893e-01 9.419638e-01 1.713714e+00
    endloop
  endfacet
  facet normal -1.765583e-01 -4.599500e-01 -8.702144e-01
    outer loop
      vertex 4.193893e-01 9.419638e-01 1.713714e+00
      vertex 2.894923e-01 8.909658e-01 1.767024e+00
      vertex 3.186298e-01 9.806417e-01 1.713714e+00
    endloop
  endfacet
  facet normal -1.275132e-01 -4.758858e-01 -8.702144e-01
    outer loop
      vertex 2.894923e-01 8.909658e-01 1.767024e+00
      vertex 1.947752e-01 9.163452e-01 1.767024e+00
      vertex 3.186298e-01 9.806417e-01 1.713714e+00
    endloop
  endfacet
  facet normal -1.275132e-01 -4.758858e-01 -8.702144e-01
    outer loop
      vertex 3.186298e-01 9.806417e-01 1.713714e+00
      vertex 1.947752e-01 9.163452e-01 1.767024e+00
      vertex 2.143793e-01 1.008576e+00 1.713714e+00
    endloop
  endfacet
  facet normal -7.707107e-02 -4.866076e-01 -8.702144e-01
    outer loop
      vertex 1.947752e-01 9.163452e-01 1.767024e+00
      vertex 9.792403e-02 9.316849e-01 1.767024e+00
      vertex 2.143793e-01 1.008576e+00 1.713714e+00
    endloop
  endfacet
  facet normal -7.707107e-02 -4.866076e-01 -8.702144e-01
    outer loop
      vertex 2.143793e-01 1.008576e+00 1.713714e+00
      vertex 9.792403e-02 9.316849e-01 1.767024e+00
      vertex 1.077801e-01 1.025459e+00 1.713714e+00
    endloop
  endfacet
  facet normal -2.578452e-02 -4.919980e-01 -8.702144e-01
    outer loop
      vertex 9.792403e-02 9.316849e-01 1.767024e+00
      vertex 5.736349e-17 9.368169e-01 1.767024e+00
      vertex 1.077801e-01 1.025459e+00 1.713714e+00
    endloop
  endfacet
  facet normal -2.578452e-02 -4.919980e-01 -8.702144e-01
    outer loop
      vertex 1.077801e-01 1.025459e+00 1.713714e+00
      vertex 5.736349e-17 9.368169e-01 1.767024e+00
      vertex 6.313714e-17 1.031108e+00 1.713714e+00
    endloop
  endfacet
  facet normal 2.578452e-02 -4.919980e-01 -8.702144e-01
    outer loop
      vertex 5.736349e-17 9.368169e-01 1.767024e+00
      vertex -9.792403e-02 9.316849e-01 1.767024e+00
      vertex 6.313714e-17 1.031108e+00 1.713714e+00
    endloop
  endfacet
  facet normal 2.578452e-02 -4.919980e-01 -8.702144e-01
    outer loop
      vertex 6.313714e-17 1.031108e+00 1.713714e+00
      vertex -9.792403e-02 9.316849e-01 1.767024e+00
      vertex -1.077801e-01 1.025459e+00 1.713714e+00
    endloop
  endfacet
  facet normal 7.707107e-02 -4.866076e-01 -8.702144e-01
    outer loop
      vertex -9.792403e-02 9.316849e-01 1.767024e+00
      vertex -1.947752e-01 9.163452e-01 1.767024e+00
      vertex -1.077801e-01 1.025459e+00 1.713714e+00
    endloop
  endfacet
  facet normal 7.707107e-02 -4.866076e-01 -8.702144e-01
    outer loop
      vertex -1.077801e-01 1.025459e+00 1.713714e+00
      vertex -1.947752e-01 9.163452e-01 1.767024e+00
      vertex -2.143793e-01 1.008576e+00 1.713714e+00
    endloop
  endfacet
  facet normal 1.275132e-01 -4.758858e-01 -8.702144e-01
    outer loop
      vertex -1.947752e-01 9.163452e-01 1.767024e+00
      vertex -2.894923e-01 8.909658e-01 1.767024e+00
      vertex -2.143793e-01 1.008576e+00 1.713714e+00
    endloop
  endfacet
  facet normal 1.275132e-01 -4.758858e-01 -8.702144e-01
    outer loop
      vertex -2.143793e-01 1.008576e+00 1.713714e+00
      vertex -2.894923e-01 8.909658e-01 1.767024e+00
      vertex -3.186298e-01 9.806417e-01 1.713714e+00
    endloop
  endfacet
  facet normal 1.765583e-01 -4.599500e-01 -8.702144e-01
    outer loop
      vertex -2.894923e-01 8.909658e-01 1.767024e+00
      vertex -3.810378e-01 8.558248e-01 1.767024e+00
      vertex -3.186298e-01 9.806417e-01 1.713714e+00
    endloop
  endfacet
  facet normal 1.765583e-01 -4.599500e-01 -8.702144e-01
    outer loop
      vertex -3.186298e-01 9.806417e-01 1.713714e+00
      vertex -3.810378e-01 8.558248e-01 1.767024e+00
      vertex -4.193893e-01 9.419638e-01 1.713714e+00
    endloop
  endfacet
  facet normal 2.236689e-01 -4.389750e-01 -8.702144e-01
    outer loop
      vertex -3.810378e-01 8.558248e-01 1.767024e+00
      vertex -4.684084e-01 8.113072e-01 1.767024e+00
      vertex -4.193893e-01 9.419638e-01 1.713714e+00
    endloop
  endfacet
  facet normal 2.236689e-01 -4.389750e-01 -8.702144e-01
    outer loop
      vertex -4.193893e-01 9.419638e-01 1.713714e+00
      vertex -4.684084e-01 8.113072e-01 1.767024e+00
      vertex -5.155539e-01 8.929655e-01 1.713714e+00
    endloop
  endfacet
  facet normal 2.683291e-01 -4.131905e-01 -8.702144e-01
    outer loop
      vertex -4.684084e-01 8.113072e-01 1.767024e+00
      vertex -5.506471e-01 7.579008e-01 1.767024e+00
      vertex -5.155539e-01 8.929655e-01 1.713714e+00
    endloop
  endfacet
  facet normal 2.683291e-01 -4.131905e-01 -8.702144e-01
    outer loop
      vertex -5.155539e-01 8.929655e-01 1.713714e+00
      vertex -5.506471e-01 7.579008e-01 1.767024e+00
      vertex -6.060699e-01 8.341837e-01 1.713714e+00
    endloop
  endfacet
  facet normal 3.100493e-01 -3.828790e-01 -8.702144e-01
    outer loop
      vertex -5.506471e-01 7.579008e-01 1.767024e+00
      vertex -6.268528e-01 6.961906e-01 1.767024e+00
      vertex -6.060699e-01 8.341837e-01 1.713714e+00
    endloop
  endfacet
  facet normal 3.100493e-01 -3.828790e-01 -8.702144e-01
    outer loop
      vertex -6.060699e-01 8.341837e-01 1.713714e+00
      vertex -6.268528e-01 6.961906e-01 1.767024e+00
      vertex -6.899457e-01 7.662624e-01 1.713714e+00
    endloop
  endfacet
  facet normal 3.483726e-01 -3.483726e-01 -8.702144e-01
    outer loop
      vertex -6.268528e-01 6.961906e-01 1.767024e+00
      vertex -6.961906e-01 6.268528e-01 1.767024e+00
      vertex -6.899457e-01 7.662624e-01 1.713714e+00
    endloop
  endfacet
  facet normal 3.483726e-01 -3.483726e-01 -8.702144e-01
    outer loop
      vertex -6.899457e-01 7.662624e-01 1.713714e+00
      vertex -6.961906e-01 6.268528e-01 1.767024e+00
      vertex -7.662624e-01 6.899457e-01 1.713714e+00
    endloop
  endfacet
  facet normal 3.828790e-01 -3.100493e-01 -8.702144e-01
    outer loop
      vertex -6.961906e-01 6.268528e-01 1.767024e+00
      vertex -7.579008e-01 5.506471e-01 1.767024e+00
      vertex -7.662624e-01 6.899457e-01 1.713714e+00
    endloop
  endfacet
  facet normal 3.828790e-01 -3.100493e-01 -8.702144e-01
    outer loop
      vertex -7.662624e-01 6.899457e-01 1.713714e+00
      vertex -7.579008e-01 5.506471e-01 1.767024e+00
      vertex -8.341837e-01 6.060699e-01 1.713714e+00
    endloop
  endfacet
  facet normal 4.131905e-01 -2.683291e-01 -8.702144e-01
    outer loop
      vertex -7.579008e-01 5.506471e-01 1.767024e+00
      vertex -8.113072e-01 4.684084e-01 1.767024e+00
      vertex -8.341837e-01 6.060699e-01 1.713714e+00
    endloop
  endfacet
  facet normal 4.131905e-01 -2.683291e-01 -8.702144e-01
    outer loop
      vertex -8.341837e-01 6.060699e-01 1.713714e+00
      vertex -8.113072e-01 4.684084e-01 1.767024e+00
      vertex -8.929655e-01 5.155539e-01 1.713714e+00
    endloop
  endfacet
  facet normal 4.389750e-01 -2.236689e-01 -8.702144e-01
    outer loop
      vertex -8.113072e-01 4.684084e-01 1.767024e+00
      vertex -8.558248e-01 3.810378e-01 1.767024e+00
      vertex -8.929655e-01 5.155539e-01 1.713714e+00
    endloop
  endfacet
  facet normal 4.389750e-01 -2.236689e-01 -8.702144e-01
    outer loop
      vertex -8.929655e-01 5.155539e-01 1.713714e+00
      vertex -8.558248e-01 3.810378e-01 1.767024e+00
      vertex -9.419638e-01 4.193893e-01 1.713714e+00
    endloop
  endfacet
  facet normal 4.599500e-01 -1.765583e-01 -8.702144e-01
    outer loop
      vertex -8.558248e-01 3.810378e-01 1.767024e+00
      vertex -8.909658e-01 2.894923e-01 1.767024e+00
      vertex -9.419638e-01 4.193893e-01 1.713714e+00
    endloop
  endfacet
  facet normal 4.599500e-01 -1.765583e-01 -8.702144e-01
    outer loop
      vertex -9.419638e-01 4.193893e-01 1.713714e+00
      vertex -8.909658e-01 2.894923e-01 1.767024e+00
      vertex -9.806417e-01 3.186298e-01 1.713714e+00
    endloop
  endfacet
  facet normal 4.758858e-01 -1.275132e-01 -8.702144e-01
    outer loop
      vertex -8.909658e-01 2.894923e-01 1.767024e+00
      vertex -9.163452e-01 1.947752e-01 1.767024e+00
      vertex -9.806417e-01 3.186298e-01 1.713714e+00
    endloop
  endfacet
  facet normal 4.758858e-01 -1.275132e-01 -8.702144e-01
    outer loop
      vertex -9.806417e-01 3.186298e-01 1.713714e+00
      vertex -9.163452e-01 1.947752e-01 1.767024e+00
      vertex -1.008576e+00 2.143793e-01 1.713714e+00
    endloop
  endfacet
  facet normal 4.866076e-01 -7.707107e-02 -8.702144e-01
    outer loop
      vertex -9.163452e-01 1.947752e-01 1.767024e+00
      vertex -9.316849e-01 9.792403e-02 1.767024e+00
      vertex -1.008576e+00 2.143793e-01 1.713714e+00
    endloop
  endfacet
  facet normal 4.866076e-01 -7.707107e-02 -8.702144e-01
    outer loop
      vertex -1.008576e+00 2.143793e-01 1.713714e+00
      vertex -9.316849e-01 9.792403e-02 1.767024e+00
      vertex -1.025459e+00 1.077801e-01 1.713714e+00
    endloop
  endfacet
  facet normal 4.919980e-01 -2.578452e-02 -8.702144e-01
    outer loop
      vertex -9.316849e-01 9.792403e-02 1.767024e+00
      vertex -9.368169e-01 1.147270e-16 1.767024e+00
      vertex -1.025459e+00 1.077801e-01 1.713714e+00
    endloop
  endfacet
  facet normal 4.919980e-01 -2.578452e-02 -8.702144e-01
    outer loop
      vertex -1.025459e+00 1.077801e-01 1.713714e+00
      vertex -9.368169e-01 1.147270e-16 1.767024e+00
      vertex -1.031108e+00 1.262743e-16 1.713714e+00
    endloop
  endfacet
  facet normal 4.919980e-01 2.578452e-02 -8.702144e-01
    outer loop
      vertex -9.368169e-01 1.147270e-16 1.767024e+00
      vertex -9.316849e-01 -9.792403e-02 1.767024e+00
      vertex -1.031108e+00 1.262743e-16 1.713714e+00
    endloop
  endfacet
  facet normal 4.919980e-01 2.578452e-02 -8.702144e-01
    outer loop
      vertex -1.031108e+00 1.262743e-16 1.713714e+00
      vertex -9.316849e-01 -9.792403e-02 1.767024e+00
      vertex -1.025459e+00 -1.077801e-01 1.713714e+00
    endloop
  endfacet
  facet normal 4.866076e-01 7.707107e-02 -8.702144e-01
    outer loop
      vertex -9.316849e-01 -9.792403e-02 1.767024e+00
      vertex -9.163452e-01 -1.947752e-01 1.767024e+00
      vertex -1.025459e+00 -1.077801e-01 1.713714e+00
    endloop
  endfacet
  facet normal 4.866076e-01 7.707107e-02 -8.702144e-01
    outer loop
      vertex -1.025459e+00 -1.077801e-01 1.713714e+00
      vertex -9.163452e-01 -1.947752e-01 1.767024e+00
      vertex -1.008576e+00 -2.143793e-01 1.713714e+00
    endloop
  endfacet
  facet normal 4.758858e-01 1.275132e-01 -8.702144e-01
    outer loop
      vertex -9.163452e-01 -1.947752e-01 1.767024e+00
      vertex -8.909658e-01 -2.894923e-01 1.767024e+00
      vertex -1.008576e+00 -2.143793e-01 1.713714e+00
    endloop
  endfacet
  facet normal 4.758858e-01 1.275132e-01 -8.702144e-01
    outer loop
      vertex -1.008576e+00 -2.143793e-01 1.713714e+00
      vertex -8.909658e-01 -2.894923e-01 1.767024e+00
      vertex -9.806417e-01 -3.186298e-01 1.713714e+00
    endloop
  endfacet
  facet normal 4.599500e-01 1.765583e-01 -8.702144e-01
    outer loop
      vertex -8.909658e-01 -2.894923e-01 1.767024e+00
      vertex -8.558248e-01 -3.810378e-01 1.767024e+00
      vertex -9.806417e-01 -3.186298e-01 1.713714e+00
    endloop
  endfacet
  facet normal 4.599500e-01 1.765583e-01 -8.702144e-01
    outer loop
      vertex -9.806417e-01 -3.186298e-01 1.713714e+00
      vertex -8.558248e-01 -3.810378e-01 1.767024e+00
      vertex -9.419638e-01 -4.193893e-01 1.713714e+00
    endloop
  endfacet
  facet normal 4.389750e-01 2.236689e-01 -8.702144e-01
    outer loop
      vertex -8.558248e-01 -3.810378e-01 1.767024e+00
      vertex -8.113072e-01 -4.684084e-01 1.767024e+00
      vertex -9.419638e-01 -4.193893e-01 1.713714e+00
    endloop
  endfacet
  facet normal 4.389750e-01 2.236689e-01 -8.702144e-01
    outer loop
      vertex -9.419638e-01 -4.193893e-01 1.713714e+00
      vertex -8.113072e-01 -4.684084e-01 1.767024e+00
      vertex -8.929655e-01 -5.155539e-01 1.713714e+00
    endloop
  endfacet
  facet normal 4.131905e-01 2.683291e-01 -8.702144e-01
    outer loop
      vertex -8.113072e-01 -4.684084e-01 1.767024e+00
      vertex -7.579008e-01 -5.506471e-01 1.767024e+00
      vertex -8.929655e-01 -5.155539e-01 1.713714e+00
    endloop
  endfacet
  facet normal 4.131905e-01 2.683291e-01 -8.702144e-01
    outer loop
      vertex -8.929655e-01 -5.155539e-01 1.713714e+00
      vertex -7.579008e-01 -5.506471e-01 1.767024e+00
      vertex -8.341837e-01 -6.060699e-01 1.713714e+00
    endloop
  endfacet
  facet normal 3.828790e-01 3.100493e-01 -8.702144e-01
    outer loop
      vertex -7.579008e-01 -5.506471e-01 1.767024e+00
      vertex -6.961906e-01 -6.268528e-01 1.767024e+00
      vertex -8.341837e-01 -6.060699e-01 1.713714e+00
    endloop
  endfacet
  facet normal 3.828790e-01 3.100493e-01 -8.702144e-01
    outer loop
      vertex -8.341837e-01 -6.060699e-01 1.713714e+00
      vertex -6.961906e-01 -6.268528e-01 1.767024e+00
      vertex -7.662624e-01 -6.899457e-01 1.713714e+00
    endloop
  endfacet
  facet normal 3.483726e-01 3.483726e-01 -8.702144e-01
    outer loop
      vertex -6.961906e-01 -6.268528e-01 1.767024e+00
      vertex -6.268528e-01 -6.961906e-01 1.767024e+00
      vertex -7.662624e-01 -6.899457e-01 1.713714e+00
    endloop
  endfacet
  facet normal 3.483726e-01 3.483726e-01 -8.702144e-01
    outer loop
      vertex -7.662624e-01 -6.899457e-01 1.713714e+00
      vertex -6.268528e-01 -6.961906e-01 1.767024e+00
      vertex -6.899457e-01 -7.662624e-01 1.713714e+00
    endloop
  endfacet
  facet normal 3.100493e-01 3.828790e-01 -8.702144e-01
    outer loop
      vertex -6.268528e-01 -6.961906e-01 1.767024e+00
      vertex -5.506471e-01 -7.579008e-01 1.767024e+00
      vertex -6.899457e-01 -7.662624e-01 1.713714e+00
    endloop
  endfacet
  facet normal 3.100493e-01 3.828790e-01 -8.702144e-01
    outer loop
      vertex -6.899457e-01 -7.662624e-01 1.713714e+00
      vertex -5.506471e-01 -7.579008e-01 1.767024e+00
      vertex -6.060699e-01 -8.341837e-01 1.713714e+00
    endloop
  endfacet
  facet normal 2.683291e-01 4.131905e-01 -8.702144e-01
    outer loop
      vertex -5.506471e-01 -7.579008e-01 1.767024e+00
      vertex -4.684084e-01 -8.113072e-01 1.767024e+00
      vertex -6.060699e-01 -8.341837e-01 1.713714e+00
    endloop
  endfacet
  facet normal 2.683291e-01 4.131905e-01 -8.702144e-01
    outer loop
      vertex -6.060699e-01 -8.341837e-01 1.713714e+00
      vertex -4.684084e-01 -8.113072e-01 1.767024e+00
      vertex -5.155539e-01 -8.929655e-01 1.713714e+00
    endloop
  endfacet
  facet normal 2.236689e-01 4.389750e-01 -8.702144e-01
    outer loop
      vertex -4.684084e-01 -8.113072e-01 1.767024e+00
      vertex -3.810378e-01 -8.558248e-01 1.767024e+00
      vertex -5.155539e-01 -8.929655e-01 1.713714e+00
    endloop
  endfacet
  facet normal 2.236689e-01 4.389750e-01 -8.702144e-01
    outer loop
      vertex -5.155539e-01 -8.929655e-01 1.713714e+00
      vertex -3.810378e-01 -8.558248e-01 1.767024e+00
      vertex -4.193893e-01 -9.419638e-01 1.713714e+00
    endloop
  endfacet
  facet normal 1.765583e-01 4.599500e-01 -8.702144e-01
    outer loop
      vertex -3.810378e-01 -8.558248e-01 1.767024e+00
      vertex -2.894923e-01 -8.909658e-01 1.767024e+00
      vertex -4.193893e-01 -9.419638e-01 1.713714e+00
    endloop
  endfacet
  facet normal 1.765583e-01 4.599500e-01 -8.702144e-01
    outer loop
      vertex -4.193893e-01 -9.419638e-01 1.713714e+00
      vertex -2.894923e-01 -8.909658e-01 1.767024e+00
      vertex -3.186298e-01 -9.806417e-01 1.713714e+00
    endloop
  endfacet
  facet normal 1.275132e-01 4.758858e-01 -8.702144e-01
    outer loop
      vertex -2.894923e-01 -8.909658e-01 1.767024e+00
      vertex -1.947752e-01 -9.163452e-01 1.767024e+00
      vertex -3.186298e-01 -9.806417e-01 1.713714e+00
    endloop
  endfacet
  facet normal 1.275132e-01 4.758858e-01 -8.702144e-01
    outer loop
      vertex -3.186298e-01 -9.806417e-01 1.713714e+00
      vertex -1.947752e-01 -9.163452e-01 1.767024e+00
      vertex -2.143793e-01 -1.008576e+00 1.713714e+00
    endloop
  endfacet
  facet normal 7.707107e-02 4.866076e-01 -8.702144e-01
    outer loop
      vertex -1.947752e-01 -9.163452e-01 1.767024e+00
      vertex -9.792403e-02 -9.316849e-01 1.767024e+00
      vertex -2.143793e-01 -1.008576e+00 1.713714e+00
    endloop
  endfacet
  facet normal 7.707107e-02 4.866076e-01 -8.702144e-01
    outer loop
      vertex -2.143793e-01 -1.008576e+00 1.713714e+00
      vertex -9.792403e-02 -9.316849e-01 1.767024e+00
      vertex -1.077801e-01 -1.025459e+00 1.713714e+00
    endloop
  endfacet
  facet normal 2.578452e-02 4.919980e-01 -8.702144e-01
    outer loop
      vertex -9.792403e-02 -9.316849e-01 1.767024e+00
      vertex -1.720905e-16 -9.368169e-01 1.767024e+00
      vertex -1.077801e-01 -1.025459e+00 1.713714e+00
    endloop
  endfacet
  facet normal 2.578452e-02 4.919980e-01 -8.702144e-01
    outer loop
      vertex -1.077801e-01 -1.025459e+00 1.713714e+00
      vertex -1.720905e-16 -9.368169e-01 1.767024e+00
      vertex -1.894114e-16 -1.031108e+00 1.713714e+00
    endloop
  endfacet
  facet normal -2.578452e-02 4.919980e-01 -8.702144e-01
    outer loop
      vertex -1.720905e-16 -9.368169e-01 1.767024e+00
      vertex 9.792403e-02 -9.316849e-01 1.767024e+00
      vertex -1.894114e-16 -1.031108e+00 1.713714e+00
    endloop
  endfacet
  facet normal -2.578452e-02 4.919980e-01 -8.702144e-01
    outer loop
      vertex -1.894114e-16 -1.031108e+00 1.713714e+00
      vertex 9.792403e-02 -9.316849e-01 1.767024e+00
      vertex 1.077801e-01 -1.025459e+00 1.713714e+00
    endloop
  endfacet
  facet normal -7.707107e-02 4.866076e-01 -8.702144e-01
    outer loop
      vertex 9.792403e-02 -9.316849e-01 1.767024e+00
      vertex 1.947752e-01 -9.163452e-01 1.767024e+00
      vertex 1.077801e-01 -1.025459e+00 1.713714e+00
    endloop
  endfacet
  facet normal -7.707107e-02 4.866076e-01 -8.702144e-01
    outer loop
      vertex 1.077801e-01 -1.025459e+00 1.713714e+00
      vertex 1.947752e-01 -9.163452e-01 1.767024e+00
      vertex 2.143793e-01 -1.008576e+00 1.713714e+00
    endloop
  endfacet
  facet normal -1.275132e-01 4.758858e-01 -8.702144e-01
    outer loop
      vertex 1.947752e-01 -9.163452e-01 1.767024e+00
      vertex 2.894923e-01 -8.909658e-01 1.767024e+00
      vertex 2.143793e-01 -1.008576e+00 1.713714e+00
    endloop
  endfacet
  facet normal -1.275132e-01 4.758858e-01 -8.702144e-01
    outer loop
      vertex 2.143793e-01 -1.008576e+00 1.713714e+00
      vertex 2.894923e-01 -8.909658e-01 1.767024e+00
      vertex 3.186298e-01 -9.806417e-01 1.713714e+00
    endloop
  endfacet
  facet normal -1.765583e-01 4.599500e-01 -8.702144e-01
    outer loop
      vertex 2.894923e-01 -8.909658e-01 1.767024e+00
      vertex 3.810378e-01 -8.558248e-01 1.767024e+00
      vertex 3.186298e-01 -9.806417e-01 1.713714e+00
    endloop
  endfacet
  facet normal -1.765583e-01 4.599500e-01 -8.702144e-01
    outer loop
      vertex 3.186298e-01 -9.806417e-01 1.713714e+00
      vertex 3.810378e-01 -8.558248e-01 1.767024e+00
      vertex 4.193893e-01 -9.419638e-01 1.713714e+00
    endloop
  endfacet
  facet normal -2.236689e-01 4.389750e-01 -8.702144e-01
    outer loop
      vertex 3.810378e-01 -8.558248e-01 1.767024e+00
      vertex 4.684084e-01 -8.113072e-01 1.767024e+00
      vertex 4.193893e-01 -9.419638e-01 1.713714e+00
    endloop
  endfacet
  facet normal -2.236689e-01 4.389750e-01 -8.702144e-01
    outer loop
      vertex 4.193893e-01 -9.419638e-01 1.713714e+00
      vertex 4.684084e-01 -8.113072e-01 1.767024e+00
      vertex 5.155539e-01 -8.929655e-01 1.713714e+00
    endloop
  endfacet
  facet normal -2.683291e-01 4.131905e-01 -8.702144e-01
    outer loop
      vertex 4.684084e-01 -8.113072e-01 1.767024e+00
      vertex 5.506471e-01 -7.579008e-01 1.767024e+00
      vertex 5.155539e-01 -8.929655e-01 1.713714e+00
    endloop
  endfacet
  facet normal -2.683291e-01 4.131905e-01 -8.702144e-01
    outer loop
      vertex 5.155539e-01 -8.929655e-01 1.713714e+00
      vertex 5.506471e-01 -7.579008e-01 1.767024e+00
      vertex 6.060699e-01 -8.341837e-01 1.713714e+00
    endloop
  endfacet
  facet normal -3.100493e-01 3.828790e-01 -8.702144e-01
    outer loop
      vertex 5.506471e-01 -7.579008e-01 1.767024e+00
      vertex 6.268528e-01 -6.961906e-01 1.767024e+00
      vertex 6.060699e-01 -8.341837e-01 1.713714e+00
    endloop
  endfacet
  facet normal -3.100493e-01 3.828790e-01 -8.702144e-01
    outer loop
      vertex 6.060699e-01 -8.341837e-01 1.713714e+00
      vertex 6.268528e-01 -6.961906e-01 1.767024e+00
      vertex 6.899457e-01 -7.662624e-01 1.713714e+00
    endloop
  endfacet
  facet normal -3.483726e-01 3.483726e-01 -8.702144e-01
    outer loop
      vertex 6.268528e-01 -6.961906e-01 1.767024e+00
      vertex 6.961906e-01 -6.268528e-01 1.767024e+00
      vertex 6.899457e-01 -7.662624e-01 1.713714e+00
    endloop
  endfacet
  facet normal -3.483726e-01 3.483726e-01 -8.702144e-01
    outer loop
      vertex 6.899457e-01 -7.662624e-01 1.713714e+00
      vertex 6.961906e-01 -6.268528e-01 1.767024e+00
      vertex 7.662624e-01 -6.899457e-01 1.713714e+00
    endloop
  endfacet
  facet normal -3.828790e-01 3.100493e-01 -8.702144e-01
    outer loop
      vertex 6.961906e-01 -6.268528e-01 1.767024e+00
      vertex 7.579008e-01 -5.506471e-01 1.767024e+00
      vertex 7.662624e-01 -6.899457e-01 1.713714e+00
    endloop
  endfacet
  facet normal -3.828790e-01 3.100493e-01 -8.702144e-01
    outer loop
      vertex 7.662624e-01 -6.899457e-01 1.713714e+00
      vertex 7.579008e-01 -5.506471e-01 1.767024e+00
      vertex 8.341837e-01 -6.060699e-01 1.713714e+00
    endloop
  endfacet
  facet normal -4.131905e-01 2.683291e-01 -8.702144e-01
    outer loop
      vertex 7.579008e-01 -5.506471e-01 1.767024e+00
      vertex 8.113072e-01 -4.684084e-01 1.767024e+00
      vertex 8.341837e-01 -6.060699e-01 1.713714e+00
    endloop
  endfacet
  facet normal -4.131905e-01 2.683291e-01 -8.702144e-01
    outer loop
      vertex 8.341837e-01 -6.060699e-01 1.713714e+00
      vertex 8.113072e-01 -4.684084e-01 1.767024e+00
      vertex 8.929655e-01 -5.155539e-01 1.713714e+00
    endloop
  endfacet
  facet normal -4.389750e-01 2.236689e-01 -8.702144e-01
    outer loop
      vertex 8.113072e-01 -4.684084e-01 1.767024e+00
      vertex 8.558248e-01 -3.810378e-01 1.767024e+00
      vertex 8.929655e-01 -5.155539e-01 1.713714e+00
    endloop
  endfacet
  facet normal -4.389750e-01 2.236689e-01 -8.702144e-01
    outer loop
      vertex 8.929655e-01 -5.155539e-01 1.713714e+00
      vertex 8.558248e-01 -3.810378e-01 1.767024e+00
      vertex 9.419638e-01 -4.193893e-01 1.713714e+00
    endloop
  endfacet
  facet normal -4.599500e-01 1.765583e-01 -8.702144e-01
    outer loop
      vertex 8.558248e-01 -3.810378e-01 1.767024e+00
      vertex 8.909658e-01 -2.894923e-01 1.767024e+00
      vertex 9.419638e-01 -4.193893e-01 1.713714e+00
    endloop
  endfacet
  facet normal -4.599500e-01 1.765583e-01 -8.702144e-01
    outer loop
      vertex 9.419638e-01 -4.193893e-01 1.713714e+00
      vertex 8.909658e-01 -2.894923e-01 1.767024e+00
      vertex 9.806417e-01 -3.186298e-01 1.713714e+00
    endloop
  endfacet
  facet normal -4.758858e-01 1.275132e-01 -8.702144e-01
    outer loop
      vertex 8.909658e-01 -2.894923e-01 1.767024e+00
      vertex 9.163452e-01 -1.947752e-01 1.767024e+00
      vertex 9.806417e-01 -3.186298e-01 1.713714e+00
    endloop
  endfacet
  facet normal -4.758858e-01 1.275132e-01 -8.702144e-01
    outer loop
      vertex 9.806417e-01 -3.186298e-01 1.713714e+00
      vertex 9.163452e-01 -1.947752e-01 1.767024e+00
      vertex 1.008576e+00 -2.143793e-01 1.713714e+00
    endloop
  endfacet
  facet normal -4.866076e-01 7.707107e-02 -8.702144e-01
    outer loop
      vertex 9.163452e-01 -1.947752e-01 1.767024e+00
      vertex 9.316849e-01 -9.792403e-02 1.767024e+00
      vertex 1.008576e+00 -2.143793e-01 1.713714e+00
    endloop
  endfacet
  facet normal -4.866076e-01 7.707107e-02 -8.702144e-01
    outer loop
      vertex 1.008576e+00 -2.143793e-01 1.713714e+00
      vertex 9.316849e-01 -9.792403e-02 1.767024e+00
      vertex 1.025459e+00 -1.077801e-01 1.713714e+00
    endloop
  endfacet
  facet normal -4.919980e-01 2.578452e-02 -8.702144e-01
    outer loop
      vertex 9.316849e-01 -9.792403e-02 1.767024e+00
      vertex 9.368169e-01 0.000000e+00 1.767024e+00
      vertex 1.025459e+00 -1.077801e-01 1.713714e+00
    endloop
  endfacet
  facet normal -4.919980e-01 2.578452e-02 -8.702144e-01
    outer loop
      vertex 1.025459e+00 -1.077801e-01 1.713714e+00
      vertex 9.368169e-01 0.000000e+00 1.767024e+00
      vertex 1.031108e+00 0.000000e+00 1.713714e+00
    endloop
  endfacet
  facet normal -5.383536e-01 -2.821391e-02 -8.422466e-01
    outer loop
      vertex 1.031108e+00 0.000000e+00 1.713714e+00
      vertex 1.025459e+00 1.077801e-01 1.713714e+00
      vertex 1.122374e+00 0.000000e+00 1.655378e+00
    endloop
  endfacet
  facet normal -5.383536e-01 -2.821391e-02 -8.422466e-01
    outer loop
      vertex 1.122374e+00 0.000000e+00 1.655378e+00
      vertex 1.025459e+00 1.077801e-01 1.713714e+00
      vertex 1.116226e+00 1.173200e-01 1.655378e+00
    endloop
  endfacet
  facet normal -5.324552e-01 -8.433263e-02 -8.422466e-01
    outer loop
      vertex 1.025459e+00 1.077801e-01 1.713714e+00
      vertex 1.008576e+00 2.143793e-01 1.713714e+00
      vertex 1.116226e+00 1.173200e-01 1.655378e+00
    endloop
  endfacet
  facet normal -5.324552e-01 -8.433263e-02 -8.422466e-01
    outer loop
      vertex 1.116226e+00 1.173200e-01 1.655378e+00
      vertex 1.008576e+00 2.143793e-01 1.713714e+00
      vertex 1.097848e+00 2.333547e-01 1.655378e+00
    endloop
  endfacet
  facet normal -5.207232e-01 -1.395274e-01 -8.422466e-01
    outer loop
      vertex 1.008576e+00 2.143793e-01 1.713714e+00
      vertex 9.806417e-01 3.186298e-01 1.713714e+00
      vertex 1.097848e+00 2.333547e-01 1.655378e+00
    endloop
  endfacet
  facet normal -5.207232e-01 -1.395274e-01 -8.422466e-01
    outer loop
      vertex 1.097848e+00 2.333547e-01 1.655378e+00
      vertex 9.806417e-01 3.186298e-01 1.713714e+00
      vertex 1.067441e+00 3.468327e-01 1.655378e+00
    endloop
  endfacet
  facet normal -5.032861e-01 -1.931934e-01 -8.422466e-01
    outer loop
      vertex 9.806417e-01 3.186298e-01 1.713714e+00
      vertex 9.419638e-01 4.193893e-01 1.713714e+00
      vertex 1.067441e+00 3.468327e-01 1.655378e+00
    endloop
  endfacet
  facet normal -5.032861e-01 -1.931934e-01 -8.422466e-01
    outer loop
      vertex 1.067441e+00 3.468327e-01 1.655378e+00
      vertex 9.419638e-01 4.193893e-01 1.713714e+00
      vertex 1.025340e+00 4.565107e-01 1.655378e+00
    endloop
  endfacet
  facet normal -4.803348e-01 -2.447428e-01 -8.422466e-01
    outer loop
      vertex 9.419638e-01 4.193893e-01 1.713714e+00
      vertex 8.929655e-01 5.155539e-01 1.713714e+00
      vertex 1.025340e+00 4.565107e-01 1.655378e+00
    endloop
  endfacet
  facet normal -4.803348e-01 -2.447428e-01 -8.422466e-01
    outer loop
      vertex 1.025340e+00 4.565107e-01 1.655378e+00
      vertex 8.929655e-01 5.155539e-01 1.713714e+00
      vertex 9.720045e-01 5.611871e-01 1.655378e+00
    endloop
  endfacet
  facet normal -4.521209e-01 -2.936107e-01 -8.422466e-01
    outer loop
      vertex 8.929655e-01 5.155539e-01 1.713714e+00
      vertex 8.341837e-01 6.060699e-01 1.713714e+00
      vertex 9.720045e-01 5.611871e-01 1.655378e+00
    endloop
  endfacet
  facet normal -4.521209e-01 -2.936107e-01 -8.422466e-01
    outer loop
      vertex 9.720045e-01 5.611871e-01 1.655378e+00
      vertex 8.341837e-01 6.060699e-01 1.713714e+00
      vertex 9.080197e-01 6.597150e-01 1.655378e+00
    endloop
  endfacet
  facet normal -4.189535e-01 -3.392618e-01 -8.422466e-01
    outer loop
      vertex 8.341837e-01 6.060699e-01 1.713714e+00
      vertex 7.662624e-01 6.899457e-01 1.713714e+00
      vertex 9.080197e-01 6.597150e-01 1.655378e+00
    endloop
  endfacet
  facet normal -4.189535e-01 -3.392618e-01 -8.422466e-01
    outer loop
      vertex 9.080197e-01 6.597150e-01 1.655378e+00
      vertex 7.662624e-01 6.899457e-01 1.713714e+00
      vertex 8.340865e-01 7.510149e-01 1.655378e+00
    endloop
  endfacet
  facet normal -3.811959e-01 -3.811959e-01 -8.422466e-01
    outer loop
      vertex 7.662624e-01 6.899457e-01 1.713714e+00
      vertex 6.899457e-01 7.662624e-01 1.713714e+00
      vertex 8.340865e-01 7.510149e-01 1.655378e+00
    endloop
  endfacet
  facet normal -3.811959e-01 -3.811959e-01 -8.422466e-01
    outer loop
      vertex 8.340865e-01 7.510149e-01 1.655378e+00
      vertex 6.899457e-01 7.662624e-01 1.713714e+00
      vertex 7.510149e-01 8.340865e-01 1.655378e+00
    endloop
  endfacet
  facet normal -3.392618e-01 -4.189535e-01 -8.422466e-01
    outer loop
      vertex 6.899457e-01 7.662624e-01 1.713714e+00
      vertex 6.060699e-01 8.341837e-01 1.713714e+00
      vertex 7.510149e-01 8.340865e-01 1.655378e+00
    endloop
  endfacet
  facet normal -3.392618e-01 -4.189535e-01 -8.422466e-01
    outer loop
      vertex 7.510149e-01 8.340865e-01 1.655378e+00
      vertex 6.060699e-01 8.341837e-01 1.713714e+00
      vertex 6.597150e-01 9.080197e-01 1.655378e+00
    endloop
  endfacet
  facet normal -2.936107e-01 -4.521209e-01 -8.422466e-01
    outer loop
      vertex 6.060699e-01 8.341837e-01 1.713714e+00
      vertex 5.155539e-01 8.929655e-01 1.713714e+00
      vertex 6.597150e-01 9.080197e-01 1.655378e+00
    endloop
  endfacet
  facet normal -2.936107e-01 -4.521209e-01 -8.422466e-01
    outer loop
      vertex 6.597150e-01 9.080197e-01 1.655378e+00
      vertex 5.155539e-01 8.929655e-01 1.713714e+00
      vertex 5.611871e-01 9.720045e-01 1.655378e+00
    endloop
  endfacet
  facet normal -2.447428e-01 -4.803348e-01 -8.422466e-01
    outer loop
      vertex 5.155539e-01 8.929655e-01 1.713714e+00
      vertex 4.193893e-01 9.419638e-01 1.713714e+00
      vertex 5.611871e-01 9.720045e-01 1.655378e+00
    endloop
  endfacet
  facet normal -2.447428e-01 -4.803348e-01 -8.422466e-01
    outer loop
      vertex 5.611871e-01 9.720045e-01 1.655378e+00
      vertex 4.193893e-01 9.419638e-01 1.713714e+00
      vertex 4.565107e-01 1.025340e+00 1.655378e+00
    endloop
  endfacet
  facet normal -1.931934e-01 -5.032861e-01 -8.422466e-01
    outer loop
      vertex 4.193893e-01 9.419638e-01 1.713714e+00
      vertex 3.186298e-01 9.806417e-01 1.713714e+00
      vertex 4.565107e-01 1.025340e+00 1.655378e+00
    endloop
  endfacet
  facet normal -1.931934e-01 -5.032861e-01 -8.422466e-01
    outer loop
      vertex 4.565107e-01 1.025340e+00 1.655378e+00
      vertex 3.186298e-01 9.806417e-01 1.713714e+00
      vertex 3.468327e-01 1.067441e+00 1.655378e+00
    endloop
  endfacet
  facet normal -1.395274e-01 -5.207232e-01 -8.422466e-01
    outer loop
      vertex 3.186298e-01 9.806417e-01 1.713714e+00
      vertex 2.143793e-01 1.008576e+00 1.713714e+00
      vertex 3.468327e-01 1.067441e+00 1.655378e+00
    endloop
  endfacet
  facet normal -1.395274e-01 -5.207232e-01 -8.422466e-01
    outer loop
      vertex 3.468327e-01 1.067441e+00 1.655378e+00
      vertex 2.143793e-01 1.008576e+00 1.713714e+00
      vertex 2.333547e-01 1.097848e+00 1.655378e+00
    endloop
  endfacet
  facet normal -8.433263e-02 -5.324552e-01 -8.422466e-01
    outer loop
      vertex 2.143793e-01 1.008576e+00 1.713714e+00
      vertex 1.077801e-01 1.025459e+00 1.713714e+00
      vertex 2.333547e-01 1.097848e+00 1.655378e+00
    endloop
  endfacet
  facet normal -8.433263e-02 -5.324552e-01 -8.422466e-01
    outer loop
      vertex 2.333547e-01 1.097848e+00 1.655378e+00
      vertex 1.077801e-01 1.025459e+00 1.713714e+00
      vertex 1.173200e-01 1.116226e+00 1.655378e+00
    endloop
  endfacet
  facet normal -2.821391e-02 -5.383536e-01 -8.422466e-01
    outer loop
      vertex 1.077801e-01 1.025459e+00 1.713714e+00
      vertex 6.313714e-17 1.031108e+00 1.713714e+00
      vertex 1.173200e-01 1.116226e+00 1.655378e+00
    endloop
  endfacet
  facet normal -2.821391e-02 -5.383536e-01 -8.422466e-01
    outer loop
      vertex 1.173200e-01 1.116226e+00 1.655378e+00
      vertex 6.313714e-17 1.031108e+00 1.713714e+00
      vertex 6.872559e-17 1.122374e+00 1.655378e+00
    endloop
  endfacet
  facet normal 2.821391e-02 -5.383536e-01 -8.422466e-01
    outer loop
      vertex 6.313714e-17 1.031108e+00 1.713714e+00
      vertex -1.077801e-01 1.025459e+00 1.713714e+00
      vertex 6.872559e-17 1.122374e+00 1.655378e+00
    endloop
  endfacet
  facet normal 2.821391e-02 -5.383536e-01 -8.422466e-01
    outer loop
      vertex 6.872559e-17 1.122374e+00 1.655378e+00
      vertex -1.077801e-01 1.025459e+00 1.713714e+00
      vertex -1.173200e-01 1.116226e+00 1.655378e+00
    endloop
  endfacet
  facet normal 8.433263e-02 -5.324552e-01 -8.422466e-01
    outer loop
      vertex -1.077801e-01 1.025459e+00 1.713714e+00
      vertex -2.143793e-01 1.008576e+00 1.713714e+00
      vertex -1.173200e-01 1.116226e+00 1.655378e+00
    endloop
  endfacet
  facet normal 8.433263e-02 -5.324552e-01 -8.422466e-01
    outer loop
      vertex -1.173200e-01 1.116226e+00 1.655378e+00
      vertex -2.143793e-01 1.008576e+00 1.713714e+00
      vertex -2.333547e-01 1.097848e+00 1.655378e+00
    endloop
  endfacet
  facet normal 1.395274e-01 -5.207232e-01 -8.422466e-01
    outer loop
      vertex -2.143793e-01 1.008576e+00 1.713714e+00
      vertex -3.186298e-01 9.806417e-01 1.713714e+00
      vertex -2.333547e-01 1.097848e+00 1.655378e+00
    endloop
  endfacet
  facet normal 1.395274e-01 -5.207232e-01 -8.422466e-01
    outer loop
      vertex -2.333547e-01 1.097848e+00 1.655378e+00
      vertex -3.186298e-01 9.806417e-01 1.713714e+00
      vertex -3.468327e-01 1.067441e+00 1.655378e+00
    endloop
  endfacet
  facet normal 1.931934e-01 -5.032861e-01 -8.422466e-01
    outer loop
      vertex -3.186298e-01 9.806417e-01 1.713714e+00
      vertex -4.193893e-01 9.419638e-01 1.713714e+00
      vertex -3.468327e-01 1.067441e+00 1.655378e+00
    endloop
  endfacet
  facet normal 1.931934e-01 -5.032861e-01 -8.422466e-01
    outer loop
      vertex -3.468327e-01 1.067441e+00 1.655378e+00
      vertex -4.193893e-01 9.419638e-01 1.713714e+00
      vertex -4.565107e-01 1.025340e+00 1.655378e+00
    endloop
  endfacet
  facet normal 2.447428e-01 -4.803348e-01 -8.422466e-01
    outer loop
      vertex -4.193893e-01 9.419638e-01 1.713714e+00
      vertex -5.155539e-01 8.929655e-01 1.713714e+00
      vertex -4.565107e-01 1.025340e+00 1.655378e+00
    endloop
  endfacet
  facet normal 2.447428e-01 -4.803348e-01 -8.422466e-01
    outer loop
      vertex -4.565107e-01 1.025340e+00 1.655378e+00
      vertex -5.155539e-01 8.929655e-01 1.713714e+00
      vertex -5.611871e-01 9.720045e-01 1.655378e+00
    endloop
  endfacet
  facet normal 2.936107e-01 -4.521209e-01 -8.422466e-01
    outer loop
      vertex -5.155539e-01 8.929655e-01 1.713714e+00
      vertex -6.060699e-01 8.341837e-01 1.713714e+00
      vertex -5.611871e-01 9.720045e-01 1.655378e+00
    endloop
  endfacet
  facet normal 2.936107e-01 -4.521209e-01 -8.422466e-01
    outer loop
      vertex -5.611871e-01 9.720045e-01 1.655378e+00
      vertex -6.060699e-01 8.341837e-01 1.713714e+00
      vertex -6.597150e-01 9.080197e-01 1.655378e+00
    endloop
  endfacet
  facet normal 3.392618e-01 -4.189535e-01 -8.422466e-01
    outer loop
      vertex -6.060699e-01 8.341837e-01 1.713714e+00
      vertex -6.899457e-01 7.662624e-01 1.713714e+00
      vertex -6.597150e-01 9.080197e-01 1.655378e+00
    endloop
  endfacet
  facet normal 3.392618e-01 -4.189535e-01 -8.422466e-01
    outer loop
      vertex -6.597150e-01 9.080197e-01 1.655378e+00
      vertex -6.899457e-01 7.662624e-01 1.713714e+00
      vertex -7.510149e-01 8.340865e-01 1.655378e+00
    endloop
  endfacet
  facet normal 3.811959e-01 -3.811959e-01 -8.422466e-01
    outer loop
      vertex -6.899457e-01 7.662624e-01 1.713714e+00
      vertex -7.662624e-01 6.899457e-01 1.713714e+00
      vertex -7.510149e-01 8.340865e-01 1.655378e+00
    endloop
  endfacet
  facet normal 3.811959e-01 -3.811959e-01 -8.422466e-01
    outer loop
      vertex -7.510149e-01 8.340865e-01 1.655378e+00
      vertex -7.662624e-01 6.899457e-01 1.713714e+00
      vertex -8.340865e-01 7.510149e-01 1.655378e+00
    endloop
  endfacet
  facet normal 4.189535e-01 -3.392618e-01 -8.422466e-01
    outer loop
      vertex -7.662624e-01 6.899457e-01 1.713714e+00
      vertex -8.341837e-01 6.060699e-01 1.713714e+00
      vertex -8.340865e-01 7.510149e-01 1.655378e+00
    endloop
  endfacet
  facet normal 4.189535e-01 -3.392618e-01 -8.422466e-01
    outer loop
      vertex -8.340865e-01 7.510149e-01 1.655378e+00
      vertex -8.341837e-01 6.060699e-01 1.713714e+00
      vertex -9.080197e-01 6.597150e-01 1.655378e+00
    endloop
  endfacet
  facet normal 4.521209e-01 -2.936107e-01 -8.422466e-01
    outer loop
      vertex -8.341837e-01 6.060699e-01 1.713714e+00
      vertex -8.929655e-01 5.155539e-01 1.713714e+00
      vertex -9.080197e-01 6.597150e-01 1.655378e+00
    endloop
  endfacet
  facet normal 4.521209e-01 -2.936107e-01 -8.422466e-01
    outer loop
      vertex -9.080197e-01 6.597150e-01 1.655378e+00
      vertex -8.929655e-01 5.155539e-01 1.713714e+00
      vertex -9.720045e-01 5.611871e-01 1.655378e+00
    endloop
  endfacet
  facet normal 4.803348e-01 -2.447428e-01 -8.422466e-01
    outer loop
      vertex -8.929655e-01 5.155539e-01 1.713714e+00
      vertex -9.419638e-01 4.193893e-01 1.713714e+00
      vertex -9.720045e-01 5.611871e-01 1.655378e+00
    endloop
  endfacet
  facet normal 4.803348e-01 -2.447428e-01 -8.422466e-01
    outer loop
      vertex -9.720045e-01 5.611871e-01 1.655378e+00
      vertex -9.419638e-01 4.193893e-01 1.713714e+00
      vertex -1.025340e+00 4.565107e-01 1.655378e+00
    endloop
  endfacet
  facet normal 5.032861e-01 -1.931934e-01 -8.422466e-01
    outer loop
      vertex -9.419638e-01 4.193893e-01 1.713714e+00
      vertex -9.806417e-01 3.186298e-01 1.713714e+00
      vertex -1.025340e+00 4.565107e-01 1.655378e+00
    endloop
  endfacet
  facet normal 5.032861e-01 -1.931934e-01 -8.422466e-01
    outer loop
      vertex -1.025340e+00 4.565107e-01 1.655378e+00
      vertex -9.806417e-01 3.186298e-01 1.713714e+00
      vertex -1.067441e+00 3.468327e-01 1.655378e+00
    endloop
  endfacet
  facet normal 5.207232e-01 -1.395274e-01 -8.422466e-01
    outer loop
      vertex -9.806417e-01 3.186298e-01 1.713714e+00
      vertex -1.008576e+00 2.143793e-01 1.713714e+00
      vertex -1.067441e+00 3.468327e-01 1.655378e+00
    endloop
  endfacet
  facet normal 5.207232e-01 -1.395274e-01 -8.422466e-01
    outer loop
      vertex -1.067441e+00 3.468327e-01 1.655378e+00
      vertex -1.008576e+00 2.143793e-01 1.713714e+00
      vertex -1.097848e+00 2.333547e-01 1.655378e+00
    endloop
  endfacet
  facet normal 5.324552e-01 -8.433263e-02 -8.422466e-01
    outer loop
      vertex -1.008576e+00 2.143793e-01 1.713714e+00
      vertex -1.025459e+00 1.077801e-01 1.713714e+00
      vertex -1.097848e+00 2.333547e-01 1.655378e+00
    endloop
  endfacet
  facet normal 5.324552e-01 -8.433263e-02 -8.422466e-01
    outer loop
      vertex -1.097848e+00 2.333547e-01 1.655378e+00
      vertex -1.025459e+00 1.077801e-01 1.713714e+00
      vertex -1.116226e+00 1.173200e-01 1.655378e+00
    endloop
  endfacet
  facet normal 5.383536e-01 -2.821391e-02 -8.422466e-01
    outer loop
      vertex -1.025459e+00 1.077801e-01 1.713714e+00
      vertex -1.031108e+00 1.262743e-16 1.713714e+00
      vertex -1.116226e+00 1.173200e-01 1.655378e+00
    endloop
  endfacet
  facet normal 5.383536e-01 -2.821391e-02 -8.422466e-01
    outer loop
      vertex -1.116226e+00 1.173200e-01 1.655378e+00
      vertex -1.031108e+00 1.262743e-16 1.713714e+00
      vertex -1.122374e+00 1.374512e-16 1.655378e+00
    endloop
  endfacet
  facet normal 5.383536e-01 2.821391e-02 -8.422466e-01
    outer loop
      vertex -1.031108e+00 1.262743e-16 1.713714e+00
      vertex -1.025459e+00 -1.077801e-01 1.713714e+00
      vertex -1.122374e+00 1.374512e-16 1.655378e+00
    endloop
  endfacet
  facet normal 5.383536e-01 2.821391e-02 -8.422466e-01
    outer loop
      vertex -1.122374e+00 1.374512e-16 1.655378e+00
      vertex -1.025459e+00 -1.077801e-01 1.713714e+00
      vertex -1.116226e+00 -1.173200e-01 1.655378e+00
    endloop
  endfacet
  facet normal 5.324552e-01 8.433263e-02 -8.422466e-01
    outer loop
      vertex -1.025459e+00 -1.077801e-01 1.713714e+00
      vertex -1.008576e+00 -2.143793e-01 1.713714e+00
      vertex -1.116226e+00 -1.173200e-01 1.655378e+00
    endloop
  endfacet
  facet normal 5.324552e-01 8.433263e-02 -8.422466e-01
    outer loop
      vertex -1.116226e+00 -1.173200e-01 1.655378e+00
      vertex -1.008576e+00 -2.143793e-01 1.713714e+00
      vertex -1.097848e+00 -2.333547e-01 1.655378e+00
    endloop
  endfacet
  facet normal 5.207232e-01 1.395274e-01 -8.422466e-01
    outer loop
      vertex -1.008576e+00 -2.143793e-01 1.713714e+00
      vertex -9.806417e-01 -3.186298e-01 1.713714e+00
      vertex -1.097848e+00 -2.333547e-01 1.655378e+00
    endloop
  endfacet
  facet normal 5.207232e-01 1.395274e-01 -8.422466e-01
    outer loop
      vertex -1.097848e+00 -2.333547e-01 1.655378e+00
      vertex -9.806417e-01 -3.186298e-01 1.713714e+00
      vertex -1.067441e+00 -3.468327e-01 1.655378e+00
    endloop
  endfacet
  facet normal 5.032861e-01 1.931934e-01 -8.422466e-01
    outer loop
      vertex -9.806417e-01 -3.186298e-01 1.713714e+00
      vertex -9.419638e-01 -4.193893e-01 1.713714e+00
      vertex -1.067441e+00 -3.468327e-01 1.655378e+00
    endloop
  endfacet
  facet normal 5.032861e-01 1.931934e-01 -8.422466e-01
    outer loop
      vertex -1.067441e+00 -3.468327e-01 1.655378e+00
      vertex -9.419638e-01 -4.193893e-01 1.713714e+00
      vertex -1.025340e+00 -4.565107e-01 1.655378e+00
    endloop
  endfacet
  facet normal 4.803348e-01 2.447428e-01 -8.422466e-01
    outer loop
      vertex -9.419638e-01 -4.193893e-01 1.713714e+00
      vertex -8.929655e-01 -5.155539e-01 1.713714e+00
      vertex -1.025340e+00 -4.565107e-01 1.655378e+00
    endloop
  endfacet
  facet normal 4.803348e-01 2.447428e-01 -8.422466e-01
    outer loop
      vertex -1.025340e+00 -4.565107e-01 1.655378e+00
      vertex -8.929655e-01 -5.155539e-01 1.713714e+00
      vertex -9.720045e-01 -5.611871e-01 1.655378e+00
    endloop
  endfacet
  facet normal 4.521209e-01 2.936107e-01 -8.422466e-01
    outer loop
      vertex -8.929655e-01 -5.155539e-01 1.713714e+00
      vertex -8.341837e-01 -6.060699e-01 1.713714e+00
      vertex -9.720045e-01 -5.611871e-01 1.655378e+00
    endloop
  endfacet
  facet normal 4.521209e-01 2.936107e-01 -8.422466e-01
    outer loop
      vertex -9.720045e-01 -5.611871e-01 1.655378e+00
      vertex -8.341837e-01 -6.060699e-01 1.713714e+00
      vertex -9.080197e-01 -6.597150e-01 1.655378e+00
    endloop
  endfacet
  facet normal 4.189535e-01 3.392618e-01 -8.422466e-01
    outer loop
      vertex -8.341837e-01 -6.060699e-01 1.713714e+00
      vertex -7.662624e-01 -6.899457e-01 1.713714e+00
      vertex -9.080197e-01 -6.597150e-01 1.655378e+00
    endloop
  endfacet
  facet normal 4.189535e-01 3.392618e-01 -8.422466e-01
    outer loop
      vertex -9.080197e-01 -6.597150e-01 1.655378e+00
      vertex -7.662624e-01 -6.899457e-01 1.713714e+00
      vertex -8.340865e-01 -7.510149e-01 1.655378e+00
    endloop
  endfacet
  facet normal 3.811959e-01 3.811959e-01 -8.422466e-01
    outer loop
      vertex -7.662624e-01 -6.899457e-01 1.713714e+00
      vertex -6.899457e-01 -7.662624e-01 1.713714e+00
      vertex -8.340865e-01 -7.510149e-01 1.655378e+00
    endloop
  endfacet
  facet normal 3.811959e-01 3.811959e-01 -8.422466e-01
    outer loop
      vertex -8.340865e-01 -7.510149e-01 1.655378e+00
      vertex -6.899457e-01 -7.662624e-01 1.713714e+00
      vertex -7.510149e-01 -8.340865e-01 1.655378e+00
    endloop
  endfacet
  facet normal 3.392618e-01 4.189535e-01 -8.422466e-01
    outer loop
      vertex -6.899457e-01 -7.662624e-01 1.713714e+00
      vertex -6.060699e-01 -8.341837e-01 1.713714e+00
      vertex -7.510149e-01 -8.340865e-01 1.655378e+00
    endloop
  endfacet
  facet normal 3.392618e-01 4.189535e-01 -8.422466e-01
    outer loop
      vertex -7.510149e-01 -8.340865e-01 1.655378e+00
      vertex -6.060699e-01 -8.341837e-01 1.713714e+00
      vertex -6.597150e-01 -9.080197e-01 1.655378e+00
    endloop
  endfacet
  facet normal 2.936107e-01 4.521209e-01 -8.422466e-01
    outer loop
      vertex -6.060699e-01 -8.341837e-01 1.713714e+00
      vertex -5.155539e-01 -8.929655e-01 1.713714e+00
      vertex -6.597150e-01 -9.080197e-01 1.655378e+00
    endloop
  endfacet
  facet normal 2.936107e-01 4.521209e-01 -8.422466e-01
    outer loop
      vertex -6.597150e-01 -9.080197e-01 1.655378e+00
      vertex -5.155539e-01 -8.929655e-01 1.713714e+00
      vertex -5.611871e-01 -9.720045e-01 1.655378e+00
    endloop
  endfacet
  facet normal 2.447428e-01 4.803348e-01 -8.422466e-01
    outer loop
      vertex -5.155539e-01 -8.929655e-01 1.713714e+00
      vertex -4.193893e-01 -9.419638e-01 1.713714e+00
      vertex -5.611871e-01 -9.720045e-01 1.655378e+00
    endloop
  endfacet
  facet normal 2.447428e-01 4.803348e-01 -8.422466e-01
    outer loop
      vertex -5.611871e-01 -9.720045e-01 1.655378e+00
      vertex -4.193893e-01 -9.419638e-01 1.713714e+00
      vertex -4.565107e-01 -1.025340e+00 1.655378e+00
    endloop
  endfacet
  facet normal 1.931934e-01 5.032861e-01 -8.422466e-01
    outer loop
      vertex -4.193893e-01 -9.419638e-01 1.713714e+00
      vertex -3.186298e-01 -9.806417e-01 1.713714e+00
      vertex -4.565107e-01 -1.025340e+00 1.655378e+00
    endloop
  endfacet
  facet normal 1.931934e-01 5.032861e-01 -8.422466e-01
    outer loop
      vertex -4.565107e-01 -1.025340e+00 1.655378e+00
      vertex -3.186298e-01 -9.806417e-01 1.713714e+00
      vertex -3.468327e-01 -1.067441e+00 1.655378e+00
    endloop
  endfacet
  facet normal 1.395274e-01 5.207232e-01 -8.422466e-01
    outer loop
      vertex -3.186298e-01 -9.806417e-01 1.713714e+00
      vertex -2.143793e-01 -1.008576e+00 1.713714e+00
      vertex -3.468327e-01 -1.067441e+00 1.655378e+00
    endloop
  endfacet
  facet normal 1.395274e-01 5.207232e-01 -8.422466e-01
    outer loop
      vertex -3.468327e-01 -1.067441e+00 1.655378e+00
      vertex -2.143793e-01 -1.008576e+00 1.713714e+00
      vertex -2.333547e-01 -1.097848e+00 1.655378e+00
    endloop
  endfacet
  facet normal 8.433263e-02 5.324552e-01 -8.422466e-01
    outer loop
      vertex -2.143793e-01 -1.008576e+00 1.713714e+00
      vertex -1.077801e-01 -1.025459e+00 1.713714e+00
      vertex -2.333547e-01 -1.097848e+00 1.655378e+00
    endloop
  endfacet
  facet normal 8.433263e-02 5.324552e-01 -8.422466e-01
    outer loop
      vertex -2.333547e-01 -1.097848e+00 1.655378e+00
      vertex -1.077801e-01 -1.025459e+00 1.713714e+00
      vertex -1.173200e-01 -1.116226e+00 1.655378e+00
    endloop
  endfacet
  facet normal 2.821391e-02 5.383536e-01 -8.422466e-01
    outer loop
      vertex -1.077801e-01 -1.025459e+00 1.713714e+00
      vertex -1.894114e-16 -1.031108e+00 1.713714e+00
      vertex -1.173200e-01 -1.116226e+00 1.655378e+00
    endloop
  endfacet
  facet normal 2.821391e-02 5.383536e-01 -8.422466e-01
    outer loop
      vertex -1.173200e-01 -1.116226e+00 1.655378e+00
      vertex -1.894114e-16 -1.031108e+00 1.713714e+00
      vertex -2.061768e-16 -1.122374e+00 1.655378e+00
    endloop
  endfacet
  facet normal -2.821391e-02 5.383536e-01 -8.422466e-01
    outer loop
      vertex -1.894114e-16 -1.031108e+00 1.713714e+00
      vertex 1.077801e-01 -1.025459e+00 1.713714e+00
      vertex -2.061768e-16 -1.122374e+00 1.655378e+00
    endloop
  endfacet
  facet normal -2.821391e-02 5.383536e-01 -8.422466e-01
    outer loop
      vertex -2.061768e-16 -1.122374e+00 1.655378e+00
      vertex 1.077801e-01 -1.025459e+00 1.713714e+00
      vertex 1.173200e-01 -1.116226e+00 1.655378e+00
    endloop
  endfacet
  facet normal -8.433263e-02 5.324552e-01 -8.422466e-01
    outer loop
      vertex 1.077801e-01 -1.025459e+00 1.713714e+00
      vertex 2.143793e-01 -1.008576e+00 1.713714e+00
      vertex 1.173200e-01 -1.116226e+00 1.655378e+00
    endloop
  endfacet
  facet normal -8.433263e-02 5.324552e-01 -8.422466e-01
    outer loop
      vertex 1.173200e-01 -1.116226e+00 1.655378e+00
      vertex 2.143793e-01 -1.008576e+00 1.713714e+00
      vertex 2.333547e-01 -1.097848e+00 1.655378e+00
    endloop
  endfacet
  facet normal -1.395274e-01 5.207232e-01 -8.422466e-01
    outer loop
      vertex 2.143793e-01 -1.008576e+00 1.713714e+00
      vertex 3.186298e-01 -9.806417e-01 1.713714e+00
      vertex 2.333547e-01 -1.097848e+00 1.655378e+00
    endloop
  endfacet
  facet normal -1.395274e-01 5.207232e-01 -8.422466e-01
    outer loop
      vertex 2.333547e-01 -1.097848e+00 1.655378e+00
      vertex 3.186298e-01 -9.806417e-01 1.713714e+00
      vertex 3.468327e-01 -1.067441e+00 1.655378e+00
    endloop
  endfacet
  facet normal -1.931934e-01 5.032861e-01 -8.422466e-01
    outer loop
      vertex 3.186298e-01 -9.806417e-01 1.713714e+00
      vertex 4.193893e-01 -9.419638e-01 1.713714e+00
      vertex 3.468327e-01 -1.067441e+00 1.655378e+00
    endloop
  endfacet
  facet normal -1.931934e-01 5.032861e-01 -8.422466e-01
    outer loop
      vertex 3.468327e-01 -1.067441e+00 1.655378e+00
      vertex 4.193893e-01 -9.419638e-01 1.713714e+00
      vertex 4.565107e-01 -1.025340e+00 1.655378e+00
    endloop
  endfacet
  facet normal -2.447428e-01 4.803348e-01 -8.422466e-01
    outer loop
      vertex 4.193893e-01 -9.419638e-01 1.713714e+00
      vertex 5.155539e-01 -8.929655e-01 1.713714e+00
      vertex 4.565107e-01 -1.025340e+00 1.655378e+00
    endloop
  endfacet
  facet normal -2.447428e-01 4.803348e-01 -8.422466e-01
    outer loop
      vertex 4.565107e-01 -1.025340e+00 1.655378e+00
      vertex 5.155539e-01 -8.929655e-01 1.713714e+00
      vertex 5.611871e-01 -9.720045e-01 1.655378e+00
    endloop
  endfacet
  facet normal -2.936107e-01 4.521209e-01 -8.422466e-01
    outer loop
      vertex 5.155539e-01 -8.929655e-01 1.713714e+00
      vertex 6.060699e-01 -8.341837e-01 1.713714e+00
      vertex 5.611871e-01 -9.720045e-01 1.655378e+00
    endloop
  endfacet
  facet normal -2.936107e-01 4.521209e-01 -8.422466e-01
    outer loop
      vertex 5.611871e-01 -9.720045e-01 1.655378e+00
      vertex 6.060699e-01 -8.341837e-01 1.713714e+00
      vertex 6.597150e-01 -9.080197e-01 1.655378e+00
    endloop
  endfacet
  facet normal -3.392618e-01 4.189535e-01 -8.422466e-01
    outer loop
      vertex 6.060699e-01 -8.341837e-01 1.713714e+00
      vertex 6.899457e-01 -7.662624e-01 1.713714e+00
      vertex 6.597150e-01 -9.080197e-01 1.655378e+00
    endloop
  endfacet
  facet normal -3.392618e-01 4.189535e-01 -8.422466e-01
    outer loop
      vertex 6.597150e-01 -9.080197e-01 1.655378e+00
      vertex 6.899457e-01 -7.662624e-01 1.713714e+00
      vertex 7.510149e-01 -8.340865e-01 1.655378e+00
    endloop
  endfacet
  facet normal -3.811959e-01 3.811959e-01 -8.422466e-01
    outer loop
      vertex 6.899457e-01 -7.662624e-01 1.713714e+00
      vertex 7.662624e-01 -6.899457e-01 1.713714e+00
      vertex 7.510149e-01 -8.340865e-01 1.655378e+00
    endloop
  endfacet
  facet normal -3.811959e-01 3.811959e-01 -8.422466e-01
    outer loop
      vertex 7.510149e-01 -8.340865e-01 1.655378e+00
      vertex 7.662624e-01 -6.899457e-01 1.713714e+00
      vertex 8.340865e-01 -7.510149e-01 1.655378e+00
    endloop
  endfacet
  facet normal -4.189535e-01 3.392618e-01 -8.422466e-01
    outer loop
      vertex 7.662624e-01 -6.899457e-01 1.713714e+00
      vertex 8.341837e-01 -6.060699e-01 1.713714e+00
      vertex 8.340865e-01 -7.510149e-01 1.655378e+00
    endloop
  endfacet
  facet normal -4.189535e-01 3.392618e-01 -8.422466e-01
    outer loop
      vertex 8.340865e-01 -7.510149e-01 1.655378e+00
      vertex 8.341837e-01 -6.060699e-01 1.713714e+00
      vertex 9.080197e-01 -6.597150e-01 1.655378e+00
    endloop
  endfacet
  facet normal -4.521209e-01 2.936107e-01 -8.422466e-01
    outer loop
      vertex 8.341837e-01 -6.060699e-01 1.713714e+00
      vertex 8.929655e-01 -5.155539e-01 1.713714e+00
      vertex 9.080197e-01 -6.597150e-01 1.655378e+00
    endloop
  endfacet
  facet normal -4.521209e-01 2.936107e-01 -8.422466e-01
    outer loop
      vertex 9.080197e-01 -6.597150e-01 1.655378e+00
      vertex 8.929655e-01 -5.155539e-01 1.713714e+00
      vertex 9.720045e-01 -5.611871e-01 1.655378e+00
    endloop
  endfacet
  facet normal -4.803348e-01 2.447428e-01 -8.422466e-01
    outer loop
      vertex 8.929655e-01 -5.155539e-01 1.713714e+00
      vertex 9.419638e-01 -4.193893e-01 1.713714e+00
      vertex 9.720045e-01 -5.611871e-01 1.655378e+00
    endloop
  endfacet
  facet normal -4.803348e-01 2.447428e-01 -8.422466e-01
    outer loop
      vertex 9.720045e-01 -5.611871e-01 1.655378e+00
      vertex 9.419638e-01 -4.193893e-01 1.713714e+00
      vertex 1.025340e+00 -4.565107e-01 1.655378e+00
    endloop
  endfacet
  facet normal -5.032861e-01 1.931934e-01 -8.422466e-01
    outer loop
      vertex 9.419638e-01 -4.193893e-01 1.713714e+00
      vertex 9.806417e-01 -3.186298e-01 1.713714e+00
      vertex 1.025340e+00 -4.565107e-01 1.655378e+00
    endloop
  endfacet
  facet normal -5.032861e-01 1.931934e-01 -8.422466e-01
    outer loop
      vertex 1.025340e+00 -4.565107e-01 1.655378e+00
      vertex 9.806417e-01 -3.186298e-01 1.713714e+00
      vertex 1.067441e+00 -3.468327e-01 1.655378e+00
    endloop
  endfacet
  facet normal -5.207232e-01 1.395274e-01 -8.422466e-01
    outer loop
      vertex 9.806417e-01 -3.186298e-01 1.713714e+00
      vertex 1.008576e+00 -2.143793e-01 1.713714e+00
      vertex 1.067441e+00 -3.468327e-01 1.655378e+00
    endloop
  endfacet
  facet normal -5.207232e-01 1.395274e-01 -8.422466e-01
    outer loop
      vertex 1.067441e+00 -3.468327e-01 1.655378e+00
      vertex 1.008576e+00 -2.143793e-01 1.713714e+00
      vertex 1.097848e+00 -2.333547e-01 1.655378e+00
    endloop
  endfacet
  facet normal -5.324552e-01 8.433263e-02 -8.422466e-01
    outer loop
      vertex 1.008576e+00 -2.143793e-01 1.713714e+00
      vertex 1.025459e+00 -1.077801e-01 1.713714e+00
      vertex 1.097848e+00 -2.333547e-01 1.655378e+00
    endloop
  endfacet
  facet normal -5.324552e-01 8.433263e-02 -8.422466e-01
    outer loop
      vertex 1.097848e+00 -2.333547e-01 1.655378e+00
      vertex 1.025459e+00 -1.077801e-01 1.713714e+00
      vertex 1.116226e+00 -1.173200e-01 1.655378e+00
    endloop
  endfacet
  facet normal -5.383536e-01 2.821391e-02 -8.422466e-01
    outer loop
      vertex 1.025459e+00 -1.077801e-01 1.713714e+00
      vertex 1.031108e+00 0.000000e+00 1.713714e+00
      vertex 1.116226e+00 -1.173200e-01 1.655378e+00
    endloop
  endfacet
  facet normal -5.383536e-01 2.821391e-02 -8.422466e-01
    outer loop
      vertex 1.116226e+00 -1.173200e-01 1.655378e+00
      vertex 1.031108e+00 0.000000e+00 1.713714e+00
      vertex 1.122374e+00 0.000000e+00 1.655378e+00
    endloop
  endfacet
  facet normal -5.831221e-01 -3.056013e-02 -8.118095e-01
    outer loop
      vertex 1.122374e+00 0.000000e+00 1.655378e+00
      vertex 1.116226e+00 1.173200e-01 1.655378e+00
      vertex 1.210348e+00 0.000000e+00 1.592186e+00
    endloop
  endfacet
  facet normal -5.831221e-01 -3.056013e-02 -8.118095e-01
    outer loop
      vertex 1.210348e+00 0.000000e+00 1.592186e+00
      vertex 1.116226e+00 1.173200e-01 1.655378e+00
      vertex 1.203718e+00 1.265159e-01 1.592186e+00
    endloop
  endfacet
  facet normal -5.767333e-01 -9.134558e-02 -8.118095e-01
    outer loop
      vertex 1.116226e+00 1.173200e-01 1.655378e+00
      vertex 1.097848e+00 2.333547e-01 1.655378e+00
      vertex 1.203718e+00 1.265159e-01 1.592186e+00
    endloop
  endfacet
  facet normal -5.767333e-01 -9.134558e-02 -8.118095e-01
    outer loop
      vertex 1.203718e+00 1.265159e-01 1.592186e+00
      vertex 1.097848e+00 2.333547e-01 1.655378e+00
      vertex 1.183899e+00 2.516456e-01 1.592186e+00
    endloop
  endfacet
  facet normal -5.640257e-01 -1.511302e-01 -8.118095e-01
    outer loop
      vertex 1.097848e+00 2.333547e-01 1.655378e+00
      vertex 1.067441e+00 3.468327e-01 1.655378e+00
      vertex 1.183899e+00 2.516456e-01 1.592186e+00
    endloop
  endfacet
  facet normal -5.640257e-01 -1.511302e-01 -8.118095e-01
    outer loop
      vertex 1.183899e+00 2.516456e-01 1.592186e+00
      vertex 1.067441e+00 3.468327e-01 1.655378e+00
      vertex 1.151110e+00 3.740182e-01 1.592186e+00
    endloop
  endfacet
  facet normal -5.451385e-01 -2.092591e-01 -8.118095e-01
    outer loop
      vertex 1.067441e+00 3.468327e-01 1.655378e+00
      vertex 1.025340e+00 4.565107e-01 1.655378e+00
      vertex 1.151110e+00 3.740182e-01 1.592186e+00
    endloop
  endfacet
  facet normal -5.451385e-01 -2.092591e-01 -8.118095e-01
    outer loop
      vertex 1.151110e+00 3.740182e-01 1.592186e+00
      vertex 1.025340e+00 4.565107e-01 1.655378e+00
      vertex 1.105708e+00 4.922931e-01 1.592186e+00
    endloop
  endfacet
  facet normal -5.202786e-01 -2.650952e-01 -8.118095e-01
    outer loop
      vertex 1.025340e+00 4.565107e-01 1.655378e+00
      vertex 9.720045e-01 5.611871e-01 1.655378e+00
      vertex 1.105708e+00 4.922931e-01 1.592186e+00
    endloop
  endfacet
  facet normal -5.202786e-01 -2.650952e-01 -8.118095e-01
    outer loop
      vertex 1.105708e+00 4.922931e-01 1.592186e+00
      vertex 9.720045e-01 5.611871e-01 1.655378e+00
      vertex 1.048192e+00 6.051742e-01 1.592186e+00
    endloop
  endfacet
  facet normal -4.897185e-01 -3.180269e-01 -8.118095e-01
    outer loop
      vertex 9.720045e-01 5.611871e-01 1.655378e+00
      vertex 9.080197e-01 6.597150e-01 1.655378e+00
      vertex 1.048192e+00 6.051742e-01 1.592186e+00
    endloop
  endfacet
  facet normal -4.897185e-01 -3.180269e-01 -8.118095e-01
    outer loop
      vertex 1.048192e+00 6.051742e-01 1.592186e+00
      vertex 9.080197e-01 6.597150e-01 1.655378e+00
      vertex 9.791924e-01 7.114250e-01 1.592186e+00
    endloop
  endfacet
  facet normal -4.537929e-01 -3.674742e-01 -8.118095e-01
    outer loop
      vertex 9.080197e-01 6.597150e-01 1.655378e+00
      vertex 8.340865e-01 7.510149e-01 1.655378e+00
      vertex 9.791924e-01 7.114250e-01 1.592186e+00
    endloop
  endfacet
  facet normal -4.537929e-01 -3.674742e-01 -8.118095e-01
    outer loop
      vertex 9.791924e-01 7.114250e-01 1.592186e+00
      vertex 8.340865e-01 7.510149e-01 1.655378e+00
      vertex 8.994642e-01 8.098812e-01 1.592186e+00
    endloop
  endfacet
  facet normal -4.128954e-01 -4.128954e-01 -8.118095e-01
    outer loop
      vertex 8.340865e-01 7.510149e-01 1.655378e+00
      vertex 7.510149e-01 8.340865e-01 1.655378e+00
      vertex 8.994642e-01 8.098812e-01 1.592186e+00
    endloop
  endfacet
  facet normal -4.128954e-01 -4.128954e-01 -8.118095e-01
    outer loop
      vertex 8.994642e-01 8.098812e-01 1.592186e+00
      vertex 7.510149e-01 8.340865e-01 1.655378e+00
      vertex 8.098812e-01 8.994642e-01 1.592186e+00
    endloop
  endfacet
  facet normal -3.674742e-01 -4.537929e-01 -8.118095e-01
    outer loop
      vertex 7.510149e-01 8.340865e-01 1.655378e+00
      vertex 6.597150e-01 9.080197e-01 1.655378e+00
      vertex 8.098812e-01 8.994642e-01 1.592186e+00
    endloop
  endfacet
  facet normal -3.674742e-01 -4.537929e-01 -8.118095e-01
    outer loop
      vertex 8.098812e-01 8.994642e-01 1.592186e+00
      vertex 6.597150e-01 9.080197e-01 1.655378e+00
      vertex 7.114250e-01 9.791924e-01 1.592186e+00
    endloop
  endfacet
  facet normal -3.180269e-01 -4.897185e-01 -8.118095e-01
    outer loop
      vertex 6.597150e-01 9.080197e-01 1.655378e+00
      vertex 5.611871e-01 9.720045e-01 1.655378e+00
      vertex 7.114250e-01 9.791924e-01 1.592186e+00
    endloop
  endfacet
  facet normal -3.180269e-01 -4.897185e-01 -8.118095e-01
    outer loop
      vertex 7.114250e-01 9.791924e-01 1.592186e+00
      vertex 5.611871e-01 9.720045e-01 1.655378e+00
      vertex 6.051742e-01 1.048192e+00 1.592186e+00
    endloop
  endfacet
  facet normal -2.650952e-01 -5.202786e-01 -8.118095e-01
    outer loop
      vertex 5.611871e-01 9.720045e-01 1.655378e+00
      vertex 4.565107e-01 1.025340e+00 1.655378e+00
      vertex 6.051742e-01 1.048192e+00 1.592186e+00
    endloop
  endfacet
  facet normal -2.650952e-01 -5.202786e-01 -8.118095e-01
    outer loop
      vertex 6.051742e-01 1.048192e+00 1.592186e+00
      vertex 4.565107e-01 1.025340e+00 1.655378e+00
      vertex 4.922931e-01 1.105708e+00 1.592186e+00
    endloop
  endfacet
  facet normal -2.092591e-01 -5.451385e-01 -8.118095e-01
    outer loop
      vertex 4.565107e-01 1.025340e+00 1.655378e+00
      vertex 3.468327e-01 1.067441e+00 1.655378e+00
      vertex 4.922931e-01 1.105708e+00 1.592186e+00
    endloop
  endfacet
  facet normal -2.092591e-01 -5.451385e-01 -8.118095e-01
    outer loop
      vertex 4.922931e-01 1.105708e+00 1.592186e+00
      vertex 3.468327e-01 1.067441e+00 1.655378e+00
      vertex 3.740182e-01 1.151110e+00 1.592186e+00
    endloop
  endfacet
  facet normal -1.511302e-01 -5.640257e-01 -8.118095e-01
    outer loop
      vertex 3.468327e-01 1.067441e+00 1.655378e+00
      vertex 2.333547e-01 1.097848e+00 1.655378e+00
      vertex 3.740182e-01 1.151110e+00 1.592186e+00
    endloop
  endfacet
  facet normal -1.511302e-01 -5.640257e-01 -8.118095e-01
    outer loop
      vertex 3.740182e-01 1.151110e+00 1.592186e+00
      vertex 2.333547e-01 1.097848e+00 1.655378e+00
      vertex 2.516456e-01 1.183899e+00 1.592186e+00
    endloop
  endfacet
  facet normal -9.134558e-02 -5.767333e-01 -8.118095e-01
    outer loop
      vertex 2.333547e-01 1.097848e+00 1.655378e+00
      vertex 1.173200e-01 1.116226e+00 1.655378e+00
      vertex 2.516456e-01 1.183899e+00 1.592186e+00
    endloop
  endfacet
  facet normal -9.134558e-02 -5.767333e-01 -8.118095e-01
    outer loop
      vertex 2.516456e-01 1.183899e+00 1.592186e+00
      vertex 1.173200e-01 1.116226e+00 1.655378e+00
      vertex 1.265159e-01 1.203718e+00 1.592186e+00
    endloop
  endfacet
  facet normal -3.056013e-02 -5.831221e-01 -8.118095e-01
    outer loop
      vertex 1.173200e-01 1.116226e+00 1.655378e+00
      vertex 6.872559e-17 1.122374e+00 1.655378e+00
      vertex 1.265159e-01 1.203718e+00 1.592186e+00
    endloop
  endfacet
  facet normal -3.056013e-02 -5.831221e-01 -8.118095e-01
    outer loop
      vertex 1.265159e-01 1.203718e+00 1.592186e+00
      vertex 6.872559e-17 1.122374e+00 1.655378e+00
      vertex 7.411247e-17 1.210348e+00 1.592186e+00
    endloop
  endfacet
  facet normal 3.056013e-02 -5.831221e-01 -8.118095e-01
    outer loop
      vertex 6.872559e-17 1.122374e+00 1.655378e+00
      vertex -1.173200e-01 1.116226e+00 1.655378e+00
      vertex 7.411247e-17 1.210348e+00 1.592186e+00
    endloop
  endfacet
  facet normal 3.056013e-02 -5.831221e-01 -8.118095e-01
    outer loop
      vertex 7.411247e-17 1.210348e+00 1.592186e+00
      vertex -1.173200e-01 1.116226e+00 1.655378e+00
      vertex -1.265159e-01 1.203718e+00 1.592186e+00
    endloop
  endfacet
  facet normal 9.134558e-02 -5.767333e-01 -8.118095e-01
    outer loop
      vertex -1.173200e-01 1.116226e+00 1.655378e+00
      vertex -2.333547e-01 1.097848e+00 1.655378e+00
      vertex -1.265159e-01 1.203718e+00 1.592186e+00
    endloop
  endfacet
  facet normal 9.134558e-02 -5.767333e-01 -8.118095e-01
    outer loop
      vertex -1.265159e-01 1.203718e+00 1.592186e+00
      vertex -2.333547e-01 1.097848e+00 1.655378e+00
      vertex -2.516456e-01 1.183899e+00 1.592186e+00
    endloop
  endfacet
  facet normal 1.511302e-01 -5.640257e-01 -8.118095e-01
    outer loop
      vertex -2.333547e-01 1.097848e+00 1.655378e+00
      vertex -3.468327e-01 1.067441e+00 1.655378e+00
      vertex -2.516456e-01 1.183899e+00 1.592186e+00
    endloop
  endfacet
  facet normal 1.511302e-01 -5.640257e-01 -8.118095e-01
    outer loop
      vertex -2.516456e-01 1.183899e+00 1.592186e+00
      vertex -3.468327e-01 1.067441e+00 1.655378e+00
      vertex -3.740182e-01 1.151110e+00 1.592186e+00
    endloop
  endfacet
  facet normal 2.092591e-01 -5.451385e-01 -8.118095e-01
    outer loop
      vertex -3.468327e-01 1.067441e+00 1.655378e+00
      vertex -4.565107e-01 1.025340e+00 1.655378e+00
      vertex -3.740182e-01 1.151110e+00 1.592186e+00
    endloop
  endfacet
  facet normal 2.092591e-01 -5.451385e-01 -8.118095e-01
    outer loop
      vertex -3.740182e-01 1.151110e+00 1.592186e+00
      vertex -4.565107e-01 1.025340e+00 1.655378e+00
      vertex -4.922931e-01 1.105708e+00 1.592186e+00
    endloop
  endfacet
  facet normal 2.650952e-01 -5.202786e-01 -8.118095e-01
    outer loop
      vertex -4.565107e-01 1.025340e+00 1.655378e+00
      vertex -5.611871e-01 9.720045e-01 1.655378e+00
      vertex -4.922931e-01 1.105708e+00 1.592186e+00
    endloop
  endfacet
  facet normal 2.650952e-01 -5.202786e-01 -8.118095e-01
    outer loop
      vertex -4.922931e-01 1.105708e+00 1.592186e+00
      vertex -5.611871e-01 9.720045e-01 1.655378e+00
      vertex -6.051742e-01 1.048192e+00 1.592186e+00
    endloop
  endfacet
  facet normal 3.180269e-01 -4.897185e-01 -8.118095e-01
    outer loop
      vertex -5.611871e-01 9.720045e-01 1.655378e+00
      vertex -6.597150e-01 9.080197e-01 1.655378e+00
      vertex -6.051742e-01 1.048192e+00 1.592186e+00
    endloop
  endfacet
  facet normal 3.180269e-01 -4.897185e-01 -8.118095e-01
    outer loop
      vertex -6.051742e-01 1.048192e+00 1.592186e+00
      vertex -6.597150e-01 9.080197e-01 1.655378e+00
      vertex -7.114250e-01 9.791924e-01 1.592186e+00
    endloop
  endfacet
  facet normal 3.674742e-01 -4.537929e-01 -8.118095e-01
    outer loop
      vertex -6.597150e-01 9.080197e-01 1.655378e+00
      vertex -7.510149e-01 8.340865e-01 1.655378e+00
      vertex -7.114250e-01 9.791924e-01 1.592186e+00
    endloop
  endfacet
  facet normal 3.674742e-01 -4.537929e-01 -8.118095e-01
    outer loop
      vertex -7.114250e-01 9.791924e-01 1.592186e+00
      vertex -7.510149e-01 8.340865e-01 1.655378e+00
      vertex -8.098812e-01 8.994642e-01 1.592186e+00
    endloop
  endfacet
  facet normal 4.128954e-01 -4.128954e-01 -8.118095e-01
    outer loop
      vertex -7.510149e-01 8.340865e-01 1.655378e+00
      vertex -8.340865e-01 7.510149e-01 1.655378e+00
      vertex -8.098812e-01 8.994642e-01 1.592186e+00
    endloop
  endfacet
  facet normal 4.128954e-01 -4.128954e-01 -8.118095e-01
    outer loop
      vertex -8.098812e-01 8.994642e-01 1.592186e+00
      vertex -8.340865e-01 7.510149e-01 1.655378e+00
      vertex -8.994642e-01 8.098812e-01 1.592186e+00
    endloop
  endfacet
  facet normal 4.537929e-01 -3.674742e-01 -8.118095e-01
    outer loop
      vertex -8.340865e-01 7.510149e-01 1.655378e+00
      vertex -9.080197e-01 6.597150e-01 1.655378e+00
      vertex -8.994642e-01 8.098812e-01 1.592186e+00
    endloop
  endfacet
  facet normal 4.537929e-01 -3.674742e-01 -8.118095e-01
    outer loop
      vertex -8.994642e-01 8.098812e-01 1.592186e+00
      vertex -9.080197e-01 6.597150e-01 1.655378e+00
      vertex -9.791924e-01 7.114250e-01 1.592186e+00
    endloop
  endfacet
  facet normal 4.897185e-01 -3.180269e-01 -8.118095e-01
    outer loop
      vertex -9.080197e-01 6.597150e-01 1.655378e+00
      vertex -9.720045e-01 5.611871e-01 1.655378e+00
      vertex -9.791924e-01 7.114250e-01 1.592186e+00
    endloop
  endfacet
  facet normal 4.897185e-01 -3.180269e-01 -8.118095e-01
    outer loop
      vertex -9.791924e-01 7.114250e-01 1.592186e+00
      vertex -9.720045e-01 5.611871e-01 1.655378e+00
      vertex -1.048192e+00 6.051742e-01 1.592186e+00
    endloop
  endfacet
  facet normal 5.202786e-01 -2.650952e-01 -8.118095e-01
    outer loop
      vertex -9.720045e-01 5.611871e-01 1.655378e+00
      vertex -1.025340e+00 4.565107e-01 1.655378e+00
      vertex -1.048192e+00 6.051742e-01 1.592186e+00
    endloop
  endfacet
  facet normal 5.202786e-01 -2.650952e-01 -8.118095e-01
    outer loop
      vertex -1.048192e+00 6.051742e-01 1.592186e+00
      vertex -1.025340e+00 4.565107e-01 1.655378e+00
      vertex -1.105708e+00 4.922931e-01 1.592186e+00
    endloop
  endfacet
  facet normal 5.451385e-01 -2.092591e-01 -8.118095e-01
    outer loop
      vertex -1.025340e+00 4.565107e-01 1.655378e+00
      vertex -1.067441e+00 3.468327e-01 1.655378e+00
      vertex -1.105708e+00 4.922931e-01 1.592186e+00
    endloop
  endfacet
  facet normal 5.451385e-01 -2.092591e-01 -8.118095e-01
    outer loop
      vertex -1.105708e+00 4.922931e-01 1.592186e+00
      vertex -1.067441e+00 3.468327e-01 1.655378e+00
      vertex -1.151110e+00 3.740182e-01 1.592186e+00
    endloop
  endfacet
  facet normal 5.640257e-01 -1.511302e-01 -8.118095e-01
    outer loop
      vertex -1.067441e+00 3.468327e-01 1.655378e+00
      vertex -1.097848e+00 2.333547e-01 1.655378e+00
      vertex -1.151110e+00 3.740182e-01 1.592186e+00
    endloop
  endfacet
  facet normal 5.640257e-01 -1.511302e-01 -8.118095e-01
    outer loop
      vertex -1.151110e+00 3.740182e-01 1.592186e+00
      vertex -1.097848e+00 2.333547e-01 1.655378e+00
      vertex -1.183899e+00 2.516456e-01 1.592186e+00
    endloop
  endfacet
  facet normal 5.767333e-01 -9.134558e-02 -8.118095e-01
    outer loop
      vertex -1.097848e+00 2.333547e-01 1.655378e+00
      vertex -1.116226e+00 1.173200e-01 1.655378e+00
      vertex -1.183899e+00 2.516456e-01 1.592186e+00
    endloop
  endfacet
  facet normal 5.767333e-01 -9.134558e-02 -8.118095e-01
    outer loop
      vertex -1.183899e+00 2.516456e-01 1.592186e+00
      vertex -1.116226e+00 1.173200e-01 1.655378e+00
      vertex -1.203718e+00 1.265159e-01 1.592186e+00
    endloop
  endfacet
  facet normal 5.831221e-01 -3.056013e-02 -8.118095e-01
    outer loop
      vertex -1.116226e+00 1.173200e-01 1.655378e+00
      vertex -1.122374e+00 1.374512e-16 1.655378e+00
      vertex -1.203718e+00 1.265159e-01 1.592186e+00
    endloop
  endfacet
  facet normal 5.831221e-01 -3.056013e-02 -8.118095e-01
    outer loop
      vertex -1.203718e+00 1.265159e-01 1.592186e+00
      vertex -1.122374e+00 1.374512e-16 1.655378e+00
      vertex -1.210348e+00 1.482249e-16 1.592186e+00
    endloop
  endfacet
  facet normal 5.831221e-01 3.056013e-02 -8.118095e-01
    outer loop
      vertex -1.122374e+00 1.374512e-16 1.655378e+00
      vertex -1.116226e+00 -1.173200e-01 1.655378e+00
      vertex -1.210348e+00 1.482249e-16 1.592186e+00
    endloop
  endfacet
  facet normal 5.831221e-01 3.056013e-02 -8.118095e-01
    outer loop
      vertex -1.210348e+00 1.482249e-16 1.592186e+00
      vertex -1.116226e+00 -1.173200e-01 1.655378e+00
      vertex -1.203718e+00 -1.265159e-01 1.592186e+00
    endloop
  endfacet
  facet normal 5.767333e-01 9.134558e-02 -8.118095e-01
    outer loop
      vertex -1.116226e+00 -1.173200e-01 1.655378e+00
      vertex -1.097848e+00 -2.333547e-01 1.655378e+00
      vertex -1.203718e+00 -1.265159e-01 1.592186e+00
    endloop
  endfacet
  facet normal 5.767333e-01 9.134558e-02 -8.118095e-01
    outer loop
      vertex -1.203718e+00 -1.265159e-01 1.592186e+00
      vertex -1.097848e+00 -2.333547e-01 1.655378e+00
      vertex -1.183899e+00 -2.516456e-01 1.592186e+00
    endloop
  endfacet
  facet normal 5.640257e-01 1.511302e-01 -8.118095e-01
    outer loop
      vertex -1.097848e+00 -2.333547e-01 1.655378e+00
      vertex -1.067441e+00 -3.468327e-01 1.655378e+00
      vertex -1.183899e+00 -2.516456e-01 1.592186e+00
    endloop
  endfacet
  facet normal 5.640257e-01 1.511302e-01 -8.118095e-01
    outer loop
      vertex -1.183899e+00 -2.516456e-01 1.592186e+00
      vertex -1.067441e+00 -3.468327e-01 1.655378e+00
      vertex -1.151110e+00 -3.740182e-01 1.592186e+00
    endloop
  endfacet
  facet normal 5.451385e-01 2.092591e-01 -8.118095e-01
    outer loop
      vertex -1.067441e+00 -3.468327e-01 1.655378e+00
      vertex -1.025340e+00 -4.565107e-01 1.655378e+00
      vertex -1.151110e+00 -3.740182e-01 1.592186e+00
    endloop
  endfacet
  facet normal 5.451385e-01 2.092591e-01 -8.118095e-01
    outer loop
      vertex -1.151110e+00 -3.740182e-01 1.592186e+00
      vertex -1.025340e+00 -4.565107e-01 1.655378e+00
      vertex -1.105708e+00 -4.922931e-01 1.592186e+00
    endloop
  endfacet
  facet normal 5.202786e-01 2.650952e-01 -8.118095e-01
    outer loop
      vertex -1.025340e+00 -4.565107e-01 1.655378e+00
      vertex -9.720045e-01 -5.611871e-01 1.655378e+00
      vertex -1.105708e+00 -4.922931e-01 1.592186e+00
    endloop
  endfacet
  facet normal 5.202786e-01 2.650952e-01 -8.118095e-01
    outer loop
      vertex -1.105708e+00 -4.922931e-01 1.592186e+00
      vertex -9.720045e-01 -5.611871e-01 1.655378e+00
      vertex -1.048192e+00 -6.051742e-01 1.592186e+00
    endloop
  endfacet
  facet normal 4.897185e-01 3.180269e-01 -8.118095e-01
    outer loop
      vertex -9.720045e-01 -5.611871e-01 1.655378e+00
      vertex -9.080197e-01 -6.597150e-01 1.655378e+00
      vertex -1.048192e+00 -6.051742e-01 1.592186e+00
    endloop
  endfacet
  facet normal 4.897185e-01 3.180269e-01 -8.118095e-01
    outer loop
      vertex -1.048192e+00 -6.051742e-01 1.592186e+00
      vertex -9.080197e-01 -6.597150e-01 1.655378e+00
      vertex -9.791924e-01 -7.114250e-01 1.592186e+00
    endloop
  endfacet
  facet normal 4.537929e-01 3.674742e-01 -8.118095e-01
    outer loop
      vertex -9.080197e-01 -6.597150e-01 1.655378e+00
      vertex -8.340865e-01 -7.510149e-01 1.655378e+00
      vertex -9.791924e-01 -7.114250e-01 1.592186e+00
    endloop
  endfacet
  facet normal 4.537929e-01 3.674742e-01 -8.118095e-01
    outer loop
      vertex -9.791924e-01 -7.114250e-01 1.592186e+00
      vertex -8.340865e-01 -7.510149e-01 1.655378e+00
      vertex -8.994642e-01 -8.098812e-01 1.592186e+00
    endloop
  endfacet
  facet normal 4.128954e-01 4.128954e-01 -8.118095e-01
    outer loop
      vertex -8.340865e-01 -7.510149e-01 1.655378e+00
      vertex -7.510149e-01 -8.340865e-01 1.655378e+00
      vertex -8.994642e-01 -8.098812e-01 1.592186e+00
    endloop
  endfacet
  facet normal 4.128954e-01 4.128954e-01 -8.118095e-01
    outer loop
      vertex -8.994642e-01 -8.098812e-01 1.592186e+00
      vertex -7.510149e-01 -8.340865e-01 1.655378e+00
      vertex -8.098812e-01 -8.994642e-01 1.592186e+00
    endloop
  endfacet
  facet normal 3.674742e-01 4.537929e-01 -8.118095e-01
    outer loop
      vertex -7.510149e-01 -8.340865e-01 1.655378e+00
      vertex -6.597150e-01 -9.080197e-01 1.655378e+00
      vertex -8.098812e-01 -8.994642e-01 1.592186e+00
    endloop
  endfacet
  facet normal 3.674742e-01 4.537929e-01 -8.118095e-01
    outer loop
      vertex -8.098812e-01 -8.994642e-01 1.592186e+00
      vertex -6.597150e-01 -9.080197e-01 1.655378e+00
      vertex -7.114250e-01 -9.791924e-01 1.592186e+00
    endloop
  endfacet
  facet normal 3.180269e-01 4.897185e-01 -8.118095e-01
    outer loop
      vertex -6.597150e-01 -9.080197e-01 1.655378e+00
      vertex -5.611871e-01 -9.720045e-01 1.655378e+00
      vertex -7.114250e-01 -9.791924e-01 1.592186e+00
    endloop
  endfacet
  facet normal 3.180269e-01 4.897185e-01 -8.118095e-01
    outer loop
      vertex -7.114250e-01 -9.791924e-01 1.592186e+00
      vertex -5.611871e-01 -9.720045e-01 1.655378e+00
      vertex -6.051742e-01 -1.048192e+00 1.592186e+00
    endloop
  endfacet
  facet normal 2.650952e-01 5.202786e-01 -8.118095e-01
    outer loop
      vertex -5.611871e-01 -9.720045e-01 1.655378e+00
      vertex -4.565107e-01 -1.025340e+00 1.655378e+00
      vertex -6.051742e-01 -1.048192e+00 1.592186e+00
    endloop
  endfacet
  facet normal 2.650952e-01 5.202786e-01 -8.118095e-01
    outer loop
      vertex -6.051742e-01 -1.048192e+00 1.592186e+00
      vertex -4.565107e-01 -1.025340e+00 1.655378e+00
      vertex -4.922931e-01 -1.105708e+00 1.592186e+00
    endloop
  endfacet
  facet normal 2.092591e-01 5.451385e-01 -8.118095e-01
    outer loop
      vertex -4.565107e-01 -1.025340e+00 1.655378e+00
      vertex -3.468327e-01 -1.067441e+00 1.655378e+00
      vertex -4.922931e-01 -1.105708e+00 1.592186e+00
    endloop
  endfacet
  facet normal 2.092591e-01 5.451385e-01 -8.118095e-01
    outer loop
      vertex -4.922931e-01 -1.105708e+00 1.592186e+00
      vertex -3.468327e-01 -1.067441e+00 1.655378e+00
      vertex -3.740182e-01 -1.151110e+00 1.592186e+00
    endloop
  endfacet
  facet normal 1.511302e-01 5.640257e-01 -8.118095e-01
    outer loop
      vertex -3.468327e-01 -1.067441e+00 1.655378e+00
      vertex -2.333547e-01 -1.097848e+00 1.655378e+00
      vertex -3.740182e-01 -1.151110e+00 1.592186e+00
    endloop
  endfacet
  facet normal 1.511302e-01 5.640257e-01 -8.118095e-01
    outer loop
      vertex -3.740182e-01 -1.151110e+00 1.592186e+00
      vertex -2.333547e-01 -1.097848e+00 1.655378e+00
      vertex -2.516456e-01 -1.183899e+00 1.592186e+00
    endloop
  endfacet
  facet normal 9.134558e-02 5.767333e-01 -8.118095e-01
    outer loop
      vertex -2.333547e-01 -1.097848e+00 1.655378e+00
      vertex -1.173200e-01 -1.116226e+00 1.655378e+00
      vertex -2.516456e-01 -1.183899e+00 1.592186e+00
    endloop
  endfacet
  facet normal 9.134558e-02 5.767333e-01 -8.118095e-01
    outer loop
      vertex -2.516456e-01 -1.183899e+00 1.592186e+00
      vertex -1.173200e-01 -1.116226e+00 1.655378e+00
      vertex -1.265159e-01 -1.203718e+00 1.592186e+00
    endloop
  endfacet
  facet normal 3.056013e-02 5.831221e-01 -8.118095e-01
    outer loop
      vertex -1.173200e-01 -1.116226e+00 1.655378e+00
      vertex -2.061768e-16 -1.122374e+00 1.655378e+00
      vertex -1.265159e-01 -1.203718e+00 1.592186e+00
    endloop
  endfacet
  facet normal 3.056013e-02 5.831221e-01 -8.118095e-01
    outer loop
      vertex -1.265159e-01 -1.203718e+00 1.592186e+00
      vertex -2.061768e-16 -1.122374e+00 1.655378e+00
      vertex -2.223374e-16 -1.210348e+00 1.592186e+00
    endloop
  endfacet
  facet normal -3.056013e-02 5.831221e-01 -8.118095e-01
    outer loop
      vertex -2.061768e-16 -1.122374e+00 1.655378e+00
      vertex 1.173200e-01 -1.116226e+00 1.655378e+00
      vertex -2.223374e-16 -1.210348e+00 1.592186e+00
    endloop
  endfacet
  facet normal -3.056013e-02 5.831221e-01 -8.118095e-01
    outer loop
      vertex -2.223374e-16 -1.210348e+00 1.592186e+00
      vertex 1.173200e-01 -1.116226e+00 1.655378e+00
      vertex 1.265159e-01 -1.203718e+00 1.592186e+00
    endloop
  endfacet
  facet normal -9.134558e-02 5.767333e-01 -8.118095e-01
    outer loop
      vertex 1.173200e-01 -1.116226e+00 1.655378e+00
      vertex 2.333547e-01 -1.097848e+00 1.655378e+00
      vertex 1.265159e-01 -1.203718e+00 1.592186e+00
    endloop
  endfacet
  facet normal -9.134558e-02 5.767333e-01 -8.118095e-01
    outer loop
      vertex 1.265159e-01 -1.203718e+00 1.592186e+00
      vertex 2.333547e-01 -1.097848e+00 1.655378e+00
      vertex 2.516456e-01 -1.183899e+00 1.592186e+00
    endloop
  endfacet
  facet normal -1.511302e-01 5.640257e-01 -8.118095e-01
    outer loop
      vertex 2.333547e-01 -1.097848e+00 1.655378e+00
      vertex 3.468327e-01 -1.067441e+00 1.655378e+00
      vertex 2.516456e-01 -1.183899e+00 1.592186e+00
    endloop
  endfacet
  facet normal -1.511302e-01 5.640257e-01 -8.118095e-01
    outer loop
      vertex 2.516456e-01 -1.183899e+00 1.592186e+00
      vertex 3.468327e-01 -1.067441e+00 1.655378e+00
      vertex 3.740182e-01 -1.151110e+00 1.592186e+00
    endloop
  endfacet
  facet normal -2.092591e-01 5.451385e-01 -8.118095e-01
    outer loop
      vertex 3.468327e-01 -1.067441e+00 1.655378e+00
      vertex 4.565107e-01 -1.025340e+00 1.655378e+00
      vertex 3.740182e-01 -1.151110e+00 1.592186e+00
    endloop
  endfacet
  facet normal -2.092591e-01 5.451385e-01 -8.118095e-01
    outer loop
      vertex 3.740182e-01 -1.151110e+00 1.592186e+00
      vertex 4.565107e-01 -1.025340e+00 1.655378e+00
      vertex 4.922931e-01 -1.105708e+00 1.592186e+00
    endloop
  endfacet
  facet normal -2.650952e-01 5.202786e-01 -8.118095e-01
    outer loop
      vertex 4.565107e-01 -1.025340e+00 1.655378e+00
      vertex 5.611871e-01 -9.720045e-01 1.655378e+00
      vertex 4.922931e-01 -1.105708e+00 1.592186e+00
    endloop
  endfacet
  facet normal -2.650952e-01 5.202786e-01 -8.118095e-01
    outer loop
      vertex 4.922931e-01 -1.105708e+00 1.592186e+00
      vertex 5.611871e-01 -9.720045e-01 1.655378e+00
      vertex 6.051742e-01 -1.048192e+00 1.592186e+00
    endloop
  endfacet
  facet normal -3.180269e-01 4.897185e-01 -8.118095e-01
    outer loop
      vertex 5.611871e-01 -9.720045e-01 1.655378e+00
      vertex 6.597150e-01 -9.080197e-01 1.655378e+00
      vertex 6.051742e-01 -1.048192e+00 1.592186e+00
    endloop
  endfacet
  facet normal -3.180269e-01 4.897185e-01 -8.118095e-01
    outer loop
      vertex 6.051742e-01 -1.048192e+00 1.592186e+00
      vertex 6.597150e-01 -9.080197e-01 1.655378e+00
      vertex 7.114250e-01 -9.791924e-01 1.592186e+00
    endloop
  endfacet
  facet normal -3.674742e-01 4.537929e-01 -8.118095e-01
    outer loop
      vertex 6.597150e-01 -9.080197e-01 1.655378e+00
      vertex 7.510149e-01 -8.340865e-01 1.655378e+00
      vertex 7.114250e-01 -9.791924e-01 1.592186e+00
    endloop
  endfacet
  facet normal -3.674742e-01 4.537929e-01 -8.118095e-01
    outer loop
      vertex 7.114250e-01 -9.791924e-01 1.592186e+00
      vertex 7.510149e-01 -8.340865e-01 1.655378e+00
      vertex 8.098812e-01 -8.994642e-01 1.592186e+00
    endloop
  endfacet
  facet normal -4.128954e-01 4.128954e-01 -8.118095e-01
    outer loop
      vertex 7.510149e-01 -8.340865e-01 1.655378e+00
      vertex 8.340865e-01 -7.510149e-01 1.655378e+00
      vertex 8.098812e-01 -8.994642e-01 1.592186e+00
    endloop
  endfacet
  facet normal -4.128954e-01 4.128954e-01 -8.118095e-01
    outer loop
      vertex 8.098812e-01 -8.994642e-01 1.592186e+00
      vertex 8.340865e-01 -7.510149e-01 1.655378e+00
      vertex 8.994642e-01 -8.098812e-01 1.592186e+00
    endloop
  endfacet
  facet normal -4.537929e-01 3.674742e-01 -8.118095e-01
    outer loop
      vertex 8.340865e-01 -7.510149e-01 1.655378e+00
      vertex 9.080197e-01 -6.597150e-01 1.655378e+00
      vertex 8.994642e-01 -8.098812e-01 1.592186e+00
    endloop
  endfacet
  facet normal -4.537929e-01 3.674742e-01 -8.118095e-01
    outer loop
      vertex 8.994642e-01 -8.098812e-01 1.592186e+00
      vertex 9.080197e-01 -6.597150e-01 1.655378e+00
      vertex 9.791924e-01 -7.114250e-01 1.592186e+00
    endloop
  endfacet
  facet normal -4.897185e-01 3.180269e-01 -8.118095e-01
    outer loop
      vertex 9.080197e-01 -6.597150e-01 1.655378e+00
      vertex 9.720045e-01 -5.611871e-01 1.655378e+00
      vertex 9.791924e-01 -7.114250e-01 1.592186e+00
    endloop
  endfacet
  facet normal -4.897185e-01 3.180269e-01 -8.118095e-01
    outer loop
      vertex 9.791924e-01 -7.114250e-01 1.592186e+00
      vertex 9.720045e-01 -5.611871e-01 1.655378e+00
      vertex 1.048192e+00 -6.051742e-01 1.592186e+00
    endloop
  endfacet
  facet normal -5.202786e-01 2.650952e-01 -8.118095e-01
    outer loop
      vertex 9.720045e-01 -5.611871e-01 1.655378e+00
      vertex 1.025340e+00 -4.565107e-01 1.655378e+00
      vertex 1.048192e+00 -6.051742e-01 1.592186e+00
    endloop
  endfacet
  facet normal -5.202786e-01 2.650952e-01 -8.118095e-01
    outer loop
      vertex 1.048192e+00 -6.051742e-01 1.592186e+00
      vertex 1.025340e+00 -4.565107e-01 1.655378e+00
      vertex 1.105708e+00 -4.922931e-01 1.592186e+00
    endloop
  endfacet
  facet normal -5.451385e-01 2.092591e-01 -8.118095e-01
    outer loop
      vertex 1.025340e+00 -4.565107e-01 1.655378e+00
      vertex 1.067441e+00 -3.468327e-01 1.655378e+00
      vertex 1.105708e+00 -4.922931e-01 1.592186e+00
    endloop
  endfacet
  facet normal -5.451385e-01 2.092591e-01 -8.118095e-01
    outer loop
      vertex 1.105708e+00 -4.922931e-01 1.592186e+00
      vertex 1.067441e+00 -3.468327e-01 1.655378e+00
      vertex 1.151110e+00 -3.740182e-01 1.592186e+00
    endloop
  endfacet
  facet normal -5.640257e-01 1.511302e-01 -8.118095e-01
    outer loop
      vertex 1.067441e+00 -3.468327e-01 1.655378e+00
      vertex 1.097848e+00 -2.333547e-01 1.655378e+00
      vertex 1.151110e+00 -3.740182e-01 1.592186e+00
    endloop
  endfacet
  facet normal -5.640257e-01 1.511302e-01 -8.118095e-01
    outer loop
      vertex 1.151110e+00 -3.740182e-01 1.592186e+00
      vertex 1.097848e+00 -2.333547e-01 1.655378e+00
      vertex 1.183899e+00 -2.516456e-01 1.592186e+00
    endloop
  endfacet
  facet normal -5.767333e-01 9.134558e-02 -8.118095e-01
    outer loop
      vertex 1.097848e+00 -2.333547e-01 1.655378e+00
      vertex 1.116226e+00 -1.173200e-01 1.655378e+00
      vertex 1.183899e+00 -2.516456e-01 1.592186e+00
    endloop
  endfacet
  facet normal -5.767333e-01 9.134558e-02 -8.118095e-01
    outer loop
      vertex 1.183899e+00 -2.516456e-01 1.592186e+00
      vertex 1.116226e+00 -1.173200e-01 1.655378e+00
      vertex 1.203718e+00 -1.265159e-01 1.592186e+00
    endloop
  endfacet
  facet normal -5.831221e-01 3.056013e-02 -8.118095e-01
    outer loop
      vertex 1.116226e+00 -1.173200e-01 1.655378e+00
      vertex 1.122374e+00 0.000000e+00 1.655378e+00
      vertex 1.203718e+00 -1.265159e-01 1.592186e+00
    endloop
  endfacet
  facet normal -5.831221e-01 3.056013e-02 -8.118095e-01
    outer loop
      vertex 1.203718e+00 -1.265159e-01 1.592186e+00
      vertex 1.122374e+00 0.000000e+00 1.655378e+00
      vertex 1.210348e+00 0.000000e+00 1.592186e+00
    endloop
  endfacet
  facet normal -6.261726e-01 -3.281631e-02 -7.789936e-01
    outer loop
      vertex 1.210348e+00 0.000000e+00 1.592186e+00
      vertex 1.203718e+00 1.265159e-01 1.592186e+00
      vertex 1.294773e+00 0.000000e+00 1.524324e+00
    endloop
  endfacet
  facet normal -6.261726e-01 -3.281631e-02 -7.789936e-01
    outer loop
      vertex 1.294773e+00 0.000000e+00 1.524324e+00
      vertex 1.203718e+00 1.265159e-01 1.592186e+00
      vertex 1.287680e+00 1.353406e-01 1.524324e+00
    endloop
  endfacet
  facet normal -6.193121e-01 -9.808940e-02 -7.789936e-01
    outer loop
      vertex 1.203718e+00 1.265159e-01 1.592186e+00
      vertex 1.183899e+00 2.516456e-01 1.592186e+00
      vertex 1.287680e+00 1.353406e-01 1.524324e+00
    endloop
  endfacet
  facet normal -6.193121e-01 -9.808940e-02 -7.789936e-01
    outer loop
      vertex 1.287680e+00 1.353406e-01 1.524324e+00
      vertex 1.183899e+00 2.516456e-01 1.592186e+00
      vertex 1.266479e+00 2.691984e-01 1.524324e+00
    endloop
  endfacet
  facet normal -6.056663e-01 -1.622878e-01 -7.789936e-01
    outer loop
      vertex 1.183899e+00 2.516456e-01 1.592186e+00
      vertex 1.151110e+00 3.740182e-01 1.592186e+00
      vertex 1.266479e+00 2.691984e-01 1.524324e+00
    endloop
  endfacet
  facet normal -6.056663e-01 -1.622878e-01 -7.789936e-01
    outer loop
      vertex 1.266479e+00 2.691984e-01 1.524324e+00
      vertex 1.151110e+00 3.740182e-01 1.592186e+00
      vertex 1.231402e+00 4.001067e-01 1.524324e+00
    endloop
  endfacet
  facet normal -5.853847e-01 -2.247081e-01 -7.789936e-01
    outer loop
      vertex 1.151110e+00 3.740182e-01 1.592186e+00
      vertex 1.105708e+00 4.922931e-01 1.592186e+00
      vertex 1.231402e+00 4.001067e-01 1.524324e+00
    endloop
  endfacet
  facet normal -5.853847e-01 -2.247081e-01 -7.789936e-01
    outer loop
      vertex 1.231402e+00 4.001067e-01 1.524324e+00
      vertex 1.105708e+00 4.922931e-01 1.592186e+00
      vertex 1.182834e+00 5.266314e-01 1.524324e+00
    endloop
  endfacet
  facet normal -5.586895e-01 -2.846665e-01 -7.789936e-01
    outer loop
      vertex 1.105708e+00 4.922931e-01 1.592186e+00
      vertex 1.048192e+00 6.051742e-01 1.592186e+00
      vertex 1.182834e+00 5.266314e-01 1.524324e+00
    endloop
  endfacet
  facet normal -5.586895e-01 -2.846665e-01 -7.789936e-01
    outer loop
      vertex 1.182834e+00 5.266314e-01 1.524324e+00
      vertex 1.048192e+00 6.051742e-01 1.592186e+00
      vertex 1.121306e+00 6.473863e-01 1.524324e+00
    endloop
  endfacet
  facet normal -5.258732e-01 -3.415060e-01 -7.789936e-01
    outer loop
      vertex 1.048192e+00 6.051742e-01 1.592186e+00
      vertex 9.791924e-01 7.114250e-01 1.592186e+00
      vertex 1.121306e+00 6.473863e-01 1.524324e+00
    endloop
  endfacet
  facet normal -5.258732e-01 -3.415060e-01 -7.789936e-01
    outer loop
      vertex 1.121306e+00 6.473863e-01 1.524324e+00
      vertex 9.791924e-01 7.114250e-01 1.592186e+00
      vertex 1.047493e+00 7.610482e-01 1.524324e+00
    endloop
  endfacet
  facet normal -4.872953e-01 -3.946040e-01 -7.789936e-01
    outer loop
      vertex 9.791924e-01 7.114250e-01 1.592186e+00
      vertex 8.994642e-01 8.098812e-01 1.592186e+00
      vertex 1.047493e+00 7.610482e-01 1.524324e+00
    endloop
  endfacet
  facet normal -4.872953e-01 -3.946040e-01 -7.789936e-01
    outer loop
      vertex 1.047493e+00 7.610482e-01 1.524324e+00
      vertex 8.994642e-01 8.098812e-01 1.592186e+00
      vertex 9.622035e-01 8.663720e-01 1.524324e+00
    endloop
  endfacet
  facet normal -4.433785e-01 -4.433785e-01 -7.789936e-01
    outer loop
      vertex 8.994642e-01 8.098812e-01 1.592186e+00
      vertex 8.098812e-01 8.994642e-01 1.592186e+00
      vertex 9.622035e-01 8.663720e-01 1.524324e+00
    endloop
  endfacet
  facet normal -4.433785e-01 -4.433785e-01 -7.789936e-01
    outer loop
      vertex 9.622035e-01 8.663720e-01 1.524324e+00
      vertex 8.098812e-01 8.994642e-01 1.592186e+00
      vertex 8.663720e-01 9.622035e-01 1.524324e+00
    endloop
  endfacet
  facet normal -3.946040e-01 -4.872953e-01 -7.789936e-01
    outer loop
      vertex 8.098812e-01 8.994642e-01 1.592186e+00
      vertex 7.114250e-01 9.791924e-01 1.592186e+00
      vertex 8.663720e-01 9.622035e-01 1.524324e+00
    endloop
  endfacet
  facet normal -3.946040e-01 -4.872953e-01 -7.789936e-01
    outer loop
      vertex 8.663720e-01 9.622035e-01 1.524324e+00
      vertex 7.114250e-01 9.791924e-01 1.592186e+00
      vertex 7.610482e-01 1.047493e+00 1.524324e+00
    endloop
  endfacet
  facet normal -3.415060e-01 -5.258732e-01 -7.789936e-01
    outer loop
      vertex 7.114250e-01 9.791924e-01 1.592186e+00
      vertex 6.051742e-01 1.048192e+00 1.592186e+00
      vertex 7.610482e-01 1.047493e+00 1.524324e+00
    endloop
  endfacet
  facet normal -3.415060e-01 -5.258732e-01 -7.789936e-01
    outer loop
      vertex 7.610482e-01 1.047493e+00 1.524324e+00
      vertex 6.051742e-01 1.048192e+00 1.592186e+00
      vertex 6.473863e-01 1.121306e+00 1.524324e+00
    endloop
  endfacet
  facet normal -2.846665e-01 -5.586895e-01 -7.789936e-01
    outer loop
      vertex 6.051742e-01 1.048192e+00 1.592186e+00
      vertex 4.922931e-01 1.105708e+00 1.592186e+00
      vertex 6.473863e-01 1.121306e+00 1.524324e+00
    endloop
  endfacet
  facet normal -2.846665e-01 -5.586895e-01 -7.789936e-01
    outer loop
      vertex 6.473863e-01 1.121306e+00 1.524324e+00
      vertex 4.922931e-01 1.105708e+00 1.592186e+00
      vertex 5.266314e-01 1.182834e+00 1.524324e+00
    endloop
  endfacet
  facet normal -2.247081e-01 -5.853847e-01 -7.789936e-01
    outer loop
      vertex 4.922931e-01 1.105708e+00 1.592186e+00
      vertex 3.740182e-01 1.151110e+00 1.592186e+00
      vertex 5.266314e-01 1.182834e+00 1.524324e+00
    endloop
  endfacet
  facet normal -2.247081e-01 -5.853847e-01 -7.789936e-01
    outer loop
      vertex 5.266314e-01 1.182834e+00 1.524324e+00
      vertex 3.740182e-01 1.151110e+00 1.592186e+00
      vertex 4.001067e-01 1.231402e+00 1.524324e+00
    endloop
  endfacet
  facet normal -1.622878e-01 -6.056663e-01 -7.789936e-01
    outer loop
      vertex 3.740182e-01 1.151110e+00 1.592186e+00
      vertex 2.516456e-01 1.183899e+00 1.592186e+00
      vertex 4.001067e-01 1.231402e+00 1.524324e+00
    endloop
  endfacet
  facet normal -1.622878e-01 -6.056663e-01 -7.789936e-01
    outer loop
      vertex 4.001067e-01 1.231402e+00 1.524324e+00
      vertex 2.516456e-01 1.183899e+00 1.592186e+00
      vertex 2.691984e-01 1.266479e+00 1.524324e+00
    endloop
  endfacet
  facet normal -9.808940e-02 -6.193121e-01 -7.789936e-01
    outer loop
      vertex 2.516456e-01 1.183899e+00 1.592186e+00
      vertex 1.265159e-01 1.203718e+00 1.592186e+00
      vertex 2.691984e-01 1.266479e+00 1.524324e+00
    endloop
  endfacet
  facet normal -9.808940e-02 -6.193121e-01 -7.789936e-01
    outer loop
      vertex 2.691984e-01 1.266479e+00 1.524324e+00
      vertex 1.265159e-01 1.203718e+00 1.592186e+00
      vertex 1.353406e-01 1.287680e+00 1.524324e+00
    endloop
  endfacet
  facet normal -3.281631e-02 -6.261726e-01 -7.789936e-01
    outer loop
      vertex 1.265159e-01 1.203718e+00 1.592186e+00
      vertex 7.411247e-17 1.210348e+00 1.592186e+00
      vertex 1.353406e-01 1.287680e+00 1.524324e+00
    endloop
  endfacet
  facet normal -3.281631e-02 -6.261726e-01 -7.789936e-01
    outer loop
      vertex 1.353406e-01 1.287680e+00 1.524324e+00
      vertex 7.411247e-17 1.210348e+00 1.592186e+00
      vertex 7.928195e-17 1.294773e+00 1.524324e+00
    endloop
  endfacet
  facet normal 3.281631e-02 -6.261726e-01 -7.789936e-01
    outer loop
      vertex 7.411247e-17 1.210348e+00 1.592186e+00
      vertex -1.265159e-01 1.203718e+00 1.592186e+00
      vertex 7.928195e-17 1.294773e+00 1.524324e+00
    endloop
  endfacet
  facet normal 3.281631e-02 -6.261726e-01 -7.789936e-01
    outer loop
      vertex 7.928195e-17 1.294773e+00 1.524324e+00
      vertex -1.265159e-01 1.203718e+00 1.592186e+00
      vertex -1.353406e-01 1.287680e+00 1.524324e+00
    endloop
  endfacet
  facet normal 9.808940e-02 -6.193121e-01 -7.789936e-01
    outer loop
      vertex -1.265159e-01 1.203718e+00 1.592186e+00
      vertex -2.516456e-01 1.183899e+00 1.592186e+00
      vertex -1.353406e-01 1.287680e+00 1.524324e+00
    endloop
  endfacet
  facet normal 9.808940e-02 -6.193121e-01 -7.789936e-01
    outer loop
      vertex -1.353406e-01 1.287680e+00 1.524324e+00
      vertex -2.516456e-01 1.183899e+00 1.592186e+00
      vertex -2.691984e-01 1.266479e+00 1.524324e+00
    endloop
  endfacet
  facet normal 1.622878e-01 -6.056663e-01 -7.789936e-01
    outer loop
      vertex -2.516456e-01 1.183899e+00 1.592186e+00
      vertex -3.740182e-01 1.151110e+00 1.592186e+00
      vertex -2.691984e-01 1.266479e+00 1.524324e+00
    endloop
  endfacet
  facet normal 1.622878e-01 -6.056663e-01 -7.789936e-01
    outer loop
      vertex -2.691984e-01 1.266479e+00 1.524324e+00
      vertex -3.740182e-01 1.151110e+00 1.592186e+00
      vertex -4.001067e-01 1.231402e+00 1.524324e+00
    endloop
  endfacet
  facet normal 2.247081e-01 -5.853847e-01 -7.789936e-01
    outer loop
      vertex -3.740182e-01 1.151110e+00 1.592186e+00
      vertex -4.922931e-01 1.105708e+00 1.592186e+00
      vertex -4.001067e-01 1.231402e+00 1.524324e+00
    endloop
  endfacet
  facet normal 2.247081e-01 -5.853847e-01 -7.789936e-01
    outer loop
      vertex -4.001067e-01 1.231402e+00 1.524324e+00
      vertex -4.922931e-01 1.105708e+00 1.592186e+00
      vertex -5.266314e-01 1.182834e+00 1.524324e+00
    endloop
  endfacet
  facet normal 2.846665e-01 -5.586895e-01 -7.789936e-01
    outer loop
      vertex -4.922931e-01 1.105708e+00 1.592186e+00
      vertex -6.051742e-01 1.048192e+00 1.592186e+00
      vertex -5.266314e-01 1.182834e+00 1.524324e+00
    endloop
  endfacet
  facet normal 2.846665e-01 -5.586895e-01 -7.789936e-01
    outer loop
      vertex -5.266314e-01 1.182834e+00 1.524324e+00
      vertex -6.051742e-01 1.048192e+00 1.592186e+00
      vertex -6.473863e-01 1.121306e+00 1.524324e+00
    endloop
  endfacet
  facet normal 3.415060e-01 -5.258732e-01 -7.789936e-01
    outer loop
      vertex -6.051742e-01 1.048192e+00 1.592186e+00
      vertex -7.114250e-01 9.791924e-01 1.592186e+00
      vertex -6.473863e-01 1.121306e+00 1.524324e+00
    endloop
  endfacet
  facet normal 3.415060e-01 -5.258732e-01 -7.789936e-01
    outer loop
      vertex -6.473863e-01 1.121306e+00 1.524324e+00
      vertex -7.114250e-01 9.791924e-01 1.592186e+00
      vertex -7.610482e-01 1.047493e+00 1.524324e+00
    endloop
  endfacet
  facet normal 3.946040e-01 -4.872953e-01 -7.789936e-01
    outer loop
      vertex -7.114250e-01 9.791924e-01 1.592186e+00
      vertex -8.098812e-01 8.994642e-01 1.592186e+00
      vertex -7.610482e-01 1.047493e+00 1.524324e+00
    endloop
  endfacet
  facet normal 3.946040e-01 -4.872953e-01 -7.789936e-01
    outer loop
      vertex -7.610482e-01 1.047493e+00 1.524324e+00
      vertex -8.098812e-01 8.994642e-01 1.592186e+00
      vertex -8.663720e-01 9.622035e-01 1.524324e+00
    endloop
  endfacet
  facet normal 4.433785e-01 -4.433785e-01 -7.789936e-01
    outer loop
      vertex -8.098812e-01 8.994642e-01 1.592186e+00
      vertex -8.994642e-01 8.098812e-01 1.592186e+00
      vertex -8.663720e-01 9.622035e-01 1.524324e+00
    endloop
  endfacet
  facet normal 4.433785e-01 -4.433785e-01 -7.789936e-01
    outer loop
      vertex -8.663720e-01 9.622035e-01 1.524324e+00
      vertex -8.994642e-01 8.098812e-01 1.592186e+00
      vertex -9.622035e-01 8.663720e-01 1.524324e+00
    endloop
  endfacet
  facet normal 4.872953e-01 -3.946040e-01 -7.789936e-01
    outer loop
      vertex -8.994642e-01 8.098812e-01 1.592186e+00
      vertex -9.791924e-01 7.114250e-01 1.592186e+00
      vertex -9.622035e-01 8.663720e-01 1.524324e+00
    endloop
  endfacet
  facet normal 4.872953e-01 -3.946040e-01 -7.789936e-01
    outer loop
      vertex -9.622035e-01 8.663720e-01 1.524324e+00
      vertex -9.791924e-01 7.114250e-01 1.592186e+00
      vertex -1.047493e+00 7.610482e-01 1.524324e+00
    endloop
  endfacet
  facet normal 5.258732e-01 -3.415060e-01 -7.789936e-01
    outer loop
      vertex -9.791924e-01 7.114250e-01 1.592186e+00
      vertex -1.048192e+00 6.051742e-01 1.592186e+00
      vertex -1.047493e+00 7.610482e-01 1.524324e+00
    endloop
  endfacet
  facet normal 5.258732e-01 -3.415060e-01 -7.789936e-01
    outer loop
      vertex -1.047493e+00 7.610482e-01 1.524324e+00
      vertex -1.048192e+00 6.051742e-01 1.592186e+00
      vertex -1.121306e+00 6.473863e-01 1.524324e+00
    endloop
  endfacet
  facet normal 5.586895e-01 -2.846665e-01 -7.789936e-01
    outer loop
      vertex -1.048192e+00 6.051742e-01 1.592186e+00
      vertex -1.105708e+00 4.922931e-01 1.592186e+00
      vertex -1.121306e+00 6.473863e-01 1.524324e+00
    endloop
  endfacet
  facet normal 5.586895e-01 -2.846665e-01 -7.789936e-01
    outer loop
      vertex -1.121306e+00 6.473863e-01 1.524324e+00
      vertex -1.105708e+00 4.922931e-01 1.592186e+00
      vertex -1.182834e+00 5.266314e-01 1.524324e+00
    endloop
  endfacet
  facet normal 5.853847e-01 -2.247081e-01 -7.789936e-01
    outer loop
      vertex -1.105708e+00 4.922931e-01 1.592186e+00
      vertex -1.151110e+00 3.740182e-01 1.592186e+00
      vertex -1.182834e+00 5.266314e-01 1.524324e+00
    endloop
  endfacet
  facet normal 5.853847e-01 -2.247081e-01 -7.789936e-01
    outer loop
      vertex -1.182834e+00 5.266314e-01 1.524324e+00
      vertex -1.151110e+00 3.740182e-01 1.592186e+00
      vertex -1.231402e+00 4.001067e-01 1.524324e+00
    endloop
  endfacet
  facet normal 6.056663e-01 -1.622878e-01 -7.789936e-01
    outer loop
      vertex -1.151110e+00 3.740182e-01 1.592186e+00
      vertex -1.183899e+00 2.516456e-01 1.592186e+00
      vertex -1.231402e+00 4.001067e-01 1.524324e+00
    endloop
  endfacet
  facet normal 6.056663e-01 -1.622878e-01 -7.789936e-01
    outer loop
      vertex -1.231402e+00 4.001067e-01 1.524324e+00
      vertex -1.183899e+00 2.516456e-01 1.592186e+00
      vertex -1.266479e+00 2.691984e-01 1.524324e+00
    endloop
  endfacet
  facet normal 6.193121e-01 -9.808940e-02 -7.789936e-01
    outer loop
      vertex -1.183899e+00 2.516456e-01 1.592186e+00
      vertex -1.203718e+00 1.265159e-01 1.592186e+00
      vertex -1.266479e+00 2.691984e-01 1.524324e+00
    endloop
  endfacet
  facet normal 6.193121e-01 -9.808940e-02 -7.789936e-01
    outer loop
      vertex -1.266479e+00 2.691984e-01 1.524324e+00
      vertex -1.203718e+00 1.265159e-01 1.592186e+00
      vertex -1.287680e+00 1.353406e-01 1.524324e+00
    endloop
  endfacet
  facet normal 6.261726e-01 -3.281631e-02 -7.789936e-01
    outer loop
      vertex -1.203718e+00 1.265159e-01 1.592186e+00
      vertex -1.210348e+00 1.482249e-16 1.592186e+00
      vertex -1.287680e+00 1.353406e-01 1.524324e+00
    endloop
  endfacet
  facet normal 6.261726e-01 -3.281631e-02 -7.789936e-01
    outer loop
      vertex -1.287680e+00 1.353406e-01 1.524324e+00
      vertex -1.210348e+00 1.482249e-16 1.592186e+00
      vertex -1.294773e+00 1.585639e-16 1.524324e+00
    endloop
  endfacet
  facet normal 6.261726e-01 3.281631e-02 -7.789936e-01
    outer loop
      vertex -1.210348e+00 1.482249e-16 1.592186e+00
      vertex -1.203718e+00 -1.265159e-01 1.592186e+00
      vertex -1.294773e+00 1.585639e-16 1.524324e+00
    endloop
  endfacet
  facet normal 6.261726e-01 3.281631e-02 -7.789936e-01
    outer loop
      vertex -1.294773e+00 1.585639e-16 1.524324e+00
      vertex -1.203718e+00 -1.265159e-01 1.592186e+00
      vertex -1.287680e+00 -1.353406e-01 1.524324e+00
    endloop
  endfacet
  facet normal 6.193121e-01 9.808940e-02 -7.789936e-01
    outer loop
      vertex -1.203718e+00 -1.265159e-01 1.592186e+00
      vertex -1.183899e+00 -2.516456e-01 1.592186e+00
      vertex -1.287680e+00 -1.353406e-01 1.524324e+00
    endloop
  endfacet
  facet normal 6.193121e-01 9.808940e-02 -7.789936e-01
    outer loop
      vertex -1.287680e+00 -1.353406e-01 1.524324e+00
      vertex -1.183899e+00 -2.516456e-01 1.592186e+00
      vertex -1.266479e+00 -2.691984e-01 1.524324e+00
    endloop
  endfacet
  facet normal 6.056663e-01 1.622878e-01 -7.789936e-01
    outer loop
      vertex -1.183899e+00 -2.516456e-01 1.592186e+00
      vertex -1.151110e+00 -3.740182e-01 1.592186e+00
      vertex -1.266479e+00 -2.691984e-01 1.524324e+00
    endloop
  endfacet
  facet normal 6.056663e-01 1.622878e-01 -7.789936e-01
    outer loop
      vertex -1.266479e+00 -2.691984e-01 1.524324e+00
      vertex -1.151110e+00 -3.740182e-01 1.592186e+00
      vertex -1.231402e+00 -4.001067e-01 1.524324e+00
    endloop
  endfacet
  facet normal 5.853847e-01 2.247081e-01 -7.789936e-01
    outer loop
      vertex -1.151110e+00 -3.740182e-01 1.592186e+00
      vertex -1.105708e+00 -4.922931e-01 1.592186e+00
      vertex -1.231402e+00 -4.001067e-01 1.524324e+00
    endloop
  endfacet
  facet normal 5.853847e-01 2.247081e-01 -7.789936e-01
    outer loop
      vertex -1.231402e+00 -4.001067e-01 1.524324e+00
      vertex -1.105708e+00 -4.922931e-01 1.592186e+00
      vertex -1.182834e+00 -5.266314e-01 1.524324e+00
    endloop
  endfacet
  facet normal 5.586895e-01 2.846665e-01 -7.789936e-01
    outer loop
      vertex -1.105708e+00 -4.922931e-01 1.592186e+00
      vertex -1.048192e+00 -6.051742e-01 1.592186e+00
      vertex -1.182834e+00 -5.266314e-01 1.524324e+00
    endloop
  endfacet
  facet normal 5.586895e-01 2.846665e-01 -7.789936e-01
    outer loop
      vertex -1.182834e+00 -5.266314e-01 1.524324e+00
      vertex -1.048192e+00 -6.051742e-01 1.592186e+00
      vertex -1.121306e+00 -6.473863e-01 1.524324e+00
    endloop
  endfacet
  facet normal 5.258732e-01 3.415060e-01 -7.789936e-01
    outer loop
      vertex -1.048192e+00 -6.051742e-01 1.592186e+00
      vertex -9.791924e-01 -7.114250e-01 1.592186e+00
      vertex -1.121306e+00 -6.473863e-01 1.524324e+00
    endloop
  endfacet
  facet normal 5.258732e-01 3.415060e-01 -7.789936e-01
    outer loop
      vertex -1.121306e+00 -6.473863e-01 1.524324e+00
      vertex -9.791924e-01 -7.114250e-01 1.592186e+00
      vertex -1.047493e+00 -7.610482e-01 1.524324e+00
    endloop
  endfacet
  facet normal 4.872953e-01 3.946040e-01 -7.789936e-01
    outer loop
      vertex -9.791924e-01 -7.114250e-01 1.592186e+00
      vertex -8.994642e-01 -8.098812e-01 1.592186e+00
      vertex -1.047493e+00 -7.610482e-01 1.524324e+00
    endloop
  endfacet
  facet normal 4.872953e-01 3.946040e-01 -7.789936e-01
    outer loop
      vertex -1.047493e+00 -7.610482e-01 1.524324e+00
      vertex -8.994642e-01 -8.098812e-01 1.592186e+00
      vertex -9.622035e-01 -8.663720e-01 1.524324e+00
    endloop
  endfacet
  facet normal 4.433785e-01 4.433785e-01 -7.789936e-01
    outer loop
      vertex -8.994642e-01 -8.098812e-01 1.592186e+00
      vertex -8.098812e-01 -8.994642e-01 1.592186e+00
      vertex -9.622035e-01 -8.663720e-01 1.524324e+00
    endloop
  endfacet
  facet normal 4.433785e-01 4.433785e-01 -7.789936e-01
    outer loop
      vertex -9.622035e-01 -8.663720e-01 1.524324e+00
      vertex -8.098812e-01 -8.994642e-01 1.592186e+00
      vertex -8.663720e-01 -9.622035e-01 1.524324e+00
    endloop
  endfacet
  facet normal 3.946040e-01 4.872953e-01 -7.789936e-01
    outer loop
      vertex -8.098812e-01 -8.994642e-01 1.592186e+00
      vertex -7.114250e-01 -9.791924e-01 1.592186e+00
      vertex -8.663720e-01 -9.622035e-01 1.524324e+00
    endloop
  endfacet
  facet normal 3.946040e-01 4.872953e-01 -7.789936e-01
    outer loop
      vertex -8.663720e-01 -9.622035e-01 1.524324e+00
      vertex -7.114250e-01 -9.791924e-01 1.592186e+00
      vertex -7.610482e-01 -1.047493e+00 1.524324e+00
    endloop
  endfacet
  facet normal 3.415060e-01 5.258732e-01 -7.789936e-01
    outer loop
      vertex -7.114250e-01 -9.791924e-01 1.592186e+00
      vertex -6.051742e-01 -1.048192e+00 1.592186e+00
      vertex -7.610482e-01 -1.047493e+00 1.524324e+00
    endloop
  endfacet
  facet normal 3.415060e-01 5.258732e-01 -7.789936e-01
    outer loop
      vertex -7.610482e-01 -1.047493e+00 1.524324e+00
      vertex -6.051742e-01 -1.048192e+00 1.592186e+00
      vertex -6.473863e-01 -1.121306e+00 1.524324e+00
    endloop
  endfacet
  facet normal 2.846665e-01 5.586895e-01 -7.789936e-01
    outer loop
      vertex -6.051742e-01 -1.048192e+00 1.592186e+00
      vertex -4.922931e-01 -1.105708e+00 1.592186e+00
      vertex -6.473863e-01 -1.121306e+00 1.524324e+00
    endloop
  endfacet
  facet normal 2.846665e-01 5.586895e-01 -7.789936e-01
    outer loop
      vertex -6.473863e-01 -1.121306e+00 1.524324e+00
      vertex -4.922931e-01 -1.105708e+00 1.592186e+00
      vertex -5.266314e-01 -1.182834e+00 1.524324e+00
    endloop
  endfacet
  facet normal 2.247081e-01 5.853847e-01 -7.789936e-01
    outer loop
      vertex -4.922931e-01 -1.105708e+00 1.592186e+00
      vertex -3.740182e-01 -1.151110e+00 1.592186e+00
      vertex -5.266314e-01 -1.182834e+00 1.524324e+00
    endloop
  endfacet
  facet normal 2.247081e-01 5.853847e-01 -7.789936e-01
    outer loop
      vertex -5.266314e-01 -1.182834e+00 1.524324e+00
      vertex -3.740182e-01 -1.151110e+00 1.592186e+00
      vertex -4.001067e-01 -1.231402e+00 1.524324e+00
    endloop
  endfacet
  facet normal 1.622878e-01 6.056663e-01 -7.789936e-01
    outer loop
      vertex -3.740182e-01 -1.151110e+00 1.592186e+00
      vertex -2.516456e-01 -1.183899e+00 1.592186e+00
      vertex -4.001067e-01 -1.231402e+00 1.524324e+00
    endloop
  endfacet
  facet normal 1.622878e-01 6.056663e-01 -7.789936e-01
    outer loop
      vertex -4.001067e-01 -1.231402e+00 1.524324e+00
      vertex -2.516456e-01 -1.183899e+00 1.592186e+00
      vertex -2.691984e-01 -1.266479e+00 1.524324e+00
    endloop
  endfacet
  facet normal 9.808940e-02 6.193121e-01 -7.789936e-01
    outer loop
      vertex -2.516456e-01 -1.183899e+00 1.592186e+00
      vertex -1.265159e-01 -1.203718e+00 1.592186e+00
      vertex -2.691984e-01 -1.266479e+00 1.524324e+00
    endloop
  endfacet
  facet normal 9.808940e-02 6.193121e-01 -7.789936e-01
    outer loop
      vertex -2.691984e-01 -1.266479e+00 1.524324e+00
      vertex -1.265159e-01 -1.203718e+00 1.592186e+00
      vertex -1.353406e-01 -1.287680e+00 1.524324e+00
    endloop
  endfacet
  facet normal 3.281631e-02 6.261726e-01 -7.789936e-01
    outer loop
      vertex -1.265159e-01 -1.203718e+00 1.592186e+00
      vertex -2.223374e-16 -1.210348e+00 1.592186e+00
      vertex -1.353406e-01 -1.287680e+00 1.524324e+00
    endloop
  endfacet
  facet normal 3.281631e-02 6.261726e-01 -7.789936e-01
    outer loop
      vertex -1.353406e-01 -1.287680e+00 1.524324e+00
      vertex -2.223374e-16 -1.210348e+00 1.592186e+00
      vertex -2.378459e-16 -1.294773e+00 1.524324e+00
    endloop
  endfacet
  facet normal -3.281631e-02 6.261726e-01 -7.789936e-01
    outer loop
      vertex -2.223374e-16 -1.210348e+00 1.592186e+00
      vertex 1.265159e-01 -1.203718e+00 1.592186e+00
      vertex -2.378459e-16 -1.294773e+00 1.524324e+00
    endloop
  endfacet
  facet normal -3.281631e-02 6.261726e-01 -7.789936e-01
    outer loop
      vertex -2.378459e-16 -1.294773e+00 1.524324e+00
      vertex 1.265159e-01 -1.203718e+00 1.592186e+00
      vertex 1.353406e-01 -1.287680e+00 1.524324e+00
    endloop
  endfacet
  facet normal -9.808940e-02 6.193121e-01 -7.789936e-01
    outer loop
      vertex 1.265159e-01 -1.203718e+00 1.592186e+00
      vertex 2.516456e-01 -1.183899e+00 1.592186e+00
      vertex 1.353406e-01 -1.287680e+00 1.524324e+00
    endloop
  endfacet
  facet normal -9.808940e-02 6.193121e-01 -7.789936e-01
    outer loop
      vertex 1.353406e-01 -1.287680e+00 1.524324e+00
      vertex 2.516456e-01 -1.183899e+00 1.592186e+00
      vertex 2.691984e-01 -1.266479e+00 1.524324e+00
    endloop
  endfacet
  facet normal -1.622878e-01 6.056663e-01 -7.789936e-01
    outer loop
      vertex 2.516456e-01 -1.183899e+00 1.592186e+00
      vertex 3.740182e-01 -1.151110e+00 1.592186e+00
      vertex 2.691984e-01 -1.266479e+00 1.524324e+00
    endloop
  endfacet
  facet normal -1.622878e-01 6.056663e-01 -7.789936e-01
    outer loop
      vertex 2.691984e-01 -1.266479e+00 1.524324e+00
      vertex 3.740182e-01 -1.151110e+00 1.592186e+00
      vertex 4.001067e-01 -1.231402e+00 1.524324e+00
    endloop
  endfacet
  facet normal -2.247081e-01 5.853847e-01 -7.789936e-01
    outer loop
      vertex 3.740182e-01 -1.151110e+00 1.592186e+00
      vertex 4.922931e-01 -1.105708e+00 1.592186e+00
      vertex 4.001067e-01 -1.231402e+00 1.524324e+00
    endloop
  endfacet
  facet normal -2.247081e-01 5.853847e-01 -7.789936e-01
    outer loop
      vertex 4.001067e-01 -1.231402e+00 1.524324e+00
      vertex 4.922931e-01 -1.105708e+00 1.592186e+00
      vertex 5.266314e-01 -1.182834e+00 1.524324e+00
    endloop
  endfacet
  facet normal -2.846665e-01 5.586895e-01 -7.789936e-01
    outer loop
      vertex 4.922931e-01 -1.105708e+00 1.592186e+00
      vertex 6.051742e-01 -1.048192e+00 1.592186e+00
      vertex 5.266314e-01 -1.182834e+00 1.524324e+00
    endloop
  endfacet
  facet normal -2.846665e-01 5.586895e-01 -7.789936e-01
    outer loop
      vertex 5.266314e-01 -1.182834e+00 1.524324e+00
      vertex 6.051742e-01 -1.048192e+00 1.592186e+00
      vertex 6.473863e-01 -1.121306e+00 1.524324e+00
    endloop
  endfacet
  facet normal -3.415060e-01 5.258732e-01 -7.789936e-01
    outer loop
      vertex 6.051742e-01 -1.048192e+00 1.592186e+00
      vertex 7.114250e-01 -9.791924e-01 1.592186e+00
      vertex 6.473863e-01 -1.121306e+00 1.524324e+00
    endloop
  endfacet
  facet normal -3.415060e-01 5.258732e-01 -7.789936e-01
    outer loop
      vertex 6.473863e-01 -1.121306e+00 1.524324e+00
      vertex 7.114250e-01 -9.791924e-01 1.592186e+00
      vertex 7.610482e-01 -1.047493e+00 1.524324e+00
    endloop
  endfacet
  facet normal -3.946040e-01 4.872953e-01 -7.789936e-01
    outer loop
      vertex 7.114250e-01 -9.791924e-01 1.592186e+00
      vertex 8.098812e-01 -8.994642e-01 1.592186e+00
      vertex 7.610482e-01 -1.047493e+00 1.524324e+00
    endloop
  endfacet
  facet normal -3.946040e-01 4.872953e-01 -7.789936e-01
    outer loop
      vertex 7.610482e-01 -1.047493e+00 1.524324e+00
      vertex 8.098812e-01 -8.994642e-01 1.592186e+00
      vertex 8.663720e-01 -9.622035e-01 1.524324e+00
    endloop
  endfacet
  facet normal -4.433785e-01 4.433785e-01 -7.789936e-01
    outer loop
      vertex 8.098812e-01 -8.994642e-01 1.592186e+00
      vertex 8.994642e-01 -8.098812e-01 1.592186e+00
      vertex 8.663720e-01 -9.622035e-01 1.524324e+00
    endloop
  endfacet
  facet normal -4.433785e-01 4.433785e-01 -7.789936e-01
    outer loop
      vertex 8.663720e-01 -9.622035e-01 1.524324e+00
      vertex 8.994642e-01 -8.098812e-01 1.592186e+00
      vertex 9.622035e-01 -8.663720e-01 1.524324e+00
    endloop
  endfacet
  facet normal -4.872953e-01 3.946040e-01 -7.789936e-01
    outer loop
      vertex 8.994642e-01 -8.098812e-01 1.592186e+00
      vertex 9.791924e-01 -7.114250e-01 1.592186e+00
      vertex 9.622035e-01 -8.663720e-01 1.524324e+00
    endloop
  endfacet
  facet normal -4.872953e-01 3.946040e-01 -7.789936e-01
    outer loop
      vertex 9.622035e-01 -8.663720e-01 1.524324e+00
      vertex 9.791924e-01 -7.114250e-01 1.592186e+00
      vertex 1.047493e+00 -7.610482e-01 1.524324e+00
    endloop
  endfacet
  facet normal -5.258732e-01 3.415060e-01 -7.789936e-01
    outer loop
      vertex 9.791924e-01 -7.114250e-01 1.592186e+00
      vertex 1.048192e+00 -6.051742e-01 1.592186e+00
      vertex 1.047493e+00 -7.610482e-01 1.524324e+00
    endloop
  endfacet
  facet normal -5.258732e-01 3.415060e-01 -7.789936e-01
    outer loop
      vertex 1.047493e+00 -7.610482e-01 1.524324e+00
      vertex 1.048192e+00 -6.051742e-01 1.592186e+00
      vertex 1.121306e+00 -6.473863e-01 1.524324e+00
    endloop
  endfacet
  facet normal -5.586895e-01 2.846665e-01 -7.789936e-01
    outer loop
      vertex 1.048192e+00 -6.051742e-01 1.592186e+00
      vertex 1.105708e+00 -4.922931e-01 1.592186e+00
      vertex 1.121306e+00 -6.473863e-01 1.524324e+00
    endloop
  endfacet
  facet normal -5.586895e-01 2.846665e-01 -7.789936e-01
    outer loop
      vertex 1.121306e+00 -6.473863e-01 1.524324e+00
      vertex 1.105708e+00 -4.922931e-01 1.592186e+00
      vertex 1.182834e+00 -5.266314e-01 1.524324e+00
    endloop
  endfacet
  facet normal -5.853847e-01 2.247081e-01 -7.789936e-01
    outer loop
      vertex 1.105708e+00 -4.922931e-01 1.592186e+00
      vertex 1.151110e+00 -3.740182e-01 1.592186e+00
      vertex 1.182834e+00 -5.266314e-01 1.524324e+00
    endloop
  endfacet
  facet normal -5.853847e-01 2.247081e-01 -7.789936e-01
    outer loop
      vertex 1.182834e+00 -5.266314e-01 1.524324e+00
      vertex 1.151110e+00 -3.740182e-01 1.592186e+00
      vertex 1.231402e+00 -4.001067e-01 1.524324e+00
    endloop
  endfacet
  facet normal -6.056663e-01 1.622878e-01 -7.789936e-01
    outer loop
      vertex 1.151110e+00 -3.740182e-01 1.592186e+00
      vertex 1.183899e+00 -2.516456e-01 1.592186e+00
      vertex 1.231402e+00 -4.001067e-01 1.524324e+00
    endloop
  endfacet
  facet normal -6.056663e-01 1.622878e-01 -7.789936e-01
    outer loop
      vertex 1.231402e+00 -4.001067e-01 1.524324e+00
      vertex 1.183899e+00 -2.516456e-01 1.592186e+00
      vertex 1.266479e+00 -2.691984e-01 1.524324e+00
    endloop
  endfacet
  facet normal -6.193121e-01 9.808940e-02 -7.789936e-01
    outer loop
      vertex 1.183899e+00 -2.516456e-01 1.592186e+00
      vertex 1.203718e+00 -1.265159e-01 1.592186e+00
      vertex 1.266479e+00 -2.691984e-01 1.524324e+00
    endloop
  endfacet
  facet normal -6.193121e-01 9.808940e-02 -7.789936e-01
    outer loop
      vertex 1.266479e+00 -2.691984e-01 1.524324e+00
      vertex 1.203718e+00 -1.265159e-01 1.592186e+00
      vertex 1.287680e+00 -1.353406e-01 1.524324e+00
    endloop
  endfacet
  facet normal -6.261726e-01 3.281631e-02 -7.789936e-01
    outer loop
      vertex 1.203718e+00 -1.265159e-01 1.592186e+00
      vertex 1.210348e+00 0.000000e+00 1.592186e+00
      vertex 1.287680e+00 -1.353406e-01 1.524324e+00
    endloop
  endfacet
  facet normal -6.261726e-01 3.281631e-02 -7.789936e-01
    outer loop
      vertex 1.287680e+00 -1.353406e-01 1.524324e+00
      vertex 1.210348e+00 0.000000e+00 1.592186e+00
      vertex 1.294773e+00 0.000000e+00 1.524324e+00
    endloop
  endfacet
  facet normal -6.673792e-01 -3.497586e-02 -7.438963e-01
    outer loop
      vertex 1.294773e+00 0.000000e+00 1.524324e+00
      vertex 1.287680e+00 1.353406e-01 1.524324e+00
      vertex 1.375399e+00 0.000000e+00 1.451991e+00
    endloop
  endfacet
  facet normal -6.673792e-01 -3.497586e-02 -7.438963e-01
    outer loop
      vertex 1.375399e+00 0.000000e+00 1.451991e+00
      vertex 1.287680e+00 1.353406e-01 1.524324e+00
      vertex 1.367864e+00 1.437683e-01 1.451991e+00
    endloop
  endfacet
  facet normal -6.600672e-01 -1.045444e-01 -7.438963e-01
    outer loop
      vertex 1.287680e+00 1.353406e-01 1.524324e+00
      vertex 1.266479e+00 2.691984e-01 1.524324e+00
      vertex 1.367864e+00 1.437683e-01 1.451991e+00
    endloop
  endfacet
  facet normal -6.600672e-01 -1.045444e-01 -7.438963e-01
    outer loop
      vertex 1.367864e+00 1.437683e-01 1.451991e+00
      vertex 1.266479e+00 2.691984e-01 1.524324e+00
      vertex 1.345343e+00 2.859615e-01 1.451991e+00
    endloop
  endfacet
  facet normal -6.455235e-01 -1.729675e-01 -7.438963e-01
    outer loop
      vertex 1.266479e+00 2.691984e-01 1.524324e+00
      vertex 1.231402e+00 4.001067e-01 1.524324e+00
      vertex 1.345343e+00 2.859615e-01 1.451991e+00
    endloop
  endfacet
  facet normal -6.455235e-01 -1.729675e-01 -7.438963e-01
    outer loop
      vertex 1.345343e+00 2.859615e-01 1.451991e+00
      vertex 1.231402e+00 4.001067e-01 1.524324e+00
      vertex 1.308082e+00 4.250216e-01 1.451991e+00
    endloop
  endfacet
  facet normal -6.239072e-01 -2.394955e-01 -7.438963e-01
    outer loop
      vertex 1.231402e+00 4.001067e-01 1.524324e+00
      vertex 1.182834e+00 5.266314e-01 1.524324e+00
      vertex 1.308082e+00 4.250216e-01 1.451991e+00
    endloop
  endfacet
  facet normal -6.239072e-01 -2.394955e-01 -7.438963e-01
    outer loop
      vertex 1.308082e+00 4.250216e-01 1.451991e+00
      vertex 1.182834e+00 5.266314e-01 1.524324e+00
      vertex 1.256489e+00 5.594251e-01 1.451991e+00
    endloop
  endfacet
  facet normal -5.954553e-01 -3.033996e-01 -7.438963e-01
    outer loop
      vertex 1.182834e+00 5.266314e-01 1.524324e+00
      vertex 1.121306e+00 6.473863e-01 1.524324e+00
      vertex 1.256489e+00 5.594251e-01 1.451991e+00
    endloop
  endfacet
  facet normal -5.954553e-01 -3.033996e-01 -7.438963e-01
    outer loop
      vertex 1.256489e+00 5.594251e-01 1.451991e+00
      vertex 1.121306e+00 6.473863e-01 1.524324e+00
      vertex 1.191130e+00 6.876995e-01 1.451991e+00
    endloop
  endfacet
  facet normal -5.604794e-01 -3.639796e-01 -7.438963e-01
    outer loop
      vertex 1.121306e+00 6.473863e-01 1.524324e+00
      vertex 1.047493e+00 7.610482e-01 1.524324e+00
      vertex 1.191130e+00 6.876995e-01 1.451991e+00
    endloop
  endfacet
  facet normal -5.604794e-01 -3.639796e-01 -7.438963e-01
    outer loop
      vertex 1.191130e+00 6.876995e-01 1.451991e+00
      vertex 1.047493e+00 7.610482e-01 1.524324e+00
      vertex 1.112721e+00 8.084392e-01 1.451991e+00
    endloop
  endfacet
  facet normal -5.193628e-01 -4.205717e-01 -7.438963e-01
    outer loop
      vertex 1.047493e+00 7.610482e-01 1.524324e+00
      vertex 9.622035e-01 8.663720e-01 1.524324e+00
      vertex 1.112721e+00 8.084392e-01 1.451991e+00
    endloop
  endfacet
  facet normal -5.193628e-01 -4.205717e-01 -7.438963e-01
    outer loop
      vertex 1.112721e+00 8.084392e-01 1.451991e+00
      vertex 9.622035e-01 8.663720e-01 1.524324e+00
      vertex 1.022121e+00 9.203215e-01 1.451991e+00
    endloop
  endfacet
  facet normal -4.725560e-01 -4.725560e-01 -7.438963e-01
    outer loop
      vertex 9.622035e-01 8.663720e-01 1.524324e+00
      vertex 8.663720e-01 9.622035e-01 1.524324e+00
      vertex 1.022121e+00 9.203215e-01 1.451991e+00
    endloop
  endfacet
  facet normal -4.725560e-01 -4.725560e-01 -7.438963e-01
    outer loop
      vertex 1.022121e+00 9.203215e-01 1.451991e+00
      vertex 8.663720e-01 9.622035e-01 1.524324e+00
      vertex 9.203215e-01 1.022121e+00 1.451991e+00
    endloop
  endfacet
  facet normal -4.205717e-01 -5.193628e-01 -7.438963e-01
    outer loop
      vertex 8.663720e-01 9.622035e-01 1.524324e+00
      vertex 7.610482e-01 1.047493e+00 1.524324e+00
      vertex 9.203215e-01 1.022121e+00 1.451991e+00
    endloop
  endfacet
  facet normal -4.205717e-01 -5.193628e-01 -7.438963e-01
    outer loop
      vertex 9.203215e-01 1.022121e+00 1.451991e+00
      vertex 7.610482e-01 1.047493e+00 1.524324e+00
      vertex 8.084392e-01 1.112721e+00 1.451991e+00
    endloop
  endfacet
  facet normal -3.639796e-01 -5.604794e-01 -7.438963e-01
    outer loop
      vertex 7.610482e-01 1.047493e+00 1.524324e+00
      vertex 6.473863e-01 1.121306e+00 1.524324e+00
      vertex 8.084392e-01 1.112721e+00 1.451991e+00
    endloop
  endfacet
  facet normal -3.639796e-01 -5.604794e-01 -7.438963e-01
    outer loop
      vertex 8.084392e-01 1.112721e+00 1.451991e+00
      vertex 6.473863e-01 1.121306e+00 1.524324e+00
      vertex 6.876995e-01 1.191130e+00 1.451991e+00
    endloop
  endfacet
  facet normal -3.033996e-01 -5.954553e-01 -7.438963e-01
    outer loop
      vertex 6.473863e-01 1.121306e+00 1.524324e+00
      vertex 5.266314e-01 1.182834e+00 1.524324e+00
      vertex 6.876995e-01 1.191130e+00 1.451991e+00
    endloop
  endfacet
  facet normal -3.033996e-01 -5.954553e-01 -7.438963e-01
    outer loop
      vertex 6.876995e-01 1.191130e+00 1.451991e+00
      vertex 5.266314e-01 1.182834e+00 1.524324e+00
      vertex 5.594251e-01 1.256489e+00 1.451991e+00
    endloop
  endfacet
  facet normal -2.394955e-01 -6.239072e-01 -7.438963e-01
    outer loop
      vertex 5.266314e-01 1.182834e+00 1.524324e+00
      vertex 4.001067e-01 1.231402e+00 1.524324e+00
      vertex 5.594251e-01 1.256489e+00 1.451991e+00
    endloop
  endfacet
  facet normal -2.394955e-01 -6.239072e-01 -7.438963e-01
    outer loop
      vertex 5.594251e-01 1.256489e+00 1.451991e+00
      vertex 4.001067e-01 1.231402e+00 1.524324e+00
      vertex 4.250216e-01 1.308082e+00 1.451991e+00
    endloop
  endfacet
  facet normal -1.729675e-01 -6.455235e-01 -7.438963e-01
    outer loop
      vertex 4.001067e-01 1.231402e+00 1.524324e+00
      vertex 2.691984e-01 1.266479e+00 1.524324e+00
      vertex 4.250216e-01 1.308082e+00 1.451991e+00
    endloop
  endfacet
  facet normal -1.729675e-01 -6.455235e-01 -7.438963e-01
    outer loop
      vertex 4.250216e-01 1.308082e+00 1.451991e+00
      vertex 2.691984e-01 1.266479e+00 1.524324e+00
      vertex 2.859615e-01 1.345343e+00 1.451991e+00
    endloop
  endfacet
  facet normal -1.045444e-01 -6.600672e-01 -7.438963e-01
    outer loop
      vertex 2.691984e-01 1.266479e+00 1.524324e+00
      vertex 1.353406e-01 1.287680e+00 1.524324e+00
      vertex 2.859615e-01 1.345343e+00 1.451991e+00
    endloop
  endfacet
  facet normal -1.045444e-01 -6.600672e-01 -7.438963e-01
    outer loop
      vertex 2.859615e-01 1.345343e+00 1.451991e+00
      vertex 1.353406e-01 1.287680e+00 1.524324e+00
      vertex 1.437683e-01 1.367864e+00 1.451991e+00
    endloop
  endfacet
  facet normal -3.497586e-02 -6.673792e-01 -7.438963e-01
    outer loop
      vertex 1.353406e-01 1.287680e+00 1.524324e+00
      vertex 7.928195e-17 1.294773e+00 1.524324e+00
      vertex 1.437683e-01 1.367864e+00 1.451991e+00
    endloop
  endfacet
  facet normal -3.497586e-02 -6.673792e-01 -7.438963e-01
    outer loop
      vertex 1.437683e-01 1.367864e+00 1.451991e+00
      vertex 7.928195e-17 1.294773e+00 1.524324e+00
      vertex 8.421889e-17 1.375399e+00 1.451991e+00
    endloop
  endfacet
  facet normal 3.497586e-02 -6.673792e-01 -7.438963e-01
    outer loop
      vertex 7.928195e-17 1.294773e+00 1.524324e+00
      vertex -1.353406e-01 1.287680e+00 1.524324e+00
      vertex 8.421889e-17 1.375399e+00 1.451991e+00
    endloop
  endfacet
  facet normal 3.497586e-02 -6.673792e-01 -7.438963e-01
    outer loop
      vertex 8.421889e-17 1.375399e+00 1.451991e+00
      vertex -1.353406e-01 1.287680e+00 1.524324e+00
      vertex -1.437683e-01 1.367864e+00 1.451991e+00
    endloop
  endfacet
  facet normal 1.045444e-01 -6.600672e-01 -7.438963e-01
    outer loop
      vertex -1.353406e-01 1.287680e+00 1.524324e+00
      vertex -2.691984e-01 1.266479e+00 1.524324e+00
      vertex -1.437683e-01 1.367864e+00 1.451991e+00
    endloop
  endfacet
  facet normal 1.045444e-01 -6.600672e-01 -7.438963e-01
    outer loop
      vertex -1.437683e-01 1.367864e+00 1.451991e+00
      vertex -2.691984e-01 1.266479e+00 1.524324e+00
      vertex -2.859615e-01 1.345343e+00 1.451991e+00
    endloop
  endfacet
  facet normal 1.729675e-01 -6.455235e-01 -7.438963e-01
    outer loop
      vertex -2.691984e-01 1.266479e+00 1.524324e+00
      vertex -4.001067e-01 1.231402e+00 1.524324e+00
      vertex -2.859615e-01 1.345343e+00 1.451991e+00
    endloop
  endfacet
  facet normal 1.729675e-01 -6.455235e-01 -7.438963e-01
    outer loop
      vertex -2.859615e-01 1.345343e+00 1.451991e+00
      vertex -4.001067e-01 1.231402e+00 1.524324e+00
      vertex -4.250216e-01 1.308082e+00 1.451991e+00
    endloop
  endfacet
  facet normal 2.394955e-01 -6.239072e-01 -7.438963e-01
    outer loop
      vertex -4.001067e-01 1.231402e+00 1.524324e+00
      vertex -5.266314e-01 1.182834e+00 1.524324e+00
      vertex -4.250216e-01 1.308082e+00 1.451991e+00
    endloop
  endfacet
  facet normal 2.394955e-01 -6.239072e-01 -7.438963e-01
    outer loop
      vertex -4.250216e-01 1.308082e+00 1.451991e+00
      vertex -5.266314e-01 1.182834e+00 1.524324e+00
      vertex -5.594251e-01 1.256489e+00 1.451991e+00
    endloop
  endfacet
  facet normal 3.033996e-01 -5.954553e-01 -7.438963e-01
    outer loop
      vertex -5.266314e-01 1.182834e+00 1.524324e+00
      vertex -6.473863e-01 1.121306e+00 1.524324e+00
      vertex -5.594251e-01 1.256489e+00 1.451991e+00
    endloop
  endfacet
  facet normal 3.033996e-01 -5.954553e-01 -7.438963e-01
    outer loop
      vertex -5.594251e-01 1.256489e+00 1.451991e+00
      vertex -6.473863e-01 1.121306e+00 1.524324e+00
      vertex -6.876995e-01 1.191130e+00 1.451991e+00
    endloop
  endfacet
  facet normal 3.639796e-01 -5.604794e-01 -7.438963e-01
    outer loop
      vertex -6.473863e-01 1.121306e+00 1.524324e+00
      vertex -7.610482e-01 1.047493e+00 1.524324e+00
      vertex -6.876995e-01 1.191130e+00 1.451991e+00
    endloop
  endfacet
  facet normal 3.639796e-01 -5.604794e-01 -7.438963e-01
    outer loop
      vertex -6.876995e-01 1.191130e+00 1.451991e+00
      vertex -7.610482e-01 1.047493e+00 1.524324e+00
      vertex -8.084392e-01 1.112721e+00 1.451991e+00
    endloop
  endfacet
  facet normal 4.205717e-01 -5.193628e-01 -7.438963e-01
    outer loop
      vertex -7.610482e-01 1.047493e+00 1.524324e+00
      vertex -8.663720e-01 9.622035e-01 1.524324e+00
      vertex -8.084392e-01 1.112721e+00 1.451991e+00
    endloop
  endfacet
  facet normal 4.205717e-01 -5.193628e-01 -7.438963e-01
    outer loop
      vertex -8.084392e-01 1.112721e+00 1.451991e+00
      vertex -8.663720e-01 9.622035e-01 1.524324e+00
      vertex -9.203215e-01 1.022121e+00 1.451991e+00
    endloop
  endfacet
  facet normal 4.725560e-01 -4.725560e-01 -7.438963e-01
    outer loop
      vertex -8.663720e-01 9.622035e-01 1.524324e+00
      vertex -9.622035e-01 8.663720e-01 1.524324e+00
      vertex -9.203215e-01 1.022121e+00 1.451991e+00
    endloop
  endfacet
  facet normal 4.725560e-01 -4.725560e-01 -7.438963e-01
    outer loop
      vertex -9.203215e-01 1.022121e+00 1.451991e+00
      vertex -9.622035e-01 8.663720e-01 1.524324e+00
      vertex -1.022121e+00 9.203215e-01 1.451991e+00
    endloop
  endfacet
  facet normal 5.193628e-01 -4.205717e-01 -7.438963e-01
    outer loop
      vertex -9.622035e-01 8.663720e-01 1.524324e+00
      vertex -1.047493e+00 7.610482e-01 1.524324e+00
      vertex -1.022121e+00 9.203215e-01 1.451991e+00
    endloop
  endfacet
  facet normal 5.193628e-01 -4.205717e-01 -7.438963e-01
    outer loop
      vertex -1.022121e+00 9.203215e-01 1.451991e+00
      vertex -1.047493e+00 7.610482e-01 1.524324e+00
      vertex -1.112721e+00 8.084392e-01 1.451991e+00
    endloop
  endfacet
  facet normal 5.604794e-01 -3.639796e-01 -7.438963e-01
    outer loop
      vertex -1.047493e+00 7.610482e-01 1.524324e+00
      vertex -1.121306e+00 6.473863e-01 1.524324e+00
      vertex -1.112721e+00 8.084392e-01 1.451991e+00
    endloop
  endfacet
  facet normal 5.604794e-01 -3.639796e-01 -7.438963e-01
    outer loop
      vertex -1.112721e+00 8.084392e-01 1.451991e+00
      vertex -1.121306e+00 6.473863e-01 1.524324e+00
      vertex -1.191130e+00 6.876995e-01 1.451991e+00
    endloop
  endfacet
  facet normal 5.954553e-01 -3.033996e-01 -7.438963e-01
    outer loop
      vertex -1.121306e+00 6.473863e-01 1.524324e+00
      vertex -1.182834e+00 5.266314e-01 1.524324e+00
      vertex -1.191130e+00 6.876995e-01 1.451991e+00
    endloop
  endfacet
  facet normal 5.954553e-01 -3.033996e-01 -7.438963e-01
    outer loop
      vertex -1.191130e+00 6.876995e-01 1.451991e+00
      vertex -1.182834e+00 5.266314e-01 1.524324e+00
      vertex -1.256489e+00 5.594251e-01 1.451991e+00
    endloop
  endfacet
  facet normal 6.239072e-01 -2.394955e-01 -7.438963e-01
    outer loop
      vertex -1.182834e+00 5.266314e-01 1.524324e+00
      vertex -1.231402e+00 4.001067e-01 1.524324e+00
      vertex -1.256489e+00 5.594251e-01 1.451991e+00
    endloop
  endfacet
  facet normal 6.239072e-01 -2.394955e-01 -7.438963e-01
    outer loop
      vertex -1.256489e+00 5.594251e-01 1.451991e+00
      vertex -1.231402e+00 4.001067e-01 1.524324e+00
      vertex -1.308082e+00 4.250216e-01 1.451991e+00
    endloop
  endfacet
  facet normal 6.455235e-01 -1.729675e-01 -7.438963e-01
    outer loop
      vertex -1.231402e+00 4.001067e-01 1.524324e+00
      vertex -1.266479e+00 2.691984e-01 1.524324e+00
      vertex -1.308082e+00 4.250216e-01 1.451991e+00
    endloop
  endfacet
  facet normal 6.455235e-01 -1.729675e-01 -7.438963e-01
    outer loop
      vertex -1.308082e+00 4.250216e-01 1.451991e+00
      vertex -1.266479e+00 2.691984e-01 1.524324e+00
      vertex -1.345343e+00 2.859615e-01 1.451991e+00
    endloop
  endfacet
  facet normal 6.600672e-01 -1.045444e-01 -7.438963e-01
    outer loop
      vertex -1.266479e+00 2.691984e-01 1.524324e+00
      vertex -1.287680e+00 1.353406e-01 1.524324e+00
      vertex -1.345343e+00 2.859615e-01 1.451991e+00
    endloop
  endfacet
  facet normal 6.600672e-01 -1.045444e-01 -7.438963e-01
    outer loop
      vertex -1.345343e+00 2.859615e-01 1.451991e+00
      vertex -1.287680e+00 1.353406e-01 1.524324e+00
      vertex -1.367864e+00 1.437683e-01 1.451991e+00
    endloop
  endfacet
  facet normal 6.673792e-01 -3.497586e-02 -7.438963e-01
    outer loop
      vertex -1.287680e+00 1.353406e-01 1.524324e+00
      vertex -1.294773e+00 1.585639e-16 1.524324e+00
      vertex -1.367864e+00 1.437683e-01 1.451991e+00
    endloop
  endfacet
  facet normal 6.673792e-01 -3.497586e-02 -7.438963e-01
    outer loop
      vertex -1.367864e+00 1.437683e-01 1.451991e+00
      vertex -1.294773e+00 1.585639e-16 1.524324e+00
      vertex -1.375399e+00 1.684378e-16 1.451991e+00
    endloop
  endfacet
  facet normal 6.673792e-01 3.497586e-02 -7.438963e-01
    outer loop
      vertex -1.294773e+00 1.585639e-16 1.524324e+00
      vertex -1.287680e+00 -1.353406e-01 1.524324e+00
      vertex -1.375399e+00 1.684378e-16 1.451991e+00
    endloop
  endfacet
  facet normal 6.673792e-01 3.497586e-02 -7.438963e-01
    outer loop
      vertex -1.375399e+00 1.684378e-16 1.451991e+00
      vertex -1.287680e+00 -1.353406e-01 1.524324e+00
      vertex -1.367864e+00 -1.437683e-01 1.451991e+00
    endloop
  endfacet
  facet normal 6.600672e-01 1.045444e-01 -7.438963e-01
    outer loop
      vertex -1.287680e+00 -1.353406e-01 1.524324e+00
      vertex -1.266479e+00 -2.691984e-01 1.524324e+00
      vertex -1.367864e+00 -1.437683e-01 1.451991e+00
    endloop
  endfacet
  facet normal 6.600672e-01 1.045444e-01 -7.438963e-01
    outer loop
      vertex -1.367864e+00 -1.437683e-01 1.451991e+00
      vertex -1.266479e+00 -2.691984e-01 1.524324e+00
      vertex -1.345343e+00 -2.859615e-01 1.451991e+00
    endloop
  endfacet
  facet normal 6.455235e-01 1.729675e-01 -7.438963e-01
    outer loop
      vertex -1.266479e+00 -2.691984e-01 1.524324e+00
      vertex -1.231402e+00 -4.001067e-01 1.524324e+00
      vertex -1.345343e+00 -2.859615e-01 1.451991e+00
    endloop
  endfacet
  facet normal 6.455235e-01 1.729675e-01 -7.438963e-01
    outer loop
      vertex -1.345343e+00 -2.859615e-01 1.451991e+00
      vertex -1.231402e+00 -4.001067e-01 1.524324e+00
      vertex -1.308082e+00 -4.250216e-01 1.451991e+00
    endloop
  endfacet
  facet normal 6.239072e-01 2.394955e-01 -7.438963e-01
    outer loop
      vertex -1.231402e+00 -4.001067e-01 1.524324e+00
      vertex -1.182834e+00 -5.266314e-01 1.524324e+00
      vertex -1.308082e+00 -4.250216e-01 1.451991e+00
    endloop
  endfacet
  facet normal 6.239072e-01 2.394955e-01 -7.438963e-01
    outer loop
      vertex -1.308082e+00 -4.250216e-01 1.451991e+00
      vertex -1.182834e+00 -5.266314e-01 1.524324e+00
      vertex -1.256489e+00 -5.594251e-01 1.451991e+00
    endloop
  endfacet
  facet normal 5.954553e-01 3.033996e-01 -7.438963e-01
    outer loop
      vertex -1.182834e+00 -5.266314e-01 1.524324e+00
      vertex -1.121306e+00 -6.473863e-01 1.524324e+00
      vertex -1.256489e+00 -5.594251e-01 1.451991e+00
    endloop
  endfacet
  facet normal 5.954553e-01 3.033996e-01 -7.438963e-01
    outer loop
      vertex -1.256489e+00 -5.594251e-01 1.451991e+00
      vertex -1.121306e+00 -6.473863e-01 1.524324e+00
      vertex -1.191130e+00 -6.876995e-01 1.451991e+00
    endloop
  endfacet
  facet normal 5.604794e-01 3.639796e-01 -7.438963e-01
    outer loop
      vertex -1.121306e+00 -6.473863e-01 1.524324e+00
      vertex -1.047493e+00 -7.610482e-01 1.524324e+00
      vertex -1.191130e+00 -6.876995e-01 1.451991e+00
    endloop
  endfacet
  facet normal 5.604794e-01 3.639796e-01 -7.438963e-01
    outer loop
      vertex -1.191130e+00 -6.876995e-01 1.451991e+00
      vertex -1.047493e+00 -7.610482e-01 1.524324e+00
      vertex -1.112721e+00 -8.084392e-01 1.451991e+00
    endloop
  endfacet
  facet normal 5.193628e-01 4.205717e-01 -7.438963e-01
    outer loop
      vertex -1.047493e+00 -7.610482e-01 1.524324e+00
      vertex -9.622035e-01 -8.663720e-01 1.524324e+00
      vertex -1.112721e+00 -8.084392e-01 1.451991e+00
    endloop
  endfacet
  facet normal 5.193628e-01 4.205717e-01 -7.438963e-01
    outer loop
      vertex -1.112721e+00 -8.084392e-01 1.451991e+00
      vertex -9.622035e-01 -8.663720e-01 1.524324e+00
      vertex -1.022121e+00 -9.203215e-01 1.451991e+00
    endloop
  endfacet
  facet normal 4.725560e-01 4.725560e-01 -7.438963e-01
    outer loop
      vertex -9.622035e-01 -8.663720e-01 1.524324e+00
      vertex -8.663720e-01 -9.622035e-01 1.524324e+00
      vertex -1.022121e+00 -9.203215e-01 1.451991e+00
    endloop
  endfacet
  facet normal 4.725560e-01 4.725560e-01 -7.438963e-01
    outer loop
      vertex -1.022121e+00 -9.203215e-01 1.451991e+00
      vertex -8.663720e-01 -9.622035e-01 1.524324e+00
      vertex -9.203215e-01 -1.022121e+00 1.451991e+00
    endloop
  endfacet
  facet normal 4.205717e-01 5.193628e-01 -7.438963e-01
    outer loop
      vertex -8.663720e-01 -9.622035e-01 1.524324e+00
      vertex -7.610482e-01 -1.047493e+00 1.524324e+00
      vertex -9.203215e-01 -1.022121e+00 1.451991e+00
    endloop
  endfacet
  facet normal 4.205717e-01 5.193628e-01 -7.438963e-01
    outer loop
      vertex -9.203215e-01 -1.022121e+00 1.451991e+00
      vertex -7.610482e-01 -1.047493e+00 1.524324e+00
      vertex -8.084392e-01 -1.112721e+00 1.451991e+00
    endloop
  endfacet
  facet normal 3.639796e-01 5.604794e-01 -7.438963e-01
    outer loop
      vertex -7.610482e-01 -1.047493e+00 1.524324e+00
      vertex -6.473863e-01 -1.121306e+00 1.524324e+00
      vertex -8.084392e-01 -1.112721e+00 1.451991e+00
    endloop
  endfacet
  facet normal 3.639796e-01 5.604794e-01 -7.438963e-01
    outer loop
      vertex -8.084392e-01 -1.112721e+00 1.451991e+00
      vertex -6.473863e-01 -1.121306e+00 1.524324e+00
      vertex -6.876995e-01 -1.191130e+00 1.451991e+00
    endloop
  endfacet
  facet normal 3.033996e-01 5.954553e-01 -7.438963e-01
    outer loop
      vertex -6.473863e-01 -1.121306e+00 1.524324e+00
      vertex -5.266314e-01 -1.182834e+00 1.524324e+00
      vertex -6.876995e-01 -1.191130e+00 1.451991e+00
    endloop
  endfacet
  facet normal 3.033996e-01 5.954553e-01 -7.438963e-01
    outer loop
      vertex -6.876995e-01 -1.191130e+00 1.451991e+00
      vertex -5.266314e-01 -1.182834e+00 1.524324e+00
      vertex -5.594251e-01 -1.256489e+00 1.451991e+00
    endloop
  endfacet
  facet normal 2.394955e-01 6.239072e-01 -7.438963e-01
    outer loop
      vertex -5.266314e-01 -1.182834e+00 1.524324e+00
      vertex -4.001067e-01 -1.231402e+00 1.524324e+00
      vertex -5.594251e-01 -1.256489e+00 1.451991e+00
    endloop
  endfacet
  facet normal 2.394955e-01 6.239072e-01 -7.438963e-01
    outer loop
      vertex -5.594251e-01 -1.256489e+00 1.451991e+00
      vertex -4.001067e-01 -1.231402e+00 1.524324e+00
      vertex -4.250216e-01 -1.308082e+00 1.451991e+00
    endloop
  endfacet
  facet normal 1.729675e-01 6.455235e-01 -7.438963e-01
    outer loop
      vertex -4.001067e-01 -1.231402e+00 1.524324e+00
      vertex -2.691984e-01 -1.266479e+00 1.524324e+00
      vertex -4.250216e-01 -1.308082e+00 1.451991e+00
    endloop
  endfacet
  facet normal 1.729675e-01 6.455235e-01 -7.438963e-01
    outer loop
      vertex -4.250216e-01 -1.308082e+00 1.451991e+00
      vertex -2.691984e-01 -1.266479e+00 1.524324e+00
      vertex -2.859615e-01 -1.345343e+00 1.451991e+00
    endloop
  endfacet
  facet normal 1.045444e-01 6.600672e-01 -7.438963e-01
    outer loop
      vertex -2.691984e-01 -1.266479e+00 1.524324e+00
      vertex -1.353406e-01 -1.287680e+00 1.524324e+00
      vertex -2.859615e-01 -1.345343e+00 1.451991e+00
    endloop
  endfacet
  facet normal 1.045444e-01 6.600672e-01 -7.438963e-01
    outer loop
      vertex -2.859615e-01 -1.345343e+00 1.451991e+00
      vertex -1.353406e-01 -1.287680e+00 1.524324e+00
      vertex -1.437683e-01 -1.367864e+00 1.451991e+00
    endloop
  endfacet
  facet normal 3.497586e-02 6.673792e-01 -7.438963e-01
    outer loop
      vertex -1.353406e-01 -1.287680e+00 1.524324e+00
      vertex -2.378459e-16 -1.294773e+00 1.524324e+00
      vertex -1.437683e-01 -1.367864e+00 1.451991e+00
    endloop
  endfacet
  facet normal 3.497586e-02 6.673792e-01 -7.438963e-01
    outer loop
      vertex -1.437683e-01 -1.367864e+00 1.451991e+00
      vertex -2.378459e-16 -1.294773e+00 1.524324e+00
      vertex -2.526567e-16 -1.375399e+00 1.451991e+00
    endloop
  endfacet
  facet normal -3.497586e-02 6.673792e-01 -7.438963e-01
    outer loop
      vertex -2.378459e-16 -1.294773e+00 1.524324e+00
      vertex 1.353406e-01 -1.287680e+00 1.524324e+00
      vertex -2.526567e-16 -1.375399e+00 1.451991e+00
    endloop
  endfacet
  facet normal -3.497586e-02 6.673792e-01 -7.438963e-01
    outer loop
      vertex -2.526567e-16 -1.375399e+00 1.451991e+00
      vertex 1.353406e-01 -1.287680e+00 1.524324e+00
      vertex 1.437683e-01 -1.367864e+00 1.451991e+00
    endloop
  endfacet
  facet normal -1.045444e-01 6.600672e-01 -7.438963e-01
    outer loop
      vertex 1.353406e-01 -1.287680e+00 1.524324e+00
      vertex 2.691984e-01 -1.266479e+00 1.524324e+00
      vertex 1.437683e-01 -1.367864e+00 1.451991e+00
    endloop
  endfacet
  facet normal -1.045444e-01 6.600672e-01 -7.438963e-01
    outer loop
      vertex 1.437683e-01 -1.367864e+00 1.451991e+00
      vertex 2.691984e-01 -1.266479e+00 1.524324e+00
      vertex 2.859615e-01 -1.345343e+00 1.451991e+00
    endloop
  endfacet
  facet normal -1.729675e-01 6.455235e-01 -7.438963e-01
    outer loop
      vertex 2.691984e-01 -1.266479e+00 1.524324e+00
      vertex 4.001067e-01 -1.231402e+00 1.524324e+00
      vertex 2.859615e-01 -1.345343e+00 1.451991e+00
    endloop
  endfacet
  facet normal -1.729675e-01 6.455235e-01 -7.438963e-01
    outer loop
      vertex 2.859615e-01 -1.345343e+00 1.451991e+00
      vertex 4.001067e-01 -1.231402e+00 1.524324e+00
      vertex 4.250216e-01 -1.308082e+00 1.451991e+00
    endloop
  endfacet
  facet normal -2.394955e-01 6.239072e-01 -7.438963e-01
    outer loop
      vertex 4.001067e-01 -1.231402e+00 1.524324e+00
      vertex 5.266314e-01 -1.182834e+00 1.524324e+00
      vertex 4.250216e-01 -1.308082e+00 1.451991e+00
    endloop
  endfacet
  facet normal -2.394955e-01 6.239072e-01 -7.438963e-01
    outer loop
      vertex 4.250216e-01 -1.308082e+00 1.451991e+00
      vertex 5.266314e-01 -1.182834e+00 1.524324e+00
      vertex 5.594251e-01 -1.256489e+00 1.451991e+00
    endloop
  endfacet
  facet normal -3.033996e-01 5.954553e-01 -7.438963e-01
    outer loop
      vertex 5.266314e-01 -1.182834e+00 1.524324e+00
      vertex 6.473863e-01 -1.121306e+00 1.524324e+00
      vertex 5.594251e-01 -1.256489e+00 1.451991e+00
    endloop
  endfacet
  facet normal -3.033996e-01 5.954553e-01 -7.438963e-01
    outer loop
      vertex 5.594251e-01 -1.256489e+00 1.451991e+00
      vertex 6.473863e-01 -1.121306e+00 1.524324e+00
      vertex 6.876995e-01 -1.191130e+00 1.451991e+00
    endloop
  endfacet
  facet normal -3.639796e-01 5.604794e-01 -7.438963e-01
    outer loop
      vertex 6.473863e-01 -1.121306e+00 1.524324e+00
      vertex 7.610482e-01 -1.047493e+00 1.524324e+00
      vertex 6.876995e-01 -1.191130e+00 1.451991e+00
    endloop
  endfacet
  facet normal -3.639796e-01 5.604794e-01 -7.438963e-01
    outer loop
      vertex 6.876995e-01 -1.191130e+00 1.451991e+00
      vertex 7.610482e-01 -1.047493e+00 1.524324e+00
      vertex 8.084392e-01 -1.112721e+00 1.451991e+00
    endloop
  endfacet
  facet normal -4.205717e-01 5.193628e-01 -7.438963e-01
    outer loop
      vertex 7.610482e-01 -1.047493e+00 1.524324e+00
      vertex 8.663720e-01 -9.622035e-01 1.524324e+00
      vertex 8.084392e-01 -1.112721e+00 1.451991e+00
    endloop
  endfacet
  facet normal -4.205717e-01 5.193628e-01 -7.438963e-01
    outer loop
      vertex 8.084392e-01 -1.112721e+00 1.451991e+00
      vertex 8.663720e-01 -9.622035e-01 1.524324e+00
      vertex 9.203215e-01 -1.022121e+00 1.451991e+00
    endloop
  endfacet
  facet normal -4.725560e-01 4.725560e-01 -7.438963e-01
    outer loop
      vertex 8.663720e-01 -9.622035e-01 1.524324e+00
      vertex 9.622035e-01 -8.663720e-01 1.524324e+00
      vertex 9.203215e-01 -1.022121e+00 1.451991e+00
    endloop
  endfacet
  facet normal -4.725560e-01 4.725560e-01 -7.438963e-01
    outer loop
      vertex 9.203215e-01 -1.022121e+00 1.451991e+00
      vertex 9.622035e-01 -8.663720e-01 1.524324e+00
      vertex 1.022121e+00 -9.203215e-01 1.451991e+00
    endloop
  endfacet
  facet normal -5.193628e-01 4.205717e-01 -7.438963e-01
    outer loop
      vertex 9.622035e-01 -8.663720e-01 1.524324e+00
      vertex 1.047493e+00 -7.610482e-01 1.524324e+00
      vertex 1.022121e+00 -9.203215e-01 1.451991e+00
    endloop
  endfacet
  facet normal -5.193628e-01 4.205717e-01 -7.438963e-01
    outer loop
      vertex 1.022121e+00 -9.203215e-01 1.451991e+00
      vertex 1.047493e+00 -7.610482e-01 1.524324e+00
      vertex 1.112721e+00 -8.084392e-01 1.451991e+00
    endloop
  endfacet
  facet normal -5.604794e-01 3.639796e-01 -7.438963e-01
    outer loop
      vertex 1.047493e+00 -7.610482e-01 1.524324e+00
      vertex 1.121306e+00 -6.473863e-01 1.524324e+00
      vertex 1.112721e+00 -8.084392e-01 1.451991e+00
    endloop
  endfacet
  facet normal -5.604794e-01 3.639796e-01 -7.438963e-01
    outer loop
      vertex 1.112721e+00 -8.084392e-01 1.451991e+00
      vertex 1.121306e+00 -6.473863e-01 1.524324e+00
      vertex 1.191130e+00 -6.876995e-01 1.451991e+00
    endloop
  endfacet
  facet normal -5.954553e-01 3.033996e-01 -7.438963e-01
    outer loop
      vertex 1.121306e+00 -6.473863e-01 1.524324e+00
      vertex 1.182834e+00 -5.266314e-01 1.524324e+00
      vertex 1.191130e+00 -6.876995e-01 1.451991e+00
    endloop
  endfacet
  facet normal -5.954553e-01 3.033996e-01 -7.438963e-01
    outer loop
      vertex 1.191130e+00 -6.876995e-01 1.451991e+00
      vertex 1.182834e+00 -5.266314e-01 1.524324e+00
      vertex 1.256489e+00 -5.594251e-01 1.451991e+00
    endloop
  endfacet
  facet normal -6.239072e-01 2.394955e-01 -7.438963e-01
    outer loop
      vertex 1.182834e+00 -5.266314e-01 1.524324e+00
      vertex 1.231402e+00 -4.001067e-01 1.524324e+00
      vertex 1.256489e+00 -5.594251e-01 1.451991e+00
    endloop
  endfacet
  facet normal -6.239072e-01 2.394955e-01 -7.438963e-01
    outer loop
      vertex 1.256489e+00 -5.594251e-01 1.451991e+00
      vertex 1.231402e+00 -4.001067e-01 1.524324e+00
      vertex 1.308082e+00 -4.250216e-01 1.451991e+00
    endloop
  endfacet
  facet normal -6.455235e-01 1.729675e-01 -7.438963e-01
    outer loop
      vertex 1.231402e+00 -4.001067e-01 1.524324e+00
      vertex 1.266479e+00 -2.691984e-01 1.524324e+00
      vertex 1.308082e+00 -4.250216e-01 1.451991e+00
    endloop
  endfacet
  facet normal -6.455235e-01 1.729675e-01 -7.438963e-01
    outer loop
      vertex 1.308082e+00 -4.250216e-01 1.451991e+00
      vertex 1.266479e+00 -2.691984e-01 1.524324e+00
      vertex 1.345343e+00 -2.859615e-01 1.451991e+00
    endloop
  endfacet
  facet normal -6.600672e-01 1.045444e-01 -7.438963e-01
    outer loop
      vertex 1.266479e+00 -2.691984e-01 1.524324e+00
      vertex 1.287680e+00 -1.353406e-01 1.524324e+00
      vertex 1.345343e+00 -2.859615e-01 1.451991e+00
    endloop
  endfacet
  facet normal -6.600672e-01 1.045444e-01 -7.438963e-01
    outer loop
      vertex 1.345343e+00 -2.859615e-01 1.451991e+00
      vertex 1.287680e+00 -1.353406e-01 1.524324e+00
      vertex 1.367864e+00 -1.437683e-01 1.451991e+00
    endloop
  endfacet
  facet normal -6.673792e-01 3.497586e-02 -7.438963e-01
    outer loop
      vertex 1.287680e+00 -1.353406e-01 1.524324e+00
      vertex 1.294773e+00 0.000000e+00 1.524324e+00
      vertex 1.367864e+00 -1.437683e-01 1.451991e+00
    endloop
  endfacet
  facet normal -6.673792e-01 3.497586e-02 -7.438963e-01
    outer loop
      vertex 1.367864e+00 -1.437683e-01 1.451991e+00
      vertex 1.294773e+00 0.000000e+00 1.524324e+00
      vertex 1.375399e+00 0.000000e+00 1.451991e+00
    endloop
  endfacet
  facet normal -7.066218e-01 -3.703248e-02 -7.066218e-01
    outer loop
      vertex 1.375399e+00 0.000000e+00 1.451991e+00
      vertex 1.367864e+00 1.437683e-01 1.451991e+00
      vertex 1.451991e+00 0.000000e+00 1.375399e+00
    endloop
  endfacet
  facet normal -7.066218e-01 -3.703248e-02 -7.066218e-01
    outer loop
      vertex 1.451991e+00 0.000000e+00 1.375399e+00
      vertex 1.367864e+00 1.437683e-01 1.451991e+00
      vertex 1.444037e+00 1.517744e-01 1.375399e+00
    endloop
  endfacet
  facet normal -6.988799e-01 -1.106917e-01 -7.066218e-01
    outer loop
      vertex 1.367864e+00 1.437683e-01 1.451991e+00
      vertex 1.345343e+00 2.859615e-01 1.451991e+00
      vertex 1.444037e+00 1.517744e-01 1.375399e+00
    endloop
  endfacet
  facet normal -6.988799e-01 -1.106917e-01 -7.066218e-01
    outer loop
      vertex 1.444037e+00 1.517744e-01 1.375399e+00
      vertex 1.345343e+00 2.859615e-01 1.451991e+00
      vertex 1.420261e+00 3.018859e-01 1.375399e+00
    endloop
  endfacet
  facet normal -6.834809e-01 -1.831382e-01 -7.066218e-01
    outer loop
      vertex 1.345343e+00 2.859615e-01 1.451991e+00
      vertex 1.308082e+00 4.250216e-01 1.451991e+00
      vertex 1.420261e+00 3.018859e-01 1.375399e+00
    endloop
  endfacet
  facet normal -6.834809e-01 -1.831382e-01 -7.066218e-01
    outer loop
      vertex 1.420261e+00 3.018859e-01 1.375399e+00
      vertex 1.308082e+00 4.250216e-01 1.451991e+00
      vertex 1.380925e+00 4.486899e-01 1.375399e+00
    endloop
  endfacet
  facet normal -6.605936e-01 -2.535781e-01 -7.066218e-01
    outer loop
      vertex 1.308082e+00 4.250216e-01 1.451991e+00
      vertex 1.256489e+00 5.594251e-01 1.451991e+00
      vertex 1.380925e+00 4.486899e-01 1.375399e+00
    endloop
  endfacet
  facet normal -6.605936e-01 -2.535781e-01 -7.066218e-01
    outer loop
      vertex 1.380925e+00 4.486899e-01 1.375399e+00
      vertex 1.256489e+00 5.594251e-01 1.451991e+00
      vertex 1.326460e+00 5.905779e-01 1.375399e+00
    endloop
  endfacet
  facet normal -6.304686e-01 -3.212398e-01 -7.066218e-01
    outer loop
      vertex 1.256489e+00 5.594251e-01 1.451991e+00
      vertex 1.191130e+00 6.876995e-01 1.451991e+00
      vertex 1.326460e+00 5.905779e-01 1.375399e+00
    endloop
  endfacet
  facet normal -6.304686e-01 -3.212398e-01 -7.066218e-01
    outer loop
      vertex 1.326460e+00 5.905779e-01 1.375399e+00
      vertex 1.191130e+00 6.876995e-01 1.451991e+00
      vertex 1.257461e+00 7.259955e-01 1.375399e+00
    endloop
  endfacet
  facet normal -5.934361e-01 -3.853819e-01 -7.066218e-01
    outer loop
      vertex 1.191130e+00 6.876995e-01 1.451991e+00
      vertex 1.112721e+00 8.084392e-01 1.451991e+00
      vertex 1.257461e+00 7.259955e-01 1.375399e+00
    endloop
  endfacet
  facet normal -5.934361e-01 -3.853819e-01 -7.066218e-01
    outer loop
      vertex 1.257461e+00 7.259955e-01 1.375399e+00
      vertex 1.112721e+00 8.084392e-01 1.451991e+00
      vertex 1.174685e+00 8.534589e-01 1.375399e+00
    endloop
  endfacet
  facet normal -5.499019e-01 -4.453017e-01 -7.066218e-01
    outer loop
      vertex 1.112721e+00 8.084392e-01 1.451991e+00
      vertex 1.022121e+00 9.203215e-01 1.451991e+00
      vertex 1.174685e+00 8.534589e-01 1.375399e+00
    endloop
  endfacet
  facet normal -5.499019e-01 -4.453017e-01 -7.066218e-01
    outer loop
      vertex 1.174685e+00 8.534589e-01 1.375399e+00
      vertex 1.022121e+00 9.203215e-01 1.451991e+00
      vertex 1.079040e+00 9.715716e-01 1.375399e+00
    endloop
  endfacet
  facet normal -5.003427e-01 -5.003427e-01 -7.066218e-01
    outer loop
      vertex 1.022121e+00 9.203215e-01 1.451991e+00
      vertex 9.203215e-01 1.022121e+00 1.451991e+00
      vertex 1.079040e+00 9.715716e-01 1.375399e+00
    endloop
  endfacet
  facet normal -5.003427e-01 -5.003427e-01 -7.066218e-01
    outer loop
      vertex 1.079040e+00 9.715716e-01 1.375399e+00
      vertex 9.203215e-01 1.022121e+00 1.451991e+00
      vertex 9.715716e-01 1.079040e+00 1.375399e+00
    endloop
  endfacet
  facet normal -4.453017e-01 -5.499019e-01 -7.066218e-01
    outer loop
      vertex 9.203215e-01 1.022121e+00 1.451991e+00
      vertex 8.084392e-01 1.112721e+00 1.451991e+00
      vertex 9.715716e-01 1.079040e+00 1.375399e+00
    endloop
  endfacet
  facet normal -4.453017e-01 -5.499019e-01 -7.066218e-01
    outer loop
      vertex 9.715716e-01 1.079040e+00 1.375399e+00
      vertex 8.084392e-01 1.112721e+00 1.451991e+00
      vertex 8.534589e-01 1.174685e+00 1.375399e+00
    endloop
  endfacet
  facet normal -3.853819e-01 -5.934361e-01 -7.066218e-01
    outer loop
      vertex 8.084392e-01 1.112721e+00 1.451991e+00
      vertex 6.876995e-01 1.191130e+00 1.451991e+00
      vertex 8.534589e-01 1.174685e+00 1.375399e+00
    endloop
  endfacet
  facet normal -3.853819e-01 -5.934361e-01 -7.066218e-01
    outer loop
      vertex 8.534589e-01 1.174685e+00 1.375399e+00
      vertex 6.876995e-01 1.191130e+00 1.451991e+00
      vertex 7.259955e-01 1.257461e+00 1.375399e+00
    endloop
  endfacet
  facet normal -3.212398e-01 -6.304686e-01 -7.066218e-01
    outer loop
      vertex 6.876995e-01 1.191130e+00 1.451991e+00
      vertex 5.594251e-01 1.256489e+00 1.451991e+00
      vertex 7.259955e-01 1.257461e+00 1.375399e+00
    endloop
  endfacet
  facet normal -3.212398e-01 -6.304686e-01 -7.066218e-01
    outer loop
      vertex 7.259955e-01 1.257461e+00 1.375399e+00
      vertex 5.594251e-01 1.256489e+00 1.451991e+00
      vertex 5.905779e-01 1.326460e+00 1.375399e+00
    endloop
  endfacet
  facet normal -2.535781e-01 -6.605936e-01 -7.066218e-01
    outer loop
      vertex 5.594251e-01 1.256489e+00 1.451991e+00
      vertex 4.250216e-01 1.308082e+00 1.451991e+00
      vertex 5.905779e-01 1.326460e+00 1.375399e+00
    endloop
  endfacet
  facet normal -2.535781e-01 -6.605936e-01 -7.066218e-01
    outer loop
      vertex 5.905779e-01 1.326460e+00 1.375399e+00
      vertex 4.250216e-01 1.308082e+00 1.451991e+00
      vertex 4.486899e-01 1.380925e+00 1.375399e+00
    endloop
  endfacet
  facet normal -1.831382e-01 -6.834809e-01 -7.066218e-01
    outer loop
      vertex 4.250216e-01 1.308082e+00 1.451991e+00
      vertex 2.859615e-01 1.345343e+00 1.451991e+00
      vertex 4.486899e-01 1.380925e+00 1.375399e+00
    endloop
  endfacet
  facet normal -1.831382e-01 -6.834809e-01 -7.066218e-01
    outer loop
      vertex 4.486899e-01 1.380925e+00 1.375399e+00
      vertex 2.859615e-01 1.345343e+00 1.451991e+00
      vertex 3.018859e-01 1.420261e+00 1.375399e+00
    endloop
  endfacet
  facet normal -1.106917e-01 -6.988799e-01 -7.066218e-01
    outer loop
      vertex 2.859615e-01 1.345343e+00 1.451991e+00
      vertex 1.437683e-01 1.367864e+00 1.451991e+00
      vertex 3.018859e-01 1.420261e+00 1.375399e+00
    endloop
  endfacet
  facet normal -1.106917e-01 -6.988799e-01 -7.066218e-01
    outer loop
      vertex 3.018859e-01 1.420261e+00 1.375399e+00
      vertex 1.437683e-01 1.367864e+00 1.451991e+00
      vertex 1.517744e-01 1.444037e+00 1.375399e+00
    endloop
  endfacet
  facet normal -3.703248e-02 -7.066218e-01 -7.066218e-01
    outer loop
      vertex 1.437683e-01 1.367864e+00 1.451991e+00
      vertex 8.421889e-17 1.375399e+00 1.451991e+00
      vertex 1.517744e-01 1.444037e+00 1.375399e+00
    endloop
  endfacet
  facet normal -3.703248e-02 -7.066218e-01 -7.066218e-01
    outer loop
      vertex 1.517744e-01 1.444037e+00 1.375399e+00
      vertex 8.421889e-17 1.375399e+00 1.451991e+00
      vertex 8.890881e-17 1.451991e+00 1.375399e+00
    endloop
  endfacet
  facet normal 3.703248e-02 -7.066218e-01 -7.066218e-01
    outer loop
      vertex 8.421889e-17 1.375399e+00 1.451991e+00
      vertex -1.437683e-01 1.367864e+00 1.451991e+00
      vertex 8.890881e-17 1.451991e+00 1.375399e+00
    endloop
  endfacet
  facet normal 3.703248e-02 -7.066218e-01 -7.066218e-01
    outer loop
      vertex 8.890881e-17 1.451991e+00 1.375399e+00
      vertex -1.437683e-01 1.367864e+00 1.451991e+00
      vertex -1.517744e-01 1.444037e+00 1.375399e+00
    endloop
  endfacet
  facet normal 1.106917e-01 -6.988799e-01 -7.066218e-01
    outer loop
      vertex -1.437683e-01 1.367864e+00 1.451991e+00
      vertex -2.859615e-01 1.345343e+00 1.451991e+00
      vertex -1.517744e-01 1.444037e+00 1.375399e+00
    endloop
  endfacet
  facet normal 1.106917e-01 -6.988799e-01 -7.066218e-01
    outer loop
      vertex -1.517744e-01 1.444037e+00 1.375399e+00
      vertex -2.859615e-01 1.345343e+00 1.451991e+00
      vertex -3.018859e-01 1.420261e+00 1.375399e+00
    endloop
  endfacet
  facet normal 1.831382e-01 -6.834809e-01 -7.066218e-01
    outer loop
      vertex -2.859615e-01 1.345343e+00 1.451991e+00
      vertex -4.250216e-01 1.308082e+00 1.451991e+00
      vertex -3.018859e-01 1.420261e+00 1.375399e+00
    endloop
  endfacet
  facet normal 1.831382e-01 -6.834809e-01 -7.066218e-01
    outer loop
      vertex -3.018859e-01 1.420261e+00 1.375399e+00
      vertex -4.250216e-01 1.308082e+00 1.451991e+00
      vertex -4.486899e-01 1.380925e+00 1.375399e+00
    endloop
  endfacet
  facet normal 2.535781e-01 -6.605936e-01 -7.066218e-01
    outer loop
      vertex -4.250216e-01 1.308082e+00 1.451991e+00
      vertex -5.594251e-01 1.256489e+00 1.451991e+00
      vertex -4.486899e-01 1.380925e+00 1.375399e+00
    endloop
  endfacet
  facet normal 2.535781e-01 -6.605936e-01 -7.066218e-01
    outer loop
      vertex -4.486899e-01 1.380925e+00 1.375399e+00
      vertex -5.594251e-01 1.256489e+00 1.451991e+00
      vertex -5.905779e-01 1.326460e+00 1.375399e+00
    endloop
  endfacet
  facet normal 3.212398e-01 -6.304686e-01 -7.066218e-01
    outer loop
      vertex -5.594251e-01 1.256489e+00 1.451991e+00
      vertex -6.876995e-01 1.191130e+00 1.451991e+00
      vertex -5.905779e-01 1.326460e+00 1.375399e+00
    endloop
  endfacet
  facet normal 3.212398e-01 -6.304686e-01 -7.066218e-01
    outer loop
      vertex -5.905779e-01 1.326460e+00 1.375399e+00
      vertex -6.876995e-01 1.191130e+00 1.451991e+00
      vertex -7.259955e-01 1.257461e+00 1.375399e+00
    endloop
  endfacet
  facet normal 3.853819e-01 -5.934361e-01 -7.066218e-01
    outer loop
      vertex -6.876995e-01 1.191130e+00 1.451991e+00
      vertex -8.084392e-01 1.112721e+00 1.451991e+00
      vertex -7.259955e-01 1.257461e+00 1.375399e+00
    endloop
  endfacet
  facet normal 3.853819e-01 -5.934361e-01 -7.066218e-01
    outer loop
      vertex -7.259955e-01 1.257461e+00 1.375399e+00
      vertex -8.084392e-01 1.112721e+00 1.451991e+00
      vertex -8.534589e-01 1.174685e+00 1.375399e+00
    endloop
  endfacet
  facet normal 4.453017e-01 -5.499019e-01 -7.066218e-01
    outer loop
      vertex -8.084392e-01 1.112721e+00 1.451991e+00
      vertex -9.203215e-01 1.022121e+00 1.451991e+00
      vertex -8.534589e-01 1.174685e+00 1.375399e+00
    endloop
  endfacet
  facet normal 4.453017e-01 -5.499019e-01 -7.066218e-01
    outer loop
      vertex -8.534589e-01 1.174685e+00 1.375399e+00
      vertex -9.203215e-01 1.022121e+00 1.451991e+00
      vertex -9.715716e-01 1.079040e+00 1.375399e+00
    endloop
  endfacet
  facet normal 5.003427e-01 -5.003427e-01 -7.066218e-01
    outer loop
      vertex -9.203215e-01 1.022121e+00 1.451991e+00
      vertex -1.022121e+00 9.203215e-01 1.451991e+00
      vertex -9.715716e-01 1.079040e+00 1.375399e+00
    endloop
  endfacet
  facet normal 5.003427e-01 -5.003427e-01 -7.066218e-01
    outer loop
      vertex -9.715716e-01 1.079040e+00 1.375399e+00
      vertex -1.022121e+00 9.203215e-01 1.451991e+00
      vertex -1.079040e+00 9.715716e-01 1.375399e+00
    endloop
  endfacet
  facet normal 5.499019e-01 -4.453017e-01 -7.066218e-01
    outer loop
      vertex -1.022121e+00 9.203215e-01 1.451991e+00
      vertex -1.112721e+00 8.084392e-01 1.451991e+00
      vertex -1.079040e+00 9.715716e-01 1.375399e+00
    endloop
  endfacet
  facet normal 5.499019e-01 -4.453017e-01 -7.066218e-01
    outer loop
      vertex -1.079040e+00 9.715716e-01 1.375399e+00
      vertex -1.112721e+00 8.084392e-01 1.451991e+00
      vertex -1.174685e+00 8.534589e-01 1.375399e+00
    endloop
  endfacet
  facet normal 5.934361e-01 -3.853819e-01 -7.066218e-01
    outer loop
      vertex -1.112721e+00 8.084392e-01 1.451991e+00
      vertex -1.191130e+00 6.876995e-01 1.451991e+00
      vertex -1.174685e+00 8.534589e-01 1.375399e+00
    endloop
  endfacet
  facet normal 5.934361e-01 -3.853819e-01 -7.066218e-01
    outer loop
      vertex -1.174685e+00 8.534589e-01 1.375399e+00
      vertex -1.191130e+00 6.876995e-01 1.451991e+00
      vertex -1.257461e+00 7.259955e-01 1.375399e+00
    endloop
  endfacet
  facet normal 6.304686e-01 -3.212398e-01 -7.066218e-01
    outer loop
      vertex -1.191130e+00 6.876995e-01 1.451991e+00
      vertex -1.256489e+00 5.594251e-01 1.451991e+00
      vertex -1.257461e+00 7.259955e-01 1.375399e+00
    endloop
  endfacet
  facet normal 6.304686e-01 -3.212398e-01 -7.066218e-01
    outer loop
      vertex -1.257461e+00 7.259955e-01 1.375399e+00
      vertex -1.256489e+00 5.594251e-01 1.451991e+00
      vertex -1.326460e+00 5.905779e-01 1.375399e+00
    endloop
  endfacet
  facet normal 6.605936e-01 -2.535781e-01 -7.066218e-01
    outer loop
      vertex -1.256489e+00 5.594251e-01 1.451991e+00
      vertex -1.308082e+00 4.250216e-01 1.451991e+00
      vertex -1.326460e+00 5.905779e-01 1.375399e+00
    endloop
  endfacet
  facet normal 6.605936e-01 -2.535781e-01 -7.066218e-01
    outer loop
      vertex -1.326460e+00 5.905779e-01 1.375399e+00
      vertex -1.308082e+00 4.250216e-01 1.451991e+00
      vertex -1.380925e+00 4.486899e-01 1.375399e+00
    endloop
  endfacet
  facet normal 6.834809e-01 -1.831382e-01 -7.066218e-01
    outer loop
      vertex -1.308082e+00 4.250216e-01 1.451991e+00
      vertex -1.345343e+00 2.859615e-01 1.451991e+00
      vertex -1.380925e+00 4.486899e-01 1.375399e+00
    endloop
  endfacet
  facet normal 6.834809e-01 -1.831382e-01 -7.066218e-01
    outer loop
      vertex -1.380925e+00 4.486899e-01 1.375399e+00
      vertex -1.345343e+00 2.859615e-01 1.451991e+00
      vertex -1.420261e+00 3.018859e-01 1.375399e+00
    endloop
  endfacet
  facet normal 6.988799e-01 -1.106917e-01 -7.066218e-01
    outer loop
      vertex -1.345343e+00 2.859615e-01 1.451991e+00
      vertex -1.367864e+00 1.437683e-01 1.451991e+00
      vertex -1.420261e+00 3.018859e-01 1.375399e+00
    endloop
  endfacet
  facet normal 6.988799e-01 -1.106917e-01 -7.066218e-01
    outer loop
      vertex -1.420261e+00 3.018859e-01 1.375399e+00
      vertex -1.367864e+00 1.437683e-01 1.451991e+00
      vertex -1.444037e+00 1.517744e-01 1.375399e+00
    endloop
  endfacet
  facet normal 7.066218e-01 -3.703248e-02 -7.066218e-01
    outer loop
      vertex -1.367864e+00 1.437683e-01 1.451991e+00
      vertex -1.375399e+00 1.684378e-16 1.451991e+00
      vertex -1.444037e+00 1.517744e-01 1.375399e+00
    endloop
  endfacet
  facet normal 7.066218e-01 -3.703248e-02 -7.066218e-01
    outer loop
      vertex -1.444037e+00 1.517744e-01 1.375399e+00
      vertex -1.375399e+00 1.684378e-16 1.451991e+00
      vertex -1.451991e+00 1.778176e-16 1.375399e+00
    endloop
  endfacet
  facet normal 7.066218e-01 3.703248e-02 -7.066218e-01
    outer loop
      vertex -1.375399e+00 1.684378e-16 1.451991e+00
      vertex -1.367864e+00 -1.437683e-01 1.451991e+00
      vertex -1.451991e+00 1.778176e-16 1.375399e+00
    endloop
  endfacet
  facet normal 7.066218e-01 3.703248e-02 -7.066218e-01
    outer loop
      vertex -1.451991e+00 1.778176e-16 1.375399e+00
      vertex -1.367864e+00 -1.437683e-01 1.451991e+00
      vertex -1.444037e+00 -1.517744e-01 1.375399e+00
    endloop
  endfacet
  facet normal 6.988799e-01 1.106917e-01 -7.066218e-01
    outer loop
      vertex -1.367864e+00 -1.437683e-01 1.451991e+00
      vertex -1.345343e+00 -2.859615e-01 1.451991e+00
      vertex -1.444037e+00 -1.517744e-01 1.375399e+00
    endloop
  endfacet
  facet normal 6.988799e-01 1.106917e-01 -7.066218e-01
    outer loop
      vertex -1.444037e+00 -1.517744e-01 1.375399e+00
      vertex -1.345343e+00 -2.859615e-01 1.451991e+00
      vertex -1.420261e+00 -3.018859e-01 1.375399e+00
    endloop
  endfacet
  facet normal 6.834809e-01 1.831382e-01 -7.066218e-01
    outer loop
      vertex -1.345343e+00 -2.859615e-01 1.451991e+00
      vertex -1.308082e+00 -4.250216e-01 1.451991e+00
      vertex -1.420261e+00 -3.018859e-01 1.375399e+00
    endloop
  endfacet
  facet normal 6.834809e-01 1.831382e-01 -7.066218e-01
    outer loop
      vertex -1.420261e+00 -3.018859e-01 1.375399e+00
      vertex -1.308082e+00 -4.250216e-01 1.451991e+00
      vertex -1.380925e+00 -4.486899e-01 1.375399e+00
    endloop
  endfacet
  facet normal 6.605936e-01 2.535781e-01 -7.066218e-01
    outer loop
      vertex -1.308082e+00 -4.250216e-01 1.451991e+00
      vertex -1.256489e+00 -5.594251e-01 1.451991e+00
      vertex -1.380925e+00 -4.486899e-01 1.375399e+00
    endloop
  endfacet
  facet normal 6.605936e-01 2.535781e-01 -7.066218e-01
    outer loop
      vertex -1.380925e+00 -4.486899e-01 1.375399e+00
      vertex -1.256489e+00 -5.594251e-01 1.451991e+00
      vertex -1.326460e+00 -5.905779e-01 1.375399e+00
    endloop
  endfacet
  facet normal 6.304686e-01 3.212398e-01 -7.066218e-01
    outer loop
      vertex -1.256489e+00 -5.594251e-01 1.451991e+00
      vertex -1.191130e+00 -6.876995e-01 1.451991e+00
      vertex -1.326460e+00 -5.905779e-01 1.375399e+00
    endloop
  endfacet
  facet normal 6.304686e-01 3.212398e-01 -7.066218e-01
    outer loop
      vertex -1.326460e+00 -5.905779e-01 1.375399e+00
      vertex -1.191130e+00 -6.876995e-01 1.451991e+00
      vertex -1.257461e+00 -7.259955e-01 1.375399e+00
    endloop
  endfacet
  facet normal 5.934361e-01 3.853819e-01 -7.066218e-01
    outer loop
      vertex -1.191130e+00 -6.876995e-01 1.451991e+00
      vertex -1.112721e+00 -8.084392e-01 1.451991e+00
      vertex -1.257461e+00 -7.259955e-01 1.375399e+00
    endloop
  endfacet
  facet normal 5.934361e-01 3.853819e-01 -7.066218e-01
    outer loop
      vertex -1.257461e+00 -7.259955e-01 1.375399e+00
      vertex -1.112721e+00 -8.084392e-01 1.451991e+00
      vertex -1.174685e+00 -8.534589e-01 1.375399e+00
    endloop
  endfacet
  facet normal 5.499019e-01 4.453017e-01 -7.066218e-01
    outer loop
      vertex -1.112721e+00 -8.084392e-01 1.451991e+00
      vertex -1.022121e+00 -9.203215e-01 1.451991e+00
      vertex -1.174685e+00 -8.534589e-01 1.375399e+00
    endloop
  endfacet
  facet normal 5.499019e-01 4.453017e-01 -7.066218e-01
    outer loop
      vertex -1.174685e+00 -8.534589e-01 1.375399e+00
      vertex -1.022121e+00 -9.203215e-01 1.451991e+00
      vertex -1.079040e+00 -9.715716e-01 1.375399e+00
    endloop
  endfacet
  facet normal 5.003427e-01 5.003427e-01 -7.066218e-01
    outer loop
      vertex -1.022121e+00 -9.203215e-01 1.451991e+00
      vertex -9.203215e-01 -1.022121e+00 1.451991e+00
      vertex -1.079040e+00 -9.715716e-01 1.375399e+00
    endloop
  endfacet
  facet normal 5.003427e-01 5.003427e-01 -7.066218e-01
    outer loop
      vertex -1.079040e+00 -9.715716e-01 1.375399e+00
      vertex -9.203215e-01 -1.022121e+00 1.451991e+00
      vertex -9.715716e-01 -1.079040e+00 1.375399e+00
    endloop
  endfacet
  facet normal 4.453017e-01 5.499019e-01 -7.066218e-01
    outer loop
      vertex -9.203215e-01 -1.022121e+00 1.451991e+00
      vertex -8.084392e-01 -1.112721e+00 1.451991e+00
      vertex -9.715716e-01 -1.079040e+00 1.375399e+00
    endloop
  endfacet
  facet normal 4.453017e-01 5.499019e-01 -7.066218e-01
    outer loop
      vertex -9.715716e-01 -1.079040e+00 1.375399e+00
      vertex -8.084392e-01 -1.112721e+00 1.451991e+00
      vertex -8.534589e-01 -1.174685e+00 1.375399e+00
    endloop
  endfacet
  facet normal 3.853819e-01 5.934361e-01 -7.066218e-01
    outer loop
      vertex -8.084392e-01 -1.112721e+00 1.451991e+00
      vertex -6.876995e-01 -1.191130e+00 1.451991e+00
      vertex -8.534589e-01 -1.174685e+00 1.375399e+00
    endloop
  endfacet
  facet normal 3.853819e-01 5.934361e-01 -7.066218e-01
    outer loop
      vertex -8.534589e-01 -1.174685e+00 1.375399e+00
      vertex -6.876995e-01 -1.191130e+00 1.451991e+00
      vertex -7.259955e-01 -1.257461e+00 1.375399e+00
    endloop
  endfacet
  facet normal 3.212398e-01 6.304686e-01 -7.066218e-01
    outer loop
      vertex -6.876995e-01 -1.191130e+00 1.451991e+00
      vertex -5.594251e-01 -1.256489e+00 1.451991e+00
      vertex -7.259955e-01 -1.257461e+00 1.375399e+00
    endloop
  endfacet
  facet normal 3.212398e-01 6.304686e-01 -7.066218e-01
    outer loop
      vertex -7.259955e-01 -1.257461e+00 1.375399e+00
      vertex -5.594251e-01 -1.256489e+00 1.451991e+00
      vertex -5.905779e-01 -1.326460e+00 1.375399e+00
    endloop
  endfacet
  facet normal 2.535781e-01 6.605936e-01 -7.066218e-01
    outer loop
      vertex -5.594251e-01 -1.256489e+00 1.451991e+00
      vertex -4.250216e-01 -1.308082e+00 1.451991e+00
      vertex -5.905779e-01 -1.326460e+00 1.375399e+00
    endloop
  endfacet
  facet normal 2.535781e-01 6.605936e-01 -7.066218e-01
    outer loop
      vertex -5.905779e-01 -1.326460e+00 1.375399e+00
      vertex -4.250216e-01 -1.308082e+00 1.451991e+00
      vertex -4.486899e-01 -1.380925e+00 1.375399e+00
    endloop
  endfacet
  facet normal 1.831382e-01 6.834809e-01 -7.066218e-01
    outer loop
      vertex -4.250216e-01 -1.308082e+00 1.451991e+00
      vertex -2.859615e-01 -1.345343e+00 1.451991e+00
      vertex -4.486899e-01 -1.380925e+00 1.375399e+00
    endloop
  endfacet
  facet normal 1.831382e-01 6.834809e-01 -7.066218e-01
    outer loop
      vertex -4.486899e-01 -1.380925e+00 1.375399e+00
      vertex -2.859615e-01 -1.345343e+00 1.451991e+00
      vertex -3.018859e-01 -1.420261e+00 1.375399e+00
    endloop
  endfacet
  facet normal 1.106917e-01 6.988799e-01 -7.066218e-01
    outer loop
      vertex -2.859615e-01 -1.345343e+00 1.451991e+00
      vertex -1.437683e-01 -1.367864e+00 1.451991e+00
      vertex -3.018859e-01 -1.420261e+00 1.375399e+00
    endloop
  endfacet
  facet normal 1.106917e-01 6.988799e-01 -7.066218e-01
    outer loop
      vertex -3.018859e-01 -1.420261e+00 1.375399e+00
      vertex -1.437683e-01 -1.367864e+00 1.451991e+00
      vertex -1.517744e-01 -1.444037e+00 1.375399e+00
    endloop
  endfacet
  facet normal 3.703248e-02 7.066218e-01 -7.066218e-01
    outer loop
      vertex -1.437683e-01 -1.367864e+00 1.451991e+00
      vertex -2.526567e-16 -1.375399e+00 1.451991e+00
      vertex -1.517744e-01 -1.444037e+00 1.375399e+00
    endloop
  endfacet
  facet normal 3.703248e-02 7.066218e-01 -7.066218e-01
    outer loop
      vertex -1.517744e-01 -1.444037e+00 1.375399e+00
      vertex -2.526567e-16 -1.375399e+00 1.451991e+00
      vertex -2.667264e-16 -1.451991e+00 1.375399e+00
    endloop
  endfacet
  facet normal -3.703248e-02 7.066218e-01 -7.066218e-01
    outer loop
      vertex -2.526567e-16 -1.375399e+00 1.451991e+00
      vertex 1.437683e-01 -1.367864e+00 1.451991e+00
      vertex -2.667264e-16 -1.451991e+00 1.375399e+00
    endloop
  endfacet
  facet normal -3.703248e-02 7.066218e-01 -7.066218e-01
    outer loop
      vertex -2.667264e-16 -1.451991e+00 1.375399e+00
      vertex 1.437683e-01 -1.367864e+00 1.451991e+00
      vertex 1.517744e-01 -1.444037e+00 1.375399e+00
    endloop
  endfacet
  facet normal -1.106917e-01 6.988799e-01 -7.066218e-01
    outer loop
      vertex 1.437683e-01 -1.367864e+00 1.451991e+00
      vertex 2.859615e-01 -1.345343e+00 1.451991e+00
      vertex 1.517744e-01 -1.444037e+00 1.375399e+00
    endloop
  endfacet
  facet normal -1.106917e-01 6.988799e-01 -7.066218e-01
    outer loop
      vertex 1.517744e-01 -1.444037e+00 1.375399e+00
      vertex 2.859615e-01 -1.345343e+00 1.451991e+00
      vertex 3.018859e-01 -1.420261e+00 1.375399e+00
    endloop
  endfacet
  facet normal -1.831382e-01 6.834809e-01 -7.066218e-01
    outer loop
      vertex 2.859615e-01 -1.345343e+00 1.451991e+00
      vertex 4.250216e-01 -1.308082e+00 1.451991e+00
      vertex 3.018859e-01 -1.420261e+00 1.375399e+00
    endloop
  endfacet
  facet normal -1.831382e-01 6.834809e-01 -7.066218e-01
    outer loop
      vertex 3.018859e-01 -1.420261e+00 1.375399e+00
      vertex 4.250216e-01 -1.308082e+00 1.451991e+00
      vertex 4.486899e-01 -1.380925e+00 1.375399e+00
    endloop
  endfacet
  facet normal -2.535781e-01 6.605936e-01 -7.066218e-01
    outer loop
      vertex 4.250216e-01 -1.308082e+00 1.451991e+00
      vertex 5.594251e-01 -1.256489e+00 1.451991e+00
      vertex 4.486899e-01 -1.380925e+00 1.375399e+00
    endloop
  endfacet
  facet normal -2.535781e-01 6.605936e-01 -7.066218e-01
    outer loop
      vertex 4.486899e-01 -1.380925e+00 1.375399e+00
      vertex 5.594251e-01 -1.256489e+00 1.451991e+00
      vertex 5.905779e-01 -1.326460e+00 1.375399e+00
    endloop
  endfacet
  facet normal -3.212398e-01 6.304686e-01 -7.066218e-01
    outer loop
      vertex 5.594251e-01 -1.256489e+00 1.451991e+00
      vertex 6.876995e-01 -1.191130e+00 1.451991e+00
      vertex 5.905779e-01 -1.326460e+00 1.375399e+00
    endloop
  endfacet
  facet normal -3.212398e-01 6.304686e-01 -7.066218e-01
    outer loop
      vertex 5.905779e-01 -1.326460e+00 1.375399e+00
      vertex 6.876995e-01 -1.191130e+00 1.451991e+00
      vertex 7.259955e-01 -1.257461e+00 1.375399e+00
    endloop
  endfacet
  facet normal -3.853819e-01 5.934361e-01 -7.066218e-01
    outer loop
      vertex 6.876995e-01 -1.191130e+00 1.451991e+00
      vertex 8.084392e-01 -1.112721e+00 1.451991e+00
      vertex 7.259955e-01 -1.257461e+00 1.375399e+00
    endloop
  endfacet
  facet normal -3.853819e-01 5.934361e-01 -7.066218e-01
    outer loop
      vertex 7.259955e-01 -1.257461e+00 1.375399e+00
      vertex 8.084392e-01 -1.112721e+00 1.451991e+00
      vertex 8.534589e-01 -1.174685e+00 1.375399e+00
    endloop
  endfacet
  facet normal -4.453017e-01 5.499019e-01 -7.066218e-01
    outer loop
      vertex 8.084392e-01 -1.112721e+00 1.451991e+00
      vertex 9.203215e-01 -1.022121e+00 1.451991e+00
      vertex 8.534589e-01 -1.174685e+00 1.375399e+00
    endloop
  endfacet
  facet normal -4.453017e-01 5.499019e-01 -7.066218e-01
    outer loop
      vertex 8.534589e-01 -1.174685e+00 1.375399e+00
      vertex 9.203215e-01 -1.022121e+00 1.451991e+00
      vertex 9.715716e-01 -1.079040e+00 1.375399e+00
    endloop
  endfacet
  facet normal -5.003427e-01 5.003427e-01 -7.066218e-01
    outer loop
      vertex 9.203215e-01 -1.022121e+00 1.451991e+00
      vertex 1.022121e+00 -9.203215e-01 1.451991e+00
      vertex 9.715716e-01 -1.079040e+00 1.375399e+00
    endloop
  endfacet
  facet normal -5.003427e-01 5.003427e-01 -7.066218e-01
    outer loop
      vertex 9.715716e-01 -1.079040e+00 1.375399e+00
      vertex 1.022121e+00 -9.203215e-01 1.451991e+00
      vertex 1.079040e+00 -9.715716e-01 1.375399e+00
    endloop
  endfacet
  facet normal -5.499019e-01 4.453017e-01 -7.066218e-01
    outer loop
      vertex 1.022121e+00 -9.203215e-01 1.451991e+00
      vertex 1.112721e+00 -8.084392e-01 1.451991e+00
      vertex 1.079040e+00 -9.715716e-01 1.375399e+00
    endloop
  endfacet
  facet normal -5.499019e-01 4.453017e-01 -7.066218e-01
    outer loop
      vertex 1.079040e+00 -9.715716e-01 1.375399e+00
      vertex 1.112721e+00 -8.084392e-01 1.451991e+00
      vertex 1.174685e+00 -8.534589e-01 1.375399e+00
    endloop
  endfacet
  facet normal -5.934361e-01 3.853819e-01 -7.066218e-01
    outer loop
      vertex 1.112721e+00 -8.084392e-01 1.451991e+00
      vertex 1.191130e+00 -6.876995e-01 1.451991e+00
      vertex 1.174685e+00 -8.534589e-01 1.375399e+00
    endloop
  endfacet
  facet normal -5.934361e-01 3.853819e-01 -7.066218e-01
    outer loop
      vertex 1.174685e+00 -8.534589e-01 1.375399e+00
      vertex 1.191130e+00 -6.876995e-01 1.451991e+00
      vertex 1.257461e+00 -7.259955e-01 1.375399e+00
    endloop
  endfacet
  facet normal -6.304686e-01 3.212398e-01 -7.066218e-01
    outer loop
      vertex 1.191130e+00 -6.876995e-01 1.451991e+00
      vertex 1.256489e+00 -5.594251e-01 1.451991e+00
      vertex 1.257461e+00 -7.259955e-01 1.375399e+00
    endloop
  endfacet
  facet normal -6.304686e-01 3.212398e-01 -7.066218e-01
    outer loop
      vertex 1.257461e+00 -7.259955e-01 1.375399e+00
      vertex 1.256489e+00 -5.594251e-01 1.451991e+00
      vertex 1.326460e+00 -5.905779e-01 1.375399e+00
    endloop
  endfacet
  facet normal -6.605936e-01 2.535781e-01 -7.066218e-01
    outer loop
      vertex 1.256489e+00 -5.594251e-01 1.451991e+00
      vertex 1.308082e+00 -4.250216e-01 1.451991e+00
      vertex 1.326460e+00 -5.905779e-01 1.375399e+00
    endloop
  endfacet
  facet normal -6.605936e-01 2.535781e-01 -7.066218e-01
    outer loop
      vertex 1.326460e+00 -5.905779e-01 1.375399e+00
      vertex 1.308082e+00 -4.250216e-01 1.451991e+00
      vertex 1.380925e+00 -4.486899e-01 1.375399e+00
    endloop
  endfacet
  facet normal -6.834809e-01 1.831382e-01 -7.066218e-01
    outer loop
      vertex 1.308082e+00 -4.250216e-01 1.451991e+00
      vertex 1.345343e+00 -2.859615e-01 1.451991e+00
      vertex 1.380925e+00 -4.486899e-01 1.375399e+00
    endloop
  endfacet
  facet normal -6.834809e-01 1.831382e-01 -7.066218e-01
    outer loop
      vertex 1.380925e+00 -4.486899e-01 1.375399e+00
      vertex 1.345343e+00 -2.859615e-01 1.451991e+00
      vertex 1.420261e+00 -3.018859e-01 1.375399e+00
    endloop
  endfacet
  facet normal -6.988799e-01 1.106917e-01 -7.066218e-01
    outer loop
      vertex 1.345343e+00 -2.859615e-01 1.451991e+00
      vertex 1.367864e+00 -1.437683e-01 1.451991e+00
      vertex 1.420261e+00 -3.018859e-01 1.375399e+00
    endloop
  endfacet
  facet normal -6.988799e-01 1.106917e-01 -7.066218e-01
    outer loop
      vertex 1.420261e+00 -3.018859e-01 1.375399e+00
      vertex 1.367864e+00 -1.437683e-01 1.451991e+00
      vertex 1.444037e+00 -1.517744e-01 1.375399e+00
    endloop
  endfacet
  facet normal -7.066218e-01 3.703248e-02 -7.066218e-01
    outer loop
      vertex 1.367864e+00 -1.437683e-01 1.451991e+00
      vertex 1.375399e+00 0.000000e+00 1.451991e+00
      vertex 1.444037e+00 -1.517744e-01 1.375399e+00
    endloop
  endfacet
  facet normal -7.066218e-01 3.703248e-02 -7.066218e-01
    outer loop
      vertex 1.444037e+00 -1.517744e-01 1.375399e+00
      vertex 1.375399e+00 0.000000e+00 1.451991e+00
      vertex 1.451991e+00 0.000000e+00 1.375399e+00
    endloop
  endfacet
  facet normal -7.437860e-01 -3.898017e-02 -6.672802e-01
    outer loop
      vertex 1.451991e+00 0.000000e+00 1.375399e+00
      vertex 1.444037e+00 1.517744e-01 1.375399e+00
      vertex 1.524324e+00 0.000000e+00 1.294773e+00
    endloop
  endfacet
  facet normal -7.437860e-01 -3.898017e-02 -6.672802e-01
    outer loop
      vertex 1.524324e+00 0.000000e+00 1.294773e+00
      vertex 1.444037e+00 1.517744e-01 1.375399e+00
      vertex 1.515974e+00 1.593353e-01 1.294773e+00
    endloop
  endfacet
  facet normal -7.356369e-01 -1.165134e-01 -6.672802e-01
    outer loop
      vertex 1.444037e+00 1.517744e-01 1.375399e+00
      vertex 1.420261e+00 3.018859e-01 1.375399e+00
      vertex 1.515974e+00 1.593353e-01 1.294773e+00
    endloop
  endfacet
  facet normal -7.356369e-01 -1.165134e-01 -6.672802e-01
    outer loop
      vertex 1.515974e+00 1.593353e-01 1.294773e+00
      vertex 1.420261e+00 3.018859e-01 1.375399e+00
      vertex 1.491014e+00 3.169248e-01 1.294773e+00
    endloop
  endfacet
  facet normal -7.194281e-01 -1.927702e-01 -6.672802e-01
    outer loop
      vertex 1.420261e+00 3.018859e-01 1.375399e+00
      vertex 1.380925e+00 4.486899e-01 1.375399e+00
      vertex 1.491014e+00 3.169248e-01 1.294773e+00
    endloop
  endfacet
  facet normal -7.194281e-01 -1.927702e-01 -6.672802e-01
    outer loop
      vertex 1.491014e+00 3.169248e-01 1.294773e+00
      vertex 1.380925e+00 4.486899e-01 1.375399e+00
      vertex 1.449718e+00 4.710421e-01 1.294773e+00
    endloop
  endfacet
  facet normal -6.953370e-01 -2.669149e-01 -6.672802e-01
    outer loop
      vertex 1.380925e+00 4.486899e-01 1.375399e+00
      vertex 1.326460e+00 5.905779e-01 1.375399e+00
      vertex 1.449718e+00 4.710421e-01 1.294773e+00
    endloop
  endfacet
  facet normal -6.953370e-01 -2.669149e-01 -6.672802e-01
    outer loop
      vertex 1.449718e+00 4.710421e-01 1.294773e+00
      vertex 1.326460e+00 5.905779e-01 1.375399e+00
      vertex 1.392539e+00 6.199985e-01 1.294773e+00
    endloop
  endfacet
  facet normal -6.636277e-01 -3.381352e-01 -6.672802e-01
    outer loop
      vertex 1.326460e+00 5.905779e-01 1.375399e+00
      vertex 1.257461e+00 7.259955e-01 1.375399e+00
      vertex 1.392539e+00 6.199985e-01 1.294773e+00
    endloop
  endfacet
  facet normal -6.636277e-01 -3.381352e-01 -6.672802e-01
    outer loop
      vertex 1.392539e+00 6.199985e-01 1.294773e+00
      vertex 1.257461e+00 7.259955e-01 1.375399e+00
      vertex 1.320103e+00 7.621621e-01 1.294773e+00
    endloop
  endfacet
  facet normal -6.246475e-01 -4.056508e-01 -6.672802e-01
    outer loop
      vertex 1.257461e+00 7.259955e-01 1.375399e+00
      vertex 1.174685e+00 8.534589e-01 1.375399e+00
      vertex 1.320103e+00 7.621621e-01 1.294773e+00
    endloop
  endfacet
  facet normal -6.246475e-01 -4.056508e-01 -6.672802e-01
    outer loop
      vertex 1.320103e+00 7.621621e-01 1.294773e+00
      vertex 1.174685e+00 8.534589e-01 1.375399e+00
      vertex 1.233204e+00 8.959752e-01 1.294773e+00
    endloop
  endfacet
  facet normal -5.788236e-01 -4.687221e-01 -6.672802e-01
    outer loop
      vertex 1.174685e+00 8.534589e-01 1.375399e+00
      vertex 1.079040e+00 9.715716e-01 1.375399e+00
      vertex 1.233204e+00 8.959752e-01 1.294773e+00
    endloop
  endfacet
  facet normal -5.788236e-01 -4.687221e-01 -6.672802e-01
    outer loop
      vertex 1.233204e+00 8.959752e-01 1.294773e+00
      vertex 1.079040e+00 9.715716e-01 1.375399e+00
      vertex 1.132794e+00 1.019972e+00 1.294773e+00
    endloop
  endfacet
  facet normal -5.266579e-01 -5.266579e-01 -6.672802e-01
    outer loop
      vertex 1.079040e+00 9.715716e-01 1.375399e+00
      vertex 9.715716e-01 1.079040e+00 1.375399e+00
      vertex 1.132794e+00 1.019972e+00 1.294773e+00
    endloop
  endfacet
  facet normal -5.266579e-01 -5.266579e-01 -6.672802e-01
    outer loop
      vertex 1.132794e+00 1.019972e+00 1.294773e+00
      vertex 9.715716e-01 1.079040e+00 1.375399e+00
      vertex 1.019972e+00 1.132794e+00 1.294773e+00
    endloop
  endfacet
  facet normal -4.687221e-01 -5.788236e-01 -6.672802e-01
    outer loop
      vertex 9.715716e-01 1.079040e+00 1.375399e+00
      vertex 8.534589e-01 1.174685e+00 1.375399e+00
      vertex 1.019972e+00 1.132794e+00 1.294773e+00
    endloop
  endfacet
  facet normal -4.687221e-01 -5.788236e-01 -6.672802e-01
    outer loop
      vertex 1.019972e+00 1.132794e+00 1.294773e+00
      vertex 8.534589e-01 1.174685e+00 1.375399e+00
      vertex 8.959752e-01 1.233204e+00 1.294773e+00
    endloop
  endfacet
  facet normal -4.056508e-01 -6.246475e-01 -6.672802e-01
    outer loop
      vertex 8.534589e-01 1.174685e+00 1.375399e+00
      vertex 7.259955e-01 1.257461e+00 1.375399e+00
      vertex 8.959752e-01 1.233204e+00 1.294773e+00
    endloop
  endfacet
  facet normal -4.056508e-01 -6.246475e-01 -6.672802e-01
    outer loop
      vertex 8.959752e-01 1.233204e+00 1.294773e+00
      vertex 7.259955e-01 1.257461e+00 1.375399e+00
      vertex 7.621621e-01 1.320103e+00 1.294773e+00
    endloop
  endfacet
  facet normal -3.381352e-01 -6.636277e-01 -6.672802e-01
    outer loop
      vertex 7.259955e-01 1.257461e+00 1.375399e+00
      vertex 5.905779e-01 1.326460e+00 1.375399e+00
      vertex 7.621621e-01 1.320103e+00 1.294773e+00
    endloop
  endfacet
  facet normal -3.381352e-01 -6.636277e-01 -6.672802e-01
    outer loop
      vertex 7.621621e-01 1.320103e+00 1.294773e+00
      vertex 5.905779e-01 1.326460e+00 1.375399e+00
      vertex 6.199985e-01 1.392539e+00 1.294773e+00
    endloop
  endfacet
  facet normal -2.669149e-01 -6.953370e-01 -6.672802e-01
    outer loop
      vertex 5.905779e-01 1.326460e+00 1.375399e+00
      vertex 4.486899e-01 1.380925e+00 1.375399e+00
      vertex 6.199985e-01 1.392539e+00 1.294773e+00
    endloop
  endfacet
  facet normal -2.669149e-01 -6.953370e-01 -6.672802e-01
    outer loop
      vertex 6.199985e-01 1.392539e+00 1.294773e+00
      vertex 4.486899e-01 1.380925e+00 1.375399e+00
      vertex 4.710421e-01 1.449718e+00 1.294773e+00
    endloop
  endfacet
  facet normal -1.927702e-01 -7.194281e-01 -6.672802e-01
    outer loop
      vertex 4.486899e-01 1.380925e+00 1.375399e+00
      vertex 3.018859e-01 1.420261e+00 1.375399e+00
      vertex 4.710421e-01 1.449718e+00 1.294773e+00
    endloop
  endfacet
  facet normal -1.927702e-01 -7.194281e-01 -6.672802e-01
    outer loop
      vertex 4.710421e-01 1.449718e+00 1.294773e+00
      vertex 3.018859e-01 1.420261e+00 1.375399e+00
      vertex 3.169248e-01 1.491014e+00 1.294773e+00
    endloop
  endfacet
  facet normal -1.165134e-01 -7.356369e-01 -6.672802e-01
    outer loop
      vertex 3.018859e-01 1.420261e+00 1.375399e+00
      vertex 1.517744e-01 1.444037e+00 1.375399e+00
      vertex 3.169248e-01 1.491014e+00 1.294773e+00
    endloop
  endfacet
  facet normal -1.165134e-01 -7.356369e-01 -6.672802e-01
    outer loop
      vertex 3.169248e-01 1.491014e+00 1.294773e+00
      vertex 1.517744e-01 1.444037e+00 1.375399e+00
      vertex 1.593353e-01 1.515974e+00 1.294773e+00
    endloop
  endfacet
  facet normal -3.898017e-02 -7.437860e-01 -6.672802e-01
    outer loop
      vertex 1.517744e-01 1.444037e+00 1.375399e+00
      vertex 8.890881e-17 1.451991e+00 1.375399e+00
      vertex 1.593353e-01 1.515974e+00 1.294773e+00
    endloop
  endfacet
  facet normal -3.898017e-02 -7.437860e-01 -6.672802e-01
    outer loop
      vertex 1.593353e-01 1.515974e+00 1.294773e+00
      vertex 8.890881e-17 1.451991e+00 1.375399e+00
      vertex 9.333793e-17 1.524324e+00 1.294773e+00
    endloop
  endfacet
  facet normal 3.898017e-02 -7.437860e-01 -6.672802e-01
    outer loop
      vertex 8.890881e-17 1.451991e+00 1.375399e+00
      vertex -1.517744e-01 1.444037e+00 1.375399e+00
      vertex 9.333793e-17 1.524324e+00 1.294773e+00
    endloop
  endfacet
  facet normal 3.898017e-02 -7.437860e-01 -6.672802e-01
    outer loop
      vertex 9.333793e-17 1.524324e+00 1.294773e+00
      vertex -1.517744e-01 1.444037e+00 1.375399e+00
      vertex -1.593353e-01 1.515974e+00 1.294773e+00
    endloop
  endfacet
  facet normal 1.165134e-01 -7.356369e-01 -6.672802e-01
    outer loop
      vertex -1.517744e-01 1.444037e+00 1.375399e+00
      vertex -3.018859e-01 1.420261e+00 1.375399e+00
      vertex -1.593353e-01 1.515974e+00 1.294773e+00
    endloop
  endfacet
  facet normal 1.165134e-01 -7.356369e-01 -6.672802e-01
    outer loop
      vertex -1.593353e-01 1.515974e+00 1.294773e+00
      vertex -3.018859e-01 1.420261e+00 1.375399e+00
      vertex -3.169248e-01 1.491014e+00 1.294773e+00
    endloop
  endfacet
  facet normal 1.927702e-01 -7.194281e-01 -6.672802e-01
    outer loop
      vertex -3.018859e-01 1.420261e+00 1.375399e+00
      vertex -4.486899e-01 1.380925e+00 1.375399e+00
      vertex -3.169248e-01 1.491014e+00 1.294773e+00
    endloop
  endfacet
  facet normal 1.927702e-01 -7.194281e-01 -6.672802e-01
    outer loop
      vertex -3.169248e-01 1.491014e+00 1.294773e+00
      vertex -4.486899e-01 1.380925e+00 1.375399e+00
      vertex -4.710421e-01 1.449718e+00 1.294773e+00
    endloop
  endfacet
  facet normal 2.669149e-01 -6.953370e-01 -6.672802e-01
    outer loop
      vertex -4.486899e-01 1.380925e+00 1.375399e+00
      vertex -5.905779e-01 1.326460e+00 1.375399e+00
      vertex -4.710421e-01 1.449718e+00 1.294773e+00
    endloop
  endfacet
  facet normal 2.669149e-01 -6.953370e-01 -6.672802e-01
    outer loop
      vertex -4.710421e-01 1.449718e+00 1.294773e+00
      vertex -5.905779e-01 1.326460e+00 1.375399e+00
      vertex -6.199985e-01 1.392539e+00 1.294773e+00
    endloop
  endfacet
  facet normal 3.381352e-01 -6.636277e-01 -6.672802e-01
    outer loop
      vertex -5.905779e-01 1.326460e+00 1.375399e+00
      vertex -7.259955e-01 1.257461e+00 1.375399e+00
      vertex -6.199985e-01 1.392539e+00 1.294773e+00
    endloop
  endfacet
  facet normal 3.381352e-01 -6.636277e-01 -6.672802e-01
    outer loop
      vertex -6.199985e-01 1.392539e+00 1.294773e+00
      vertex -7.259955e-01 1.257461e+00 1.375399e+00
      vertex -7.621621e-01 1.320103e+00 1.294773e+00
    endloop
  endfacet
  facet normal 4.056508e-01 -6.246475e-01 -6.672802e-01
    outer loop
      vertex -7.259955e-01 1.257461e+00 1.375399e+00
      vertex -8.534589e-01 1.174685e+00 1.375399e+00
      vertex -7.621621e-01 1.320103e+00 1.294773e+00
    endloop
  endfacet
  facet normal 4.056508e-01 -6.246475e-01 -6.672802e-01
    outer loop
      vertex -7.621621e-01 1.320103e+00 1.294773e+00
      vertex -8.534589e-01 1.174685e+00 1.375399e+00
      vertex -8.959752e-01 1.233204e+00 1.294773e+00
    endloop
  endfacet
  facet normal 4.687221e-01 -5.788236e-01 -6.672802e-01
    outer loop
      vertex -8.534589e-01 1.174685e+00 1.375399e+00
      vertex -9.715716e-01 1.079040e+00 1.375399e+00
      vertex -8.959752e-01 1.233204e+00 1.294773e+00
    endloop
  endfacet
  facet normal 4.687221e-01 -5.788236e-01 -6.672802e-01
    outer loop
      vertex -8.959752e-01 1.233204e+00 1.294773e+00
      vertex -9.715716e-01 1.079040e+00 1.375399e+00
      vertex -1.019972e+00 1.132794e+00 1.294773e+00
    endloop
  endfacet
  facet normal 5.266579e-01 -5.266579e-01 -6.672802e-01
    outer loop
      vertex -9.715716e-01 1.079040e+00 1.375399e+00
      vertex -1.079040e+00 9.715716e-01 1.375399e+00
      vertex -1.019972e+00 1.132794e+00 1.294773e+00
    endloop
  endfacet
  facet normal 5.266579e-01 -5.266579e-01 -6.672802e-01
    outer loop
      vertex -1.019972e+00 1.132794e+00 1.294773e+00
      vertex -1.079040e+00 9.715716e-01 1.375399e+00
      vertex -1.132794e+00 1.019972e+00 1.294773e+00
    endloop
  endfacet
  facet normal 5.788236e-01 -4.687221e-01 -6.672802e-01
    outer loop
      vertex -1.079040e+00 9.715716e-01 1.375399e+00
      vertex -1.174685e+00 8.534589e-01 1.375399e+00
      vertex -1.132794e+00 1.019972e+00 1.294773e+00
    endloop
  endfacet
  facet normal 5.788236e-01 -4.687221e-01 -6.672802e-01
    outer loop
      vertex -1.132794e+00 1.019972e+00 1.294773e+00
      vertex -1.174685e+00 8.534589e-01 1.375399e+00
      vertex -1.233204e+00 8.959752e-01 1.294773e+00
    endloop
  endfacet
  facet normal 6.246475e-01 -4.056508e-01 -6.672802e-01
    outer loop
      vertex -1.174685e+00 8.534589e-01 1.375399e+00
      vertex -1.257461e+00 7.259955e-01 1.375399e+00
      vertex -1.233204e+00 8.959752e-01 1.294773e+00
    endloop
  endfacet
  facet normal 6.246475e-01 -4.056508e-01 -6.672802e-01
    outer loop
      vertex -1.233204e+00 8.959752e-01 1.294773e+00
      vertex -1.257461e+00 7.259955e-01 1.375399e+00
      vertex -1.320103e+00 7.621621e-01 1.294773e+00
    endloop
  endfacet
  facet normal 6.636277e-01 -3.381352e-01 -6.672802e-01
    outer loop
      vertex -1.257461e+00 7.259955e-01 1.375399e+00
      vertex -1.326460e+00 5.905779e-01 1.375399e+00
      vertex -1.320103e+00 7.621621e-01 1.294773e+00
    endloop
  endfacet
  facet normal 6.636277e-01 -3.381352e-01 -6.672802e-01
    outer loop
      vertex -1.320103e+00 7.621621e-01 1.294773e+00
      vertex -1.326460e+00 5.905779e-01 1.375399e+00
      vertex -1.392539e+00 6.199985e-01 1.294773e+00
    endloop
  endfacet
  facet normal 6.953370e-01 -2.669149e-01 -6.672802e-01
    outer loop
      vertex -1.326460e+00 5.905779e-01 1.375399e+00
      vertex -1.380925e+00 4.486899e-01 1.375399e+00
      vertex -1.392539e+00 6.199985e-01 1.294773e+00
    endloop
  endfacet
  facet normal 6.953370e-01 -2.669149e-01 -6.672802e-01
    outer loop
      vertex -1.392539e+00 6.199985e-01 1.294773e+00
      vertex -1.380925e+00 4.486899e-01 1.375399e+00
      vertex -1.449718e+00 4.710421e-01 1.294773e+00
    endloop
  endfacet
  facet normal 7.194281e-01 -1.927702e-01 -6.672802e-01
    outer loop
      vertex -1.380925e+00 4.486899e-01 1.375399e+00
      vertex -1.420261e+00 3.018859e-01 1.375399e+00
      vertex -1.449718e+00 4.710421e-01 1.294773e+00
    endloop
  endfacet
  facet normal 7.194281e-01 -1.927702e-01 -6.672802e-01
    outer loop
      vertex -1.449718e+00 4.710421e-01 1.294773e+00
      vertex -1.420261e+00 3.018859e-01 1.375399e+00
      vertex -1.491014e+00 3.169248e-01 1.294773e+00
    endloop
  endfacet
  facet normal 7.356369e-01 -1.165134e-01 -6.672802e-01
    outer loop
      vertex -1.420261e+00 3.018859e-01 1.375399e+00
      vertex -1.444037e+00 1.517744e-01 1.375399e+00
      vertex -1.491014e+00 3.169248e-01 1.294773e+00
    endloop
  endfacet
  facet normal 7.356369e-01 -1.165134e-01 -6.672802e-01
    outer loop
      vertex -1.491014e+00 3.169248e-01 1.294773e+00
      vertex -1.444037e+00 1.517744e-01 1.375399e+00
      vertex -1.515974e+00 1.593353e-01 1.294773e+00
    endloop
  endfacet
  facet normal 7.437860e-01 -3.898017e-02 -6.672802e-01
    outer loop
      vertex -1.444037e+00 1.517744e-01 1.375399e+00
      vertex -1.451991e+00 1.778176e-16 1.375399e+00
      vertex -1.515974e+00 1.593353e-01 1.294773e+00
    endloop
  endfacet
  facet normal 7.437860e-01 -3.898017e-02 -6.672802e-01
    outer loop
      vertex -1.515974e+00 1.593353e-01 1.294773e+00
      vertex -1.451991e+00 1.778176e-16 1.375399e+00
      vertex -1.524324e+00 1.866759e-16 1.294773e+00
    endloop
  endfacet
  facet normal 7.437860e-01 3.898017e-02 -6.672802e-01
    outer loop
      vertex -1.451991e+00 1.778176e-16 1.375399e+00
      vertex -1.444037e+00 -1.517744e-01 1.375399e+00
      vertex -1.524324e+00 1.866759e-16 1.294773e+00
    endloop
  endfacet
  facet normal 7.437860e-01 3.898017e-02 -6.672802e-01
    outer loop
      vertex -1.524324e+00 1.866759e-16 1.294773e+00
      vertex -1.444037e+00 -1.517744e-01 1.375399e+00
      vertex -1.515974e+00 -1.593353e-01 1.294773e+00
    endloop
  endfacet
  facet normal 7.356369e-01 1.165134e-01 -6.672802e-01
    outer loop
      vertex -1.444037e+00 -1.517744e-01 1.375399e+00
      vertex -1.420261e+00 -3.018859e-01 1.375399e+00
      vertex -1.515974e+00 -1.593353e-01 1.294773e+00
    endloop
  endfacet
  facet normal 7.356369e-01 1.165134e-01 -6.672802e-01
    outer loop
      vertex -1.515974e+00 -1.593353e-01 1.294773e+00
      vertex -1.420261e+00 -3.018859e-01 1.375399e+00
      vertex -1.491014e+00 -3.169248e-01 1.294773e+00
    endloop
  endfacet
  facet normal 7.194281e-01 1.927702e-01 -6.672802e-01
    outer loop
      vertex -1.420261e+00 -3.018859e-01 1.375399e+00
      vertex -1.380925e+00 -4.486899e-01 1.375399e+00
      vertex -1.491014e+00 -3.169248e-01 1.294773e+00
    endloop
  endfacet
  facet normal 7.194281e-01 1.927702e-01 -6.672802e-01
    outer loop
      vertex -1.491014e+00 -3.169248e-01 1.294773e+00
      vertex -1.380925e+00 -4.486899e-01 1.375399e+00
      vertex -1.449718e+00 -4.710421e-01 1.294773e+00
    endloop
  endfacet
  facet normal 6.953370e-01 2.669149e-01 -6.672802e-01
    outer loop
      vertex -1.380925e+00 -4.486899e-01 1.375399e+00
      vertex -1.326460e+00 -5.905779e-01 1.375399e+00
      vertex -1.449718e+00 -4.710421e-01 1.294773e+00
    endloop
  endfacet
  facet normal 6.953370e-01 2.669149e-01 -6.672802e-01
    outer loop
      vertex -1.449718e+00 -4.710421e-01 1.294773e+00
      vertex -1.326460e+00 -5.905779e-01 1.375399e+00
      vertex -1.392539e+00 -6.199985e-01 1.294773e+00
    endloop
  endfacet
  facet normal 6.636277e-01 3.381352e-01 -6.672802e-01
    outer loop
      vertex -1.326460e+00 -5.905779e-01 1.375399e+00
      vertex -1.257461e+00 -7.259955e-01 1.375399e+00
      vertex -1.392539e+00 -6.199985e-01 1.294773e+00
    endloop
  endfacet
  facet normal 6.636277e-01 3.381352e-01 -6.672802e-01
    outer loop
      vertex -1.392539e+00 -6.199985e-01 1.294773e+00
      vertex -1.257461e+00 -7.259955e-01 1.375399e+00
      vertex -1.320103e+00 -7.621621e-01 1.294773e+00
    endloop
  endfacet
  facet normal 6.246475e-01 4.056508e-01 -6.672802e-01
    outer loop
      vertex -1.257461e+00 -7.259955e-01 1.375399e+00
      vertex -1.174685e+00 -8.534589e-01 1.375399e+00
      vertex -1.320103e+00 -7.621621e-01 1.294773e+00
    endloop
  endfacet
  facet normal 6.246475e-01 4.056508e-01 -6.672802e-01
    outer loop
      vertex -1.320103e+00 -7.621621e-01 1.294773e+00
      vertex -1.174685e+00 -8.534589e-01 1.375399e+00
      vertex -1.233204e+00 -8.959752e-01 1.294773e+00
    endloop
  endfacet
  facet normal 5.788236e-01 4.687221e-01 -6.672802e-01
    outer loop
      vertex -1.174685e+00 -8.534589e-01 1.375399e+00
      vertex -1.079040e+00 -9.715716e-01 1.375399e+00
      vertex -1.233204e+00 -8.959752e-01 1.294773e+00
    endloop
  endfacet
  facet normal 5.788236e-01 4.687221e-01 -6.672802e-01
    outer loop
      vertex -1.233204e+00 -8.959752e-01 1.294773e+00
      vertex -1.079040e+00 -9.715716e-01 1.375399e+00
      vertex -1.132794e+00 -1.019972e+00 1.294773e+00
    endloop
  endfacet
  facet normal 5.266579e-01 5.266579e-01 -6.672802e-01
    outer loop
      vertex -1.079040e+00 -9.715716e-01 1.375399e+00
      vertex -9.715716e-01 -1.079040e+00 1.375399e+00
      vertex -1.132794e+00 -1.019972e+00 1.294773e+00
    endloop
  endfacet
  facet normal 5.266579e-01 5.266579e-01 -6.672802e-01
    outer loop
      vertex -1.132794e+00 -1.019972e+00 1.294773e+00
      vertex -9.715716e-01 -1.079040e+00 1.375399e+00
      vertex -1.019972e+00 -1.132794e+00 1.294773e+00
    endloop
  endfacet
  facet normal 4.687221e-01 5.788236e-01 -6.672802e-01
    outer loop
      vertex -9.715716e-01 -1.079040e+00 1.375399e+00
      vertex -8.534589e-01 -1.174685e+00 1.375399e+00
      vertex -1.019972e+00 -1.132794e+00 1.294773e+00
    endloop
  endfacet
  facet normal 4.687221e-01 5.788236e-01 -6.672802e-01
    outer loop
      vertex -1.019972e+00 -1.132794e+00 1.294773e+00
      vertex -8.534589e-01 -1.174685e+00 1.375399e+00
      vertex -8.959752e-01 -1.233204e+00 1.294773e+00
    endloop
  endfacet
  facet normal 4.056508e-01 6.246475e-01 -6.672802e-01
    outer loop
      vertex -8.534589e-01 -1.174685e+00 1.375399e+00
      vertex -7.259955e-01 -1.257461e+00 1.375399e+00
      vertex -8.959752e-01 -1.233204e+00 1.294773e+00
    endloop
  endfacet
  facet normal 4.056508e-01 6.246475e-01 -6.672802e-01
    outer loop
      vertex -8.959752e-01 -1.233204e+00 1.294773e+00
      vertex -7.259955e-01 -1.257461e+00 1.375399e+00
      vertex -7.621621e-01 -1.320103e+00 1.294773e+00
    endloop
  endfacet
  facet normal 3.381352e-01 6.636277e-01 -6.672802e-01
    outer loop
      vertex -7.259955e-01 -1.257461e+00 1.375399e+00
      vertex -5.905779e-01 -1.326460e+00 1.375399e+00
      vertex -7.621621e-01 -1.320103e+00 1.294773e+00
    endloop
  endfacet
  facet normal 3.381352e-01 6.636277e-01 -6.672802e-01
    outer loop
      vertex -7.621621e-01 -1.320103e+00 1.294773e+00
      vertex -5.905779e-01 -1.326460e+00 1.375399e+00
      vertex -6.199985e-01 -1.392539e+00 1.294773e+00
    endloop
  endfacet
  facet normal 2.669149e-01 6.953370e-01 -6.672802e-01
    outer loop
      vertex -5.905779e-01 -1.326460e+00 1.375399e+00
      vertex -4.486899e-01 -1.380925e+00 1.375399e+00
      vertex -6.199985e-01 -1.392539e+00 1.294773e+00
    endloop
  endfacet
  facet normal 2.669149e-01 6.953370e-01 -6.672802e-01
    outer loop
      vertex -6.199985e-01 -1.392539e+00 1.294773e+00
      vertex -4.486899e-01 -1.380925e+00 1.375399e+00
      vertex -4.710421e-01 -1.449718e+00 1.294773e+00
    endloop
  endfacet
  facet normal 1.927702e-01 7.194281e-01 -6.672802e-01
    outer loop
      vertex -4.486899e-01 -1.380925e+00 1.375399e+00
      vertex -3.018859e-01 -1.420261e+00 1.375399e+00
      vertex -4.710421e-01 -1.449718e+00 1.294773e+00
    endloop
  endfacet
  facet normal 1.927702e-01 7.194281e-01 -6.672802e-01
    outer loop
      vertex -4.710421e-01 -1.449718e+00 1.294773e+00
      vertex -3.018859e-01 -1.420261e+00 1.375399e+00
      vertex -3.169248e-01 -1.491014e+00 1.294773e+00
    endloop
  endfacet
  facet normal 1.165134e-01 7.356369e-01 -6.672802e-01
    outer loop
      vertex -3.018859e-01 -1.420261e+00 1.375399e+00
      vertex -1.517744e-01 -1.444037e+00 1.375399e+00
      vertex -3.169248e-01 -1.491014e+00 1.294773e+00
    endloop
  endfacet
  facet normal 1.165134e-01 7.356369e-01 -6.672802e-01
    outer loop
      vertex -3.169248e-01 -1.491014e+00 1.294773e+00
      vertex -1.517744e-01 -1.444037e+00 1.375399e+00
      vertex -1.593353e-01 -1.515974e+00 1.294773e+00
    endloop
  endfacet
  facet normal 3.898017e-02 7.437860e-01 -6.672802e-01
    outer loop
      vertex -1.517744e-01 -1.444037e+00 1.375399e+00
      vertex -2.667264e-16 -1.451991e+00 1.375399e+00
      vertex -1.593353e-01 -1.515974e+00 1.294773e+00
    endloop
  endfacet
  facet normal 3.898017e-02 7.437860e-01 -6.672802e-01
    outer loop
      vertex -1.593353e-01 -1.515974e+00 1.294773e+00
      vertex -2.667264e-16 -1.451991e+00 1.375399e+00
      vertex -2.800138e-16 -1.524324e+00 1.294773e+00
    endloop
  endfacet
  facet normal -3.898017e-02 7.437860e-01 -6.672802e-01
    outer loop
      vertex -2.667264e-16 -1.451991e+00 1.375399e+00
      vertex 1.517744e-01 -1.444037e+00 1.375399e+00
      vertex -2.800138e-16 -1.524324e+00 1.294773e+00
    endloop
  endfacet
  facet normal -3.898017e-02 7.437860e-01 -6.672802e-01
    outer loop
      vertex -2.800138e-16 -1.524324e+00 1.294773e+00
      vertex 1.517744e-01 -1.444037e+00 1.375399e+00
      vertex 1.593353e-01 -1.515974e+00 1.294773e+00
    endloop
  endfacet
  facet normal -1.165134e-01 7.356369e-01 -6.672802e-01
    outer loop
      vertex 1.517744e-01 -1.444037e+00 1.375399e+00
      vertex 3.018859e-01 -1.420261e+00 1.375399e+00
      vertex 1.593353e-01 -1.515974e+00 1.294773e+00
    endloop
  endfacet
  facet normal -1.165134e-01 7.356369e-01 -6.672802e-01
    outer loop
      vertex 1.593353e-01 -1.515974e+00 1.294773e+00
      vertex 3.018859e-01 -1.420261e+00 1.375399e+00
      vertex 3.169248e-01 -1.491014e+00 1.294773e+00
    endloop
  endfacet
  facet normal -1.927702e-01 7.194281e-01 -6.672802e-01
    outer loop
      vertex 3.018859e-01 -1.420261e+00 1.375399e+00
      vertex 4.486899e-01 -1.380925e+00 1.375399e+00
      vertex 3.169248e-01 -1.491014e+00 1.294773e+00
    endloop
  endfacet
  facet normal -1.927702e-01 7.194281e-01 -6.672802e-01
    outer loop
      vertex 3.169248e-01 -1.491014e+00 1.294773e+00
      vertex 4.486899e-01 -1.380925e+00 1.375399e+00
      vertex 4.710421e-01 -1.449718e+00 1.294773e+00
    endloop
  endfacet
  facet normal -2.669149e-01 6.953370e-01 -6.672802e-01
    outer loop
      vertex 4.486899e-01 -1.380925e+00 1.375399e+00
      vertex 5.905779e-01 -1.326460e+00 1.375399e+00
      vertex 4.710421e-01 -1.449718e+00 1.294773e+00
    endloop
  endfacet
  facet normal -2.669149e-01 6.953370e-01 -6.672802e-01
    outer loop
      vertex 4.710421e-01 -1.449718e+00 1.294773e+00
      vertex 5.905779e-01 -1.326460e+00 1.375399e+00
      vertex 6.199985e-01 -1.392539e+00 1.294773e+00
    endloop
  endfacet
  facet normal -3.381352e-01 6.636277e-01 -6.672802e-01
    outer loop
      vertex 5.905779e-01 -1.326460e+00 1.375399e+00
      vertex 7.259955e-01 -1.257461e+00 1.375399e+00
      vertex 6.199985e-01 -1.392539e+00 1.294773e+00
    endloop
  endfacet
  facet normal -3.381352e-01 6.636277e-01 -6.672802e-01
    outer loop
      vertex 6.199985e-01 -1.392539e+00 1.294773e+00
      vertex 7.259955e-01 -1.257461e+00 1.375399e+00
      vertex 7.621621e-01 -1.320103e+00 1.294773e+00
    endloop
  endfacet
  facet normal -4.056508e-01 6.246475e-01 -6.672802e-01
    outer loop
      vertex 7.259955e-01 -1.257461e+00 1.375399e+00
      vertex 8.534589e-01 -1.174685e+00 1.375399e+00
      vertex 7.621621e-01 -1.320103e+00 1.294773e+00
    endloop
  endfacet
  facet normal -4.056508e-01 6.246475e-01 -6.672802e-01
    outer loop
      vertex 7.621621e-01 -1.320103e+00 1.294773e+00
      vertex 8.534589e-01 -1.174685e+00 1.375399e+00
      vertex 8.959752e-01 -1.233204e+00 1.294773e+00
    endloop
  endfacet
  facet normal -4.687221e-01 5.788236e-01 -6.672802e-01
    outer loop
      vertex 8.534589e-01 -1.174685e+00 1.375399e+00
      vertex 9.715716e-01 -1.079040e+00 1.375399e+00
      vertex 8.959752e-01 -1.233204e+00 1.294773e+00
    endloop
  endfacet
  facet normal -4.687221e-01 5.788236e-01 -6.672802e-01
    outer loop
      vertex 8.959752e-01 -1.233204e+00 1.294773e+00
      vertex 9.715716e-01 -1.079040e+00 1.375399e+00
      vertex 1.019972e+00 -1.132794e+00 1.294773e+00
    endloop
  endfacet
  facet normal -5.266579e-01 5.266579e-01 -6.672802e-01
    outer loop
      vertex 9.715716e-01 -1.079040e+00 1.375399e+00
      vertex 1.079040e+00 -9.715716e-01 1.375399e+00
      vertex 1.019972e+00 -1.132794e+00 1.294773e+00
    endloop
  endfacet
  facet normal -5.266579e-01 5.266579e-01 -6.672802e-01
    outer loop
      vertex 1.019972e+00 -1.132794e+00 1.294773e+00
      vertex 1.079040e+00 -9.715716e-01 1.375399e+00
      vertex 1.132794e+00 -1.019972e+00 1.294773e+00
    endloop
  endfacet
  facet normal -5.788236e-01 4.687221e-01 -6.672802e-01
    outer loop
      vertex 1.079040e+00 -9.715716e-01 1.375399e+00
      vertex 1.174685e+00 -8.534589e-01 1.375399e+00
      vertex 1.132794e+00 -1.019972e+00 1.294773e+00
    endloop
  endfacet
  facet normal -5.788236e-01 4.687221e-01 -6.672802e-01
    outer loop
      vertex 1.132794e+00 -1.019972e+00 1.294773e+00
      vertex 1.174685e+00 -8.534589e-01 1.375399e+00
      vertex 1.233204e+00 -8.959752e-01 1.294773e+00
    endloop
  endfacet
  facet normal -6.246475e-01 4.056508e-01 -6.672802e-01
    outer loop
      vertex 1.174685e+00 -8.534589e-01 1.375399e+00
      vertex 1.257461e+00 -7.259955e-01 1.375399e+00
      vertex 1.233204e+00 -8.959752e-01 1.294773e+00
    endloop
  endfacet
  facet normal -6.246475e-01 4.056508e-01 -6.672802e-01
    outer loop
      vertex 1.233204e+00 -8.959752e-01 1.294773e+00
      vertex 1.257461e+00 -7.259955e-01 1.375399e+00
      vertex 1.320103e+00 -7.621621e-01 1.294773e+00
    endloop
  endfacet
  facet normal -6.636277e-01 3.381352e-01 -6.672802e-01
    outer loop
      vertex 1.257461e+00 -7.259955e-01 1.375399e+00
      vertex 1.326460e+00 -5.905779e-01 1.375399e+00
      vertex 1.320103e+00 -7.621621e-01 1.294773e+00
    endloop
  endfacet
  facet normal -6.636277e-01 3.381352e-01 -6.672802e-01
    outer loop
      vertex 1.320103e+00 -7.621621e-01 1.294773e+00
      vertex 1.326460e+00 -5.905779e-01 1.375399e+00
      vertex 1.392539e+00 -6.199985e-01 1.294773e+00
    endloop
  endfacet
  facet normal -6.953370e-01 2.669149e-01 -6.672802e-01
    outer loop
      vertex 1.326460e+00 -5.905779e-01 1.375399e+00
      vertex 1.380925e+00 -4.486899e-01 1.375399e+00
      vertex 1.392539e+00 -6.199985e-01 1.294773e+00
    endloop
  endfacet
  facet normal -6.953370e-01 2.669149e-01 -6.672802e-01
    outer loop
      vertex 1.392539e+00 -6.199985e-01 1.294773e+00
      vertex 1.380925e+00 -4.486899e-01 1.375399e+00
      vertex 1.449718e+00 -4.710421e-01 1.294773e+00
    endloop
  endfacet
  facet normal -7.194281e-01 1.927702e-01 -6.672802e-01
    outer loop
      vertex 1.380925e+00 -4.486899e-01 1.375399e+00
      vertex 1.420261e+00 -3.018859e-01 1.375399e+00
      vertex 1.449718e+00 -4.710421e-01 1.294773e+00
    endloop
  endfacet
  facet normal -7.194281e-01 1.927702e-01 -6.672802e-01
    outer loop
      vertex 1.449718e+00 -4.710421e-01 1.294773e+00
      vertex 1.420261e+00 -3.018859e-01 1.375399e+00
      vertex 1.491014e+00 -3.169248e-01 1.294773e+00
    endloop
  endfacet
  facet normal -7.356369e-01 1.165134e-01 -6.672802e-01
    outer loop
      vertex 1.420261e+00 -3.018859e-01 1.375399e+00
      vertex 1.444037e+00 -1.517744e-01 1.375399e+00
      vertex 1.491014e+00 -3.169248e-01 1.294773e+00
    endloop
  endfacet
  facet normal -7.356369e-01 1.165134e-01 -6.672802e-01
    outer loop
      vertex 1.491014e+00 -3.169248e-01 1.294773e+00
      vertex 1.444037e+00 -1.517744e-01 1.375399e+00
      vertex 1.515974e+00 -1.593353e-01 1.294773e+00
    endloop
  endfacet
  facet normal -7.437860e-01 3.898017e-02 -6.672802e-01
    outer loop
      vertex 1.444037e+00 -1.517744e-01 1.375399e+00
      vertex 1.451991e+00 0.000000e+00 1.375399e+00
      vertex 1.515974e+00 -1.593353e-01 1.294773e+00
    endloop
  endfacet
  facet normal -7.437860e-01 3.898017e-02 -6.672802e-01
    outer loop
      vertex 1.515974e+00 -1.593353e-01 1.294773e+00
      vertex 1.451991e+00 0.000000e+00 1.375399e+00
      vertex 1.524324e+00 0.000000e+00 1.294773e+00
    endloop
  endfacet
  facet normal -7.787640e-01 -4.081329e-02 -6.259880e-01
    outer loop
      vertex 1.524324e+00 0.000000e+00 1.294773e+00
      vertex 1.515974e+00 1.593353e-01 1.294773e+00
      vertex 1.592186e+00 0.000000e+00 1.210348e+00
    endloop
  endfacet
  facet normal -7.787640e-01 -4.081329e-02 -6.259880e-01
    outer loop
      vertex 1.592186e+00 0.000000e+00 1.210348e+00
      vertex 1.515974e+00 1.593353e-01 1.294773e+00
      vertex 1.583464e+00 1.664288e-01 1.210348e+00
    endloop
  endfacet
  facet normal -7.702317e-01 -1.219927e-01 -6.259880e-01
    outer loop
      vertex 1.515974e+00 1.593353e-01 1.294773e+00
      vertex 1.491014e+00 3.169248e-01 1.294773e+00
      vertex 1.583464e+00 1.664288e-01 1.210348e+00
    endloop
  endfacet
  facet normal -7.702317e-01 -1.219927e-01 -6.259880e-01
    outer loop
      vertex 1.583464e+00 1.664288e-01 1.210348e+00
      vertex 1.491014e+00 3.169248e-01 1.294773e+00
      vertex 1.557393e+00 3.310341e-01 1.210348e+00
    endloop
  endfacet
  facet normal -7.532605e-01 -2.018356e-01 -6.259880e-01
    outer loop
      vertex 1.491014e+00 3.169248e-01 1.294773e+00
      vertex 1.449718e+00 4.710421e-01 1.294773e+00
      vertex 1.557393e+00 3.310341e-01 1.210348e+00
    endloop
  endfacet
  facet normal -7.532605e-01 -2.018356e-01 -6.259880e-01
    outer loop
      vertex 1.557393e+00 3.310341e-01 1.210348e+00
      vertex 1.449718e+00 4.710421e-01 1.294773e+00
      vertex 1.514259e+00 4.920126e-01 1.210348e+00
    endloop
  endfacet
  facet normal -7.280365e-01 -2.794670e-01 -6.259880e-01
    outer loop
      vertex 1.449718e+00 4.710421e-01 1.294773e+00
      vertex 1.392539e+00 6.199985e-01 1.294773e+00
      vertex 1.514259e+00 4.920126e-01 1.210348e+00
    endloop
  endfacet
  facet normal -7.280365e-01 -2.794670e-01 -6.259880e-01
    outer loop
      vertex 1.514259e+00 4.920126e-01 1.210348e+00
      vertex 1.392539e+00 6.199985e-01 1.294773e+00
      vertex 1.454534e+00 6.476004e-01 1.210348e+00
    endloop
  endfacet
  facet normal -6.948360e-01 -3.540366e-01 -6.259880e-01
    outer loop
      vertex 1.392539e+00 6.199985e-01 1.294773e+00
      vertex 1.320103e+00 7.621621e-01 1.294773e+00
      vertex 1.454534e+00 6.476004e-01 1.210348e+00
    endloop
  endfacet
  facet normal -6.948360e-01 -3.540366e-01 -6.259880e-01
    outer loop
      vertex 1.454534e+00 6.476004e-01 1.210348e+00
      vertex 1.320103e+00 7.621621e-01 1.294773e+00
      vertex 1.378874e+00 7.960931e-01 1.210348e+00
    endloop
  endfacet
  facet normal -6.540227e-01 -4.247273e-01 -6.259880e-01
    outer loop
      vertex 1.320103e+00 7.621621e-01 1.294773e+00
      vertex 1.233204e+00 8.959752e-01 1.294773e+00
      vertex 1.378874e+00 7.960931e-01 1.210348e+00
    endloop
  endfacet
  facet normal -6.540227e-01 -4.247273e-01 -6.259880e-01
    outer loop
      vertex 1.378874e+00 7.960931e-01 1.210348e+00
      vertex 1.233204e+00 8.959752e-01 1.294773e+00
      vertex 1.288106e+00 9.358635e-01 1.210348e+00
    endloop
  endfacet
  facet normal -6.060438e-01 -4.907646e-01 -6.259880e-01
    outer loop
      vertex 1.233204e+00 8.959752e-01 1.294773e+00
      vertex 1.132794e+00 1.019972e+00 1.294773e+00
      vertex 1.288106e+00 9.358635e-01 1.210348e+00
    endloop
  endfacet
  facet normal -6.060438e-01 -4.907646e-01 -6.259880e-01
    outer loop
      vertex 1.288106e+00 9.358635e-01 1.210348e+00
      vertex 1.132794e+00 1.019972e+00 1.294773e+00
      vertex 1.183225e+00 1.065380e+00 1.210348e+00
    endloop
  endfacet
  facet normal -5.514250e-01 -5.514250e-01 -6.259880e-01
    outer loop
      vertex 1.132794e+00 1.019972e+00 1.294773e+00
      vertex 1.019972e+00 1.132794e+00 1.294773e+00
      vertex 1.183225e+00 1.065380e+00 1.210348e+00
    endloop
  endfacet
  facet normal -5.514250e-01 -5.514250e-01 -6.259880e-01
    outer loop
      vertex 1.183225e+00 1.065380e+00 1.210348e+00
      vertex 1.019972e+00 1.132794e+00 1.294773e+00
      vertex 1.065380e+00 1.183225e+00 1.210348e+00
    endloop
  endfacet
  facet normal -4.907646e-01 -6.060438e-01 -6.259880e-01
    outer loop
      vertex 1.019972e+00 1.132794e+00 1.294773e+00
      vertex 8.959752e-01 1.233204e+00 1.294773e+00
      vertex 1.065380e+00 1.183225e+00 1.210348e+00
    endloop
  endfacet
  facet normal -4.907646e-01 -6.060438e-01 -6.259880e-01
    outer loop
      vertex 1.065380e+00 1.183225e+00 1.210348e+00
      vertex 8.959752e-01 1.233204e+00 1.294773e+00
      vertex 9.358635e-01 1.288106e+00 1.210348e+00
    endloop
  endfacet
  facet normal -4.247273e-01 -6.540227e-01 -6.259880e-01
    outer loop
      vertex 8.959752e-01 1.233204e+00 1.294773e+00
      vertex 7.621621e-01 1.320103e+00 1.294773e+00
      vertex 9.358635e-01 1.288106e+00 1.210348e+00
    endloop
  endfacet
  facet normal -4.247273e-01 -6.540227e-01 -6.259880e-01
    outer loop
      vertex 9.358635e-01 1.288106e+00 1.210348e+00
      vertex 7.621621e-01 1.320103e+00 1.294773e+00
      vertex 7.960931e-01 1.378874e+00 1.210348e+00
    endloop
  endfacet
  facet normal -3.540366e-01 -6.948360e-01 -6.259880e-01
    outer loop
      vertex 7.621621e-01 1.320103e+00 1.294773e+00
      vertex 6.199985e-01 1.392539e+00 1.294773e+00
      vertex 7.960931e-01 1.378874e+00 1.210348e+00
    endloop
  endfacet
  facet normal -3.540366e-01 -6.948360e-01 -6.259880e-01
    outer loop
      vertex 7.960931e-01 1.378874e+00 1.210348e+00
      vertex 6.199985e-01 1.392539e+00 1.294773e+00
      vertex 6.476004e-01 1.454534e+00 1.210348e+00
    endloop
  endfacet
  facet normal -2.794670e-01 -7.280365e-01 -6.259880e-01
    outer loop
      vertex 6.199985e-01 1.392539e+00 1.294773e+00
      vertex 4.710421e-01 1.449718e+00 1.294773e+00
      vertex 6.476004e-01 1.454534e+00 1.210348e+00
    endloop
  endfacet
  facet normal -2.794670e-01 -7.280365e-01 -6.259880e-01
    outer loop
      vertex 6.476004e-01 1.454534e+00 1.210348e+00
      vertex 4.710421e-01 1.449718e+00 1.294773e+00
      vertex 4.920126e-01 1.514259e+00 1.210348e+00
    endloop
  endfacet
  facet normal -2.018356e-01 -7.532605e-01 -6.259880e-01
    outer loop
      vertex 4.710421e-01 1.449718e+00 1.294773e+00
      vertex 3.169248e-01 1.491014e+00 1.294773e+00
      vertex 4.920126e-01 1.514259e+00 1.210348e+00
    endloop
  endfacet
  facet normal -2.018356e-01 -7.532605e-01 -6.259880e-01
    outer loop
      vertex 4.920126e-01 1.514259e+00 1.210348e+00
      vertex 3.169248e-01 1.491014e+00 1.294773e+00
      vertex 3.310341e-01 1.557393e+00 1.210348e+00
    endloop
  endfacet
  facet normal -1.219927e-01 -7.702317e-01 -6.259880e-01
    outer loop
      vertex 3.169248e-01 1.491014e+00 1.294773e+00
      vertex 1.593353e-01 1.515974e+00 1.294773e+00
      vertex 3.310341e-01 1.557393e+00 1.210348e+00
    endloop
  endfacet
  facet normal -1.219927e-01 -7.702317e-01 -6.259880e-01
    outer loop
      vertex 3.310341e-01 1.557393e+00 1.210348e+00
      vertex 1.593353e-01 1.515974e+00 1.294773e+00
      vertex 1.664288e-01 1.583464e+00 1.210348e+00
    endloop
  endfacet
  facet normal -4.081329e-02 -7.787640e-01 -6.259880e-01
    outer loop
      vertex 1.593353e-01 1.515974e+00 1.294773e+00
      vertex 9.333793e-17 1.524324e+00 1.294773e+00
      vertex 1.664288e-01 1.583464e+00 1.210348e+00
    endloop
  endfacet
  facet normal -4.081329e-02 -7.787640e-01 -6.259880e-01
    outer loop
      vertex 1.664288e-01 1.583464e+00 1.210348e+00
      vertex 9.333793e-17 1.524324e+00 1.294773e+00
      vertex 9.749328e-17 1.592186e+00 1.210348e+00
    endloop
  endfacet
  facet normal 4.081329e-02 -7.787640e-01 -6.259880e-01
    outer loop
      vertex 9.333793e-17 1.524324e+00 1.294773e+00
      vertex -1.593353e-01 1.515974e+00 1.294773e+00
      vertex 9.749328e-17 1.592186e+00 1.210348e+00
    endloop
  endfacet
  facet normal 4.081329e-02 -7.787640e-01 -6.259880e-01
    outer loop
      vertex 9.749328e-17 1.592186e+00 1.210348e+00
      vertex -1.593353e-01 1.515974e+00 1.294773e+00
      vertex -1.664288e-01 1.583464e+00 1.210348e+00
    endloop
  endfacet
  facet normal 1.219927e-01 -7.702317e-01 -6.259880e-01
    outer loop
      vertex -1.593353e-01 1.515974e+00 1.294773e+00
      vertex -3.169248e-01 1.491014e+00 1.294773e+00
      vertex -1.664288e-01 1.583464e+00 1.210348e+00
    endloop
  endfacet
  facet normal 1.219927e-01 -7.702317e-01 -6.259880e-01
    outer loop
      vertex -1.664288e-01 1.583464e+00 1.210348e+00
      vertex -3.169248e-01 1.491014e+00 1.294773e+00
      vertex -3.310341e-01 1.557393e+00 1.210348e+00
    endloop
  endfacet
  facet normal 2.018356e-01 -7.532605e-01 -6.259880e-01
    outer loop
      vertex -3.169248e-01 1.491014e+00 1.294773e+00
      vertex -4.710421e-01 1.449718e+00 1.294773e+00
      vertex -3.310341e-01 1.557393e+00 1.210348e+00
    endloop
  endfacet
  facet normal 2.018356e-01 -7.532605e-01 -6.259880e-01
    outer loop
      vertex -3.310341e-01 1.557393e+00 1.210348e+00
      vertex -4.710421e-01 1.449718e+00 1.294773e+00
      vertex -4.920126e-01 1.514259e+00 1.210348e+00
    endloop
  endfacet
  facet normal 2.794670e-01 -7.280365e-01 -6.259880e-01
    outer loop
      vertex -4.710421e-01 1.449718e+00 1.294773e+00
      vertex -6.199985e-01 1.392539e+00 1.294773e+00
      vertex -4.920126e-01 1.514259e+00 1.210348e+00
    endloop
  endfacet
  facet normal 2.794670e-01 -7.280365e-01 -6.259880e-01
    outer loop
      vertex -4.920126e-01 1.514259e+00 1.210348e+00
      vertex -6.199985e-01 1.392539e+00 1.294773e+00
      vertex -6.476004e-01 1.454534e+00 1.210348e+00
    endloop
  endfacet
  facet normal 3.540366e-01 -6.948360e-01 -6.259880e-01
    outer loop
      vertex -6.199985e-01 1.392539e+00 1.294773e+00
      vertex -7.621621e-01 1.320103e+00 1.294773e+00
      vertex -6.476004e-01 1.454534e+00 1.210348e+00
    endloop
  endfacet
  facet normal 3.540366e-01 -6.948360e-01 -6.259880e-01
    outer loop
      vertex -6.476004e-01 1.454534e+00 1.210348e+00
      vertex -7.621621e-01 1.320103e+00 1.294773e+00
      vertex -7.960931e-01 1.378874e+00 1.210348e+00
    endloop
  endfacet
  facet normal 4.247273e-01 -6.540227e-01 -6.259880e-01
    outer loop
      vertex -7.621621e-01 1.320103e+00 1.294773e+00
      vertex -8.959752e-01 1.233204e+00 1.294773e+00
      vertex -7.960931e-01 1.378874e+00 1.210348e+00
    endloop
  endfacet
  facet normal 4.247273e-01 -6.540227e-01 -6.259880e-01
    outer loop
      vertex -7.960931e-01 1.378874e+00 1.210348e+00
      vertex -8.959752e-01 1.233204e+00 1.294773e+00
      vertex -9.358635e-01 1.288106e+00 1.210348e+00
    endloop
  endfacet
  facet normal 4.907646e-01 -6.060438e-01 -6.259880e-01
    outer loop
      vertex -8.959752e-01 1.233204e+00 1.294773e+00
      vertex -1.019972e+00 1.132794e+00 1.294773e+00
      vertex -9.358635e-01 1.288106e+00 1.210348e+00
    endloop
  endfacet
  facet normal 4.907646e-01 -6.060438e-01 -6.259880e-01
    outer loop
      vertex -9.358635e-01 1.288106e+00 1.210348e+00
      vertex -1.019972e+00 1.132794e+00 1.294773e+00
      vertex -1.065380e+00 1.183225e+00 1.210348e+00
    endloop
  endfacet
  facet normal 5.514250e-01 -5.514250e-01 -6.259880e-01
    outer loop
      vertex -1.019972e+00 1.132794e+00 1.294773e+00
      vertex -1.132794e+00 1.019972e+00 1.294773e+00
      vertex -1.065380e+00 1.183225e+00 1.210348e+00
    endloop
  endfacet
  facet normal 5.514250e-01 -5.514250e-01 -6.259880e-01
    outer loop
      vertex -1.065380e+00 1.183225e+00 1.210348e+00
      vertex -1.132794e+00 1.019972e+00 1.294773e+00
      vertex -1.183225e+00 1.065380e+00 1.210348e+00
    endloop
  endfacet
  facet normal 6.060438e-01 -4.907646e-01 -6.259880e-01
    outer loop
      vertex -1.132794e+00 1.019972e+00 1.294773e+00
      vertex -1.233204e+00 8.959752e-01 1.294773e+00
      vertex -1.183225e+00 1.065380e+00 1.210348e+00
    endloop
  endfacet
  facet normal 6.060438e-01 -4.907646e-01 -6.259880e-01
    outer loop
      vertex -1.183225e+00 1.065380e+00 1.210348e+00
      vertex -1.233204e+00 8.959752e-01 1.294773e+00
      vertex -1.288106e+00 9.358635e-01 1.210348e+00
    endloop
  endfacet
  facet normal 6.540227e-01 -4.247273e-01 -6.259880e-01
    outer loop
      vertex -1.233204e+00 8.959752e-01 1.294773e+00
      vertex -1.320103e+00 7.621621e-01 1.294773e+00
      vertex -1.288106e+00 9.358635e-01 1.210348e+00
    endloop
  endfacet
  facet normal 6.540227e-01 -4.247273e-01 -6.259880e-01
    outer loop
      vertex -1.288106e+00 9.358635e-01 1.210348e+00
      vertex -1.320103e+00 7.621621e-01 1.294773e+00
      vertex -1.378874e+00 7.960931e-01 1.210348e+00
    endloop
  endfacet
  facet normal 6.948360e-01 -3.540366e-01 -6.259880e-01
    outer loop
      vertex -1.320103e+00 7.621621e-01 1.294773e+00
      vertex -1.392539e+00 6.199985e-01 1.294773e+00
      vertex -1.378874e+00 7.960931e-01 1.210348e+00
    endloop
  endfacet
  facet normal 6.948360e-01 -3.540366e-01 -6.259880e-01
    outer loop
      vertex -1.378874e+00 7.960931e-01 1.210348e+00
      vertex -1.392539e+00 6.199985e-01 1.294773e+00
      vertex -1.454534e+00 6.476004e-01 1.210348e+00
    endloop
  endfacet
  facet normal 7.280365e-01 -2.794670e-01 -6.259880e-01
    outer loop
      vertex -1.392539e+00 6.199985e-01 1.294773e+00
      vertex -1.449718e+00 4.710421e-01 1.294773e+00
      vertex -1.454534e+00 6.476004e-01 1.210348e+00
    endloop
  endfacet
  facet normal 7.280365e-01 -2.794670e-01 -6.259880e-01
    outer loop
      vertex -1.454534e+00 6.476004e-01 1.210348e+00
      vertex -1.449718e+00 4.710421e-01 1.294773e+00
      vertex -1.514259e+00 4.920126e-01 1.210348e+00
    endloop
  endfacet
  facet normal 7.532605e-01 -2.018356e-01 -6.259880e-01
    outer loop
      vertex -1.449718e+00 4.710421e-01 1.294773e+00
      vertex -1.491014e+00 3.169248e-01 1.294773e+00
      vertex -1.514259e+00 4.920126e-01 1.210348e+00
    endloop
  endfacet
  facet normal 7.532605e-01 -2.018356e-01 -6.259880e-01
    outer loop
      vertex -1.514259e+00 4.920126e-01 1.210348e+00
      vertex -1.491014e+00 3.169248e-01 1.294773e+00
      vertex -1.557393e+00 3.310341e-01 1.210348e+00
    endloop
  endfacet
  facet normal 7.702317e-01 -1.219927e-01 -6.259880e-01
    outer loop
      vertex -1.491014e+00 3.169248e-01 1.294773e+00
      vertex -1.515974e+00 1.593353e-01 1.294773e+00
      vertex -1.557393e+00 3.310341e-01 1.210348e+00
    endloop
  endfacet
  facet normal 7.702317e-01 -1.219927e-01 -6.259880e-01
    outer loop
      vertex -1.557393e+00 3.310341e-01 1.210348e+00
      vertex -1.515974e+00 1.593353e-01 1.294773e+00
      vertex -1.583464e+00 1.664288e-01 1.210348e+00
    endloop
  endfacet
  facet normal 7.787640e-01 -4.081329e-02 -6.259880e-01
    outer loop
      vertex -1.515974e+00 1.593353e-01 1.294773e+00
      vertex -1.524324e+00 1.866759e-16 1.294773e+00
      vertex -1.583464e+00 1.664288e-01 1.210348e+00
    endloop
  endfacet
  facet normal 7.787640e-01 -4.081329e-02 -6.259880e-01
    outer loop
      vertex -1.583464e+00 1.664288e-01 1.210348e+00
      vertex -1.524324e+00 1.866759e-16 1.294773e+00
      vertex -1.592186e+00 1.949866e-16 1.210348e+00
    endloop
  endfacet
  facet normal 7.787640e-01 4.081329e-02 -6.259880e-01
    outer loop
      vertex -1.524324e+00 1.866759e-16 1.294773e+00
      vertex -1.515974e+00 -1.593353e-01 1.294773e+00
      vertex -1.592186e+00 1.949866e-16 1.210348e+00
    endloop
  endfacet
  facet normal 7.787640e-01 4.081329e-02 -6.259880e-01
    outer loop
      vertex -1.592186e+00 1.949866e-16 1.210348e+00
      vertex -1.515974e+00 -1.593353e-01 1.294773e+00
      vertex -1.583464e+00 -1.664288e-01 1.210348e+00
    endloop
  endfacet
  facet normal 7.702317e-01 1.219927e-01 -6.259880e-01
    outer loop
      vertex -1.515974e+00 -1.593353e-01 1.294773e+00
      vertex -1.491014e+00 -3.169248e-01 1.294773e+00
      vertex -1.583464e+00 -1.664288e-01 1.210348e+00
    endloop
  endfacet
  facet normal 7.702317e-01 1.219927e-01 -6.259880e-01
    outer loop
      vertex -1.583464e+00 -1.664288e-01 1.210348e+00
      vertex -1.491014e+00 -3.169248e-01 1.294773e+00
      vertex -1.557393e+00 -3.310341e-01 1.210348e+00
    endloop
  endfacet
  facet normal 7.532605e-01 2.018356e-01 -6.259880e-01
    outer loop
      vertex -1.491014e+00 -3.169248e-01 1.294773e+00
      vertex -1.449718e+00 -4.710421e-01 1.294773e+00
      vertex -1.557393e+00 -3.310341e-01 1.210348e+00
    endloop
  endfacet
  facet normal 7.532605e-01 2.018356e-01 -6.259880e-01
    outer loop
      vertex -1.557393e+00 -3.310341e-01 1.210348e+00
      vertex -1.449718e+00 -4.710421e-01 1.294773e+00
      vertex -1.514259e+00 -4.920126e-01 1.210348e+00
    endloop
  endfacet
  facet normal 7.280365e-01 2.794670e-01 -6.259880e-01
    outer loop
      vertex -1.449718e+00 -4.710421e-01 1.294773e+00
      vertex -1.392539e+00 -6.199985e-01 1.294773e+00
      vertex -1.514259e+00 -4.920126e-01 1.210348e+00
    endloop
  endfacet
  facet normal 7.280365e-01 2.794670e-01 -6.259880e-01
    outer loop
      vertex -1.514259e+00 -4.920126e-01 1.210348e+00
      vertex -1.392539e+00 -6.199985e-01 1.294773e+00
      vertex -1.454534e+00 -6.476004e-01 1.210348e+00
    endloop
  endfacet
  facet normal 6.948360e-01 3.540366e-01 -6.259880e-01
    outer loop
      vertex -1.392539e+00 -6.199985e-01 1.294773e+00
      vertex -1.320103e+00 -7.621621e-01 1.294773e+00
      vertex -1.454534e+00 -6.476004e-01 1.210348e+00
    endloop
  endfacet
  facet normal 6.948360e-01 3.540366e-01 -6.259880e-01
    outer loop
      vertex -1.454534e+00 -6.476004e-01 1.210348e+00
      vertex -1.320103e+00 -7.621621e-01 1.294773e+00
      vertex -1.378874e+00 -7.960931e-01 1.210348e+00
    endloop
  endfacet
  facet normal 6.540227e-01 4.247273e-01 -6.259880e-01
    outer loop
      vertex -1.320103e+00 -7.621621e-01 1.294773e+00
      vertex -1.233204e+00 -8.959752e-01 1.294773e+00
      vertex -1.378874e+00 -7.960931e-01 1.210348e+00
    endloop
  endfacet
  facet normal 6.540227e-01 4.247273e-01 -6.259880e-01
    outer loop
      vertex -1.378874e+00 -7.960931e-01 1.210348e+00
      vertex -1.233204e+00 -8.959752e-01 1.294773e+00
      vertex -1.288106e+00 -9.358635e-01 1.210348e+00
    endloop
  endfacet
  facet normal 6.060438e-01 4.907646e-01 -6.259880e-01
    outer loop
      vertex -1.233204e+00 -8.959752e-01 1.294773e+00
      vertex -1.132794e+00 -1.019972e+00 1.294773e+00
      vertex -1.288106e+00 -9.358635e-01 1.210348e+00
    endloop
  endfacet
  facet normal 6.060438e-01 4.907646e-01 -6.259880e-01
    outer loop
      vertex -1.288106e+00 -9.358635e-01 1.210348e+00
      vertex -1.132794e+00 -1.019972e+00 1.294773e+00
      vertex -1.183225e+00 -1.065380e+00 1.210348e+00
    endloop
  endfacet
  facet normal 5.514250e-01 5.514250e-01 -6.259880e-01
    outer loop
      vertex -1.132794e+00 -1.019972e+00 1.294773e+00
      vertex -1.019972e+00 -1.132794e+00 1.294773e+00
      vertex -1.183225e+00 -1.065380e+00 1.210348e+00
    endloop
  endfacet
  facet normal 5.514250e-01 5.514250e-01 -6.259880e-01
    outer loop
      vertex -1.183225e+00 -1.065380e+00 1.210348e+00
      vertex -1.019972e+00 -1.132794e+00 1.294773e+00
      vertex -1.065380e+00 -1.183225e+00 1.210348e+00
    endloop
  endfacet
  facet normal 4.907646e-01 6.060438e-01 -6.259880e-01
    outer loop
      vertex -1.019972e+00 -1.132794e+00 1.294773e+00
      vertex -8.959752e-01 -1.233204e+00 1.294773e+00
      vertex -1.065380e+00 -1.183225e+00 1.210348e+00
    endloop
  endfacet
  facet normal 4.907646e-01 6.060438e-01 -6.259880e-01
    outer loop
      vertex -1.065380e+00 -1.183225e+00 1.210348e+00
      vertex -8.959752e-01 -1.233204e+00 1.294773e+00
      vertex -9.358635e-01 -1.288106e+00 1.210348e+00
    endloop
  endfacet
  facet normal 4.247273e-01 6.540227e-01 -6.259880e-01
    outer loop
      vertex -8.959752e-01 -1.233204e+00 1.294773e+00
      vertex -7.621621e-01 -1.320103e+00 1.294773e+00
      vertex -9.358635e-01 -1.288106e+00 1.210348e+00
    endloop
  endfacet
  facet normal 4.247273e-01 6.540227e-01 -6.259880e-01
    outer loop
      vertex -9.358635e-01 -1.288106e+00 1.210348e+00
      vertex -7.621621e-01 -1.320103e+00 1.294773e+00
      vertex -7.960931e-01 -1.378874e+00 1.210348e+00
    endloop
  endfacet
  facet normal 3.540366e-01 6.948360e-01 -6.259880e-01
    outer loop
      vertex -7.621621e-01 -1.320103e+00 1.294773e+00
      vertex -6.199985e-01 -1.392539e+00 1.294773e+00
      vertex -7.960931e-01 -1.378874e+00 1.210348e+00
    endloop
  endfacet
  facet normal 3.540366e-01 6.948360e-01 -6.259880e-01
    outer loop
      vertex -7.960931e-01 -1.378874e+00 1.210348e+00
      vertex -6.199985e-01 -1.392539e+00 1.294773e+00
      vertex -6.476004e-01 -1.454534e+00 1.210348e+00
    endloop
  endfacet
  facet normal 2.794670e-01 7.280365e-01 -6.259880e-01
    outer loop
      vertex -6.199985e-01 -1.392539e+00 1.294773e+00
      vertex -4.710421e-01 -1.449718e+00 1.294773e+00
      vertex -6.476004e-01 -1.454534e+00 1.210348e+00
    endloop
  endfacet
  facet normal 2.794670e-01 7.280365e-01 -6.259880e-01
    outer loop
      vertex -6.476004e-01 -1.454534e+00 1.210348e+00
      vertex -4.710421e-01 -1.449718e+00 1.294773e+00
      vertex -4.920126e-01 -1.514259e+00 1.210348e+00
    endloop
  endfacet
  facet normal 2.018356e-01 7.532605e-01 -6.259880e-01
    outer loop
      vertex -4.710421e-01 -1.449718e+00 1.294773e+00
      vertex -3.169248e-01 -1.491014e+00 1.294773e+00
      vertex -4.920126e-01 -1.514259e+00 1.210348e+00
    endloop
  endfacet
  facet normal 2.018356e-01 7.532605e-01 -6.259880e-01
    outer loop
      vertex -4.920126e-01 -1.514259e+00 1.210348e+00
      vertex -3.169248e-01 -1.491014e+00 1.294773e+00
      vertex -3.310341e-01 -1.557393e+00 1.210348e+00
    endloop
  endfacet
  facet normal 1.219927e-01 7.702317e-01 -6.259880e-01
    outer loop
      vertex -3.169248e-01 -1.491014e+00 1.294773e+00
      vertex -1.593353e-01 -1.515974e+00 1.294773e+00
      vertex -3.310341e-01 -1.557393e+00 1.210348e+00
    endloop
  endfacet
  facet normal 1.219927e-01 7.702317e-01 -6.259880e-01
    outer loop
      vertex -3.310341e-01 -1.557393e+00 1.210348e+00
      vertex -1.593353e-01 -1.515974e+00 1.294773e+00
      vertex -1.664288e-01 -1.583464e+00 1.210348e+00
    endloop
  endfacet
  facet normal 4.081329e-02 7.787640e-01 -6.259880e-01
    outer loop
      vertex -1.593353e-01 -1.515974e+00 1.294773e+00
      vertex -2.800138e-16 -1.524324e+00 1.294773e+00
      vertex -1.664288e-01 -1.583464e+00 1.210348e+00
    endloop
  endfacet
  facet normal 4.081329e-02 7.787640e-01 -6.259880e-01
    outer loop
      vertex -1.664288e-01 -1.583464e+00 1.210348e+00
      vertex -2.800138e-16 -1.524324e+00 1.294773e+00
      vertex -2.924798e-16 -1.592186e+00 1.210348e+00
    endloop
  endfacet
  facet normal -4.081329e-02 7.787640e-01 -6.259880e-01
    outer loop
      vertex -2.800138e-16 -1.524324e+00 1.294773e+00
      vertex 1.593353e-01 -1.515974e+00 1.294773e+00
      vertex -2.924798e-16 -1.592186e+00 1.210348e+00
    endloop
  endfacet
  facet normal -4.081329e-02 7.787640e-01 -6.259880e-01
    outer loop
      vertex -2.924798e-16 -1.592186e+00 1.210348e+00
      vertex 1.593353e-01 -1.515974e+00 1.294773e+00
      vertex 1.664288e-01 -1.583464e+00 1.210348e+00
    endloop
  endfacet
  facet normal -1.219927e-01 7.702317e-01 -6.259880e-01
    outer loop
      vertex 1.593353e-01 -1.515974e+00 1.294773e+00
      vertex 3.169248e-01 -1.491014e+00 1.294773e+00
      vertex 1.664288e-01 -1.583464e+00 1.210348e+00
    endloop
  endfacet
  facet normal -1.219927e-01 7.702317e-01 -6.259880e-01
    outer loop
      vertex 1.664288e-01 -1.583464e+00 1.210348e+00
      vertex 3.169248e-01 -1.491014e+00 1.294773e+00
      vertex 3.310341e-01 -1.557393e+00 1.210348e+00
    endloop
  endfacet
  facet normal -2.018356e-01 7.532605e-01 -6.259880e-01
    outer loop
      vertex 3.169248e-01 -1.491014e+00 1.294773e+00
      vertex 4.710421e-01 -1.449718e+00 1.294773e+00
      vertex 3.310341e-01 -1.557393e+00 1.210348e+00
    endloop
  endfacet
  facet normal -2.018356e-01 7.532605e-01 -6.259880e-01
    outer loop
      vertex 3.310341e-01 -1.557393e+00 1.210348e+00
      vertex 4.710421e-01 -1.449718e+00 1.294773e+00
      vertex 4.920126e-01 -1.514259e+00 1.210348e+00
    endloop
  endfacet
  facet normal -2.794670e-01 7.280365e-01 -6.259880e-01
    outer loop
      vertex 4.710421e-01 -1.449718e+00 1.294773e+00
      vertex 6.199985e-01 -1.392539e+00 1.294773e+00
      vertex 4.920126e-01 -1.514259e+00 1.210348e+00
    endloop
  endfacet
  facet normal -2.794670e-01 7.280365e-01 -6.259880e-01
    outer loop
      vertex 4.920126e-01 -1.514259e+00 1.210348e+00
      vertex 6.199985e-01 -1.392539e+00 1.294773e+00
      vertex 6.476004e-01 -1.454534e+00 1.210348e+00
    endloop
  endfacet
  facet normal -3.540366e-01 6.948360e-01 -6.259880e-01
    outer loop
      vertex 6.199985e-01 -1.392539e+00 1.294773e+00
      vertex 7.621621e-01 -1.320103e+00 1.294773e+00
      vertex 6.476004e-01 -1.454534e+00 1.210348e+00
    endloop
  endfacet
  facet normal -3.540366e-01 6.948360e-01 -6.259880e-01
    outer loop
      vertex 6.476004e-01 -1.454534e+00 1.210348e+00
      vertex 7.621621e-01 -1.320103e+00 1.294773e+00
      vertex 7.960931e-01 -1.378874e+00 1.210348e+00
    endloop
  endfacet
  facet normal -4.247273e-01 6.540227e-01 -6.259880e-01
    outer loop
      vertex 7.621621e-01 -1.320103e+00 1.294773e+00
      vertex 8.959752e-01 -1.233204e+00 1.294773e+00
      vertex 7.960931e-01 -1.378874e+00 1.210348e+00
    endloop
  endfacet
  facet normal -4.247273e-01 6.540227e-01 -6.259880e-01
    outer loop
      vertex 7.960931e-01 -1.378874e+00 1.210348e+00
      vertex 8.959752e-01 -1.233204e+00 1.294773e+00
      vertex 9.358635e-01 -1.288106e+00 1.210348e+00
    endloop
  endfacet
  facet normal -4.907646e-01 6.060438e-01 -6.259880e-01
    outer loop
      vertex 8.959752e-01 -1.233204e+00 1.294773e+00
      vertex 1.019972e+00 -1.132794e+00 1.294773e+00
      vertex 9.358635e-01 -1.288106e+00 1.210348e+00
    endloop
  endfacet
  facet normal -4.907646e-01 6.060438e-01 -6.259880e-01
    outer loop
      vertex 9.358635e-01 -1.288106e+00 1.210348e+00
      vertex 1.019972e+00 -1.132794e+00 1.294773e+00
      vertex 1.065380e+00 -1.183225e+00 1.210348e+00
    endloop
  endfacet
  facet normal -5.514250e-01 5.514250e-01 -6.259880e-01
    outer loop
      vertex 1.019972e+00 -1.132794e+00 1.294773e+00
      vertex 1.132794e+00 -1.019972e+00 1.294773e+00
      vertex 1.065380e+00 -1.183225e+00 1.210348e+00
    endloop
  endfacet
  facet normal -5.514250e-01 5.514250e-01 -6.259880e-01
    outer loop
      vertex 1.065380e+00 -1.183225e+00 1.210348e+00
      vertex 1.132794e+00 -1.019972e+00 1.294773e+00
      vertex 1.183225e+00 -1.065380e+00 1.210348e+00
    endloop
  endfacet
  facet normal -6.060438e-01 4.907646e-01 -6.259880e-01
    outer loop
      vertex 1.132794e+00 -1.019972e+00 1.294773e+00
      vertex 1.233204e+00 -8.959752e-01 1.294773e+00
      vertex 1.183225e+00 -1.065380e+00 1.210348e+00
    endloop
  endfacet
  facet normal -6.060438e-01 4.907646e-01 -6.259880e-01
    outer loop
      vertex 1.183225e+00 -1.065380e+00 1.210348e+00
      vertex 1.233204e+00 -8.959752e-01 1.294773e+00
      vertex 1.288106e+00 -9.358635e-01 1.210348e+00
    endloop
  endfacet
  facet normal -6.540227e-01 4.247273e-01 -6.259880e-01
    outer loop
      vertex 1.233204e+00 -8.959752e-01 1.294773e+00
      vertex 1.320103e+00 -7.621621e-01 1.294773e+00
      vertex 1.288106e+00 -9.358635e-01 1.210348e+00
    endloop
  endfacet
  facet normal -6.540227e-01 4.247273e-01 -6.259880e-01
    outer loop
      vertex 1.288106e+00 -9.358635e-01 1.210348e+00
      vertex 1.320103e+00 -7.621621e-01 1.294773e+00
      vertex 1.378874e+00 -7.960931e-01 1.210348e+00
    endloop
  endfacet
  facet normal -6.948360e-01 3.540366e-01 -6.259880e-01
    outer loop
      vertex 1.320103e+00 -7.621621e-01 1.294773e+00
      vertex 1.392539e+00 -6.199985e-01 1.294773e+00
      vertex 1.378874e+00 -7.960931e-01 1.210348e+00
    endloop
  endfacet
  facet normal -6.948360e-01 3.540366e-01 -6.259880e-01
    outer loop
      vertex 1.378874e+00 -7.960931e-01 1.210348e+00
      vertex 1.392539e+00 -6.199985e-01 1.294773e+00
      vertex 1.454534e+00 -6.476004e-01 1.210348e+00
    endloop
  endfacet
  facet normal -7.280365e-01 2.794670e-01 -6.259880e-01
    outer loop
      vertex 1.392539e+00 -6.199985e-01 1.294773e+00
      vertex 1.449718e+00 -4.710421e-01 1.294773e+00
      vertex 1.454534e+00 -6.476004e-01 1.210348e+00
    endloop
  endfacet
  facet normal -7.280365e-01 2.794670e-01 -6.259880e-01
    outer loop
      vertex 1.454534e+00 -6.476004e-01 1.210348e+00
      vertex 1.449718e+00 -4.710421e-01 1.294773e+00
      vertex 1.514259e+00 -4.920126e-01 1.210348e+00
    endloop
  endfacet
  facet normal -7.532605e-01 2.018356e-01 -6.259880e-01
    outer loop
      vertex 1.449718e+00 -4.710421e-01 1.294773e+00
      vertex 1.491014e+00 -3.169248e-01 1.294773e+00
      vertex 1.514259e+00 -4.920126e-01 1.210348e+00
    endloop
  endfacet
  facet normal -7.532605e-01 2.018356e-01 -6.259880e-01
    outer loop
      vertex 1.514259e+00 -4.920126e-01 1.210348e+00
      vertex 1.491014e+00 -3.169248e-01 1.294773e+00
      vertex 1.557393e+00 -3.310341e-01 1.210348e+00
    endloop
  endfacet
  facet normal -7.702317e-01 1.219927e-01 -6.259880e-01
    outer loop
      vertex 1.491014e+00 -3.169248e-01 1.294773e+00
      vertex 1.515974e+00 -1.593353e-01 1.294773e+00
      vertex 1.557393e+00 -3.310341e-01 1.210348e+00
    endloop
  endfacet
  facet normal -7.702317e-01 1.219927e-01 -6.259880e-01
    outer loop
      vertex 1.557393e+00 -3.310341e-01 1.210348e+00
      vertex 1.515974e+00 -1.593353e-01 1.294773e+00
      vertex 1.583464e+00 -1.664288e-01 1.210348e+00
    endloop
  endfacet
  facet normal -7.787640e-01 4.081329e-02 -6.259880e-01
    outer loop
      vertex 1.515974e+00 -1.593353e-01 1.294773e+00
      vertex 1.524324e+00 0.000000e+00 1.294773e+00
      vertex 1.583464e+00 -1.664288e-01 1.210348e+00
    endloop
  endfacet
  facet normal -7.787640e-01 4.081329e-02 -6.259880e-01
    outer loop
      vertex 1.583464e+00 -1.664288e-01 1.210348e+00
      vertex 1.524324e+00 0.000000e+00 1.294773e+00
      vertex 1.592186e+00 0.000000e+00 1.210348e+00
    endloop
  endfacet
  facet normal -8.114541e-01 -4.252651e-02 -5.828668e-01
    outer loop
      vertex 1.592186e+00 0.000000e+00 1.210348e+00
      vertex 1.583464e+00 1.664288e-01 1.210348e+00
      vertex 1.655378e+00 0.000000e+00 1.122374e+00
    endloop
  endfacet
  facet normal -8.114541e-01 -4.252651e-02 -5.828668e-01
    outer loop
      vertex 1.655378e+00 0.000000e+00 1.122374e+00
      vertex 1.583464e+00 1.664288e-01 1.210348e+00
      vertex 1.646310e+00 1.730341e-01 1.122374e+00
    endloop
  endfacet
  facet normal -8.025637e-01 -1.271136e-01 -5.828668e-01
    outer loop
      vertex 1.583464e+00 1.664288e-01 1.210348e+00
      vertex 1.557393e+00 3.310341e-01 1.210348e+00
      vertex 1.646310e+00 1.730341e-01 1.122374e+00
    endloop
  endfacet
  facet normal -8.025637e-01 -1.271136e-01 -5.828668e-01
    outer loop
      vertex 1.646310e+00 1.730341e-01 1.122374e+00
      vertex 1.557393e+00 3.310341e-01 1.210348e+00
      vertex 1.619204e+00 3.441724e-01 1.122374e+00
    endloop
  endfacet
  facet normal -7.848801e-01 -2.103080e-01 -5.828668e-01
    outer loop
      vertex 1.557393e+00 3.310341e-01 1.210348e+00
      vertex 1.514259e+00 4.920126e-01 1.210348e+00
      vertex 1.619204e+00 3.441724e-01 1.122374e+00
    endloop
  endfacet
  facet normal -7.848801e-01 -2.103080e-01 -5.828668e-01
    outer loop
      vertex 1.619204e+00 3.441724e-01 1.122374e+00
      vertex 1.514259e+00 4.920126e-01 1.210348e+00
      vertex 1.574358e+00 5.115399e-01 1.122374e+00
    endloop
  endfacet
  facet normal -7.585973e-01 -2.911982e-01 -5.828668e-01
    outer loop
      vertex 1.514259e+00 4.920126e-01 1.210348e+00
      vertex 1.454534e+00 6.476004e-01 1.210348e+00
      vertex 1.574358e+00 5.115399e-01 1.122374e+00
    endloop
  endfacet
  facet normal -7.585973e-01 -2.911982e-01 -5.828668e-01
    outer loop
      vertex 1.574358e+00 5.115399e-01 1.122374e+00
      vertex 1.454534e+00 6.476004e-01 1.210348e+00
      vertex 1.512263e+00 6.733029e-01 1.122374e+00
    endloop
  endfacet
  facet normal -7.240031e-01 -3.688980e-01 -5.828668e-01
    outer loop
      vertex 1.454534e+00 6.476004e-01 1.210348e+00
      vertex 1.378874e+00 7.960931e-01 1.210348e+00
      vertex 1.512263e+00 6.733029e-01 1.122374e+00
    endloop
  endfacet
  facet normal -7.240031e-01 -3.688980e-01 -5.828668e-01
    outer loop
      vertex 1.512263e+00 6.733029e-01 1.122374e+00
      vertex 1.378874e+00 7.960931e-01 1.210348e+00
      vertex 1.433599e+00 8.276890e-01 1.122374e+00
    endloop
  endfacet
  facet normal -6.814766e-01 -4.425561e-01 -5.828668e-01
    outer loop
      vertex 1.378874e+00 7.960931e-01 1.210348e+00
      vertex 1.288106e+00 9.358635e-01 1.210348e+00
      vertex 1.433599e+00 8.276890e-01 1.122374e+00
    endloop
  endfacet
  facet normal -6.814766e-01 -4.425561e-01 -5.828668e-01
    outer loop
      vertex 1.433599e+00 8.276890e-01 1.122374e+00
      vertex 1.288106e+00 9.358635e-01 1.210348e+00
      vertex 1.339229e+00 9.730068e-01 1.122374e+00
    endloop
  endfacet
  facet normal -6.314837e-01 -5.113654e-01 -5.828668e-01
    outer loop
      vertex 1.288106e+00 9.358635e-01 1.210348e+00
      vertex 1.183225e+00 1.065380e+00 1.210348e+00
      vertex 1.339229e+00 9.730068e-01 1.122374e+00
    endloop
  endfacet
  facet normal -6.314837e-01 -5.113654e-01 -5.828668e-01
    outer loop
      vertex 1.339229e+00 9.730068e-01 1.122374e+00
      vertex 1.183225e+00 1.065380e+00 1.210348e+00
      vertex 1.230186e+00 1.107664e+00 1.122374e+00
    endloop
  endfacet
  facet normal -5.745721e-01 -5.745721e-01 -5.828668e-01
    outer loop
      vertex 1.183225e+00 1.065380e+00 1.210348e+00
      vertex 1.065380e+00 1.183225e+00 1.210348e+00
      vertex 1.230186e+00 1.107664e+00 1.122374e+00
    endloop
  endfacet
  facet normal -5.745721e-01 -5.745721e-01 -5.828668e-01
    outer loop
      vertex 1.230186e+00 1.107664e+00 1.122374e+00
      vertex 1.065380e+00 1.183225e+00 1.210348e+00
      vertex 1.107664e+00 1.230186e+00 1.122374e+00
    endloop
  endfacet
  facet normal -5.113654e-01 -6.314837e-01 -5.828668e-01
    outer loop
      vertex 1.065380e+00 1.183225e+00 1.210348e+00
      vertex 9.358635e-01 1.288106e+00 1.210348e+00
      vertex 1.107664e+00 1.230186e+00 1.122374e+00
    endloop
  endfacet
  facet normal -5.113654e-01 -6.314837e-01 -5.828668e-01
    outer loop
      vertex 1.107664e+00 1.230186e+00 1.122374e+00
      vertex 9.358635e-01 1.288106e+00 1.210348e+00
      vertex 9.730068e-01 1.339229e+00 1.122374e+00
    endloop
  endfacet
  facet normal -4.425561e-01 -6.814766e-01 -5.828668e-01
    outer loop
      vertex 9.358635e-01 1.288106e+00 1.210348e+00
      vertex 7.960931e-01 1.378874e+00 1.210348e+00
      vertex 9.730068e-01 1.339229e+00 1.122374e+00
    endloop
  endfacet
  facet normal -4.425561e-01 -6.814766e-01 -5.828668e-01
    outer loop
      vertex 9.730068e-01 1.339229e+00 1.122374e+00
      vertex 7.960931e-01 1.378874e+00 1.210348e+00
      vertex 8.276890e-01 1.433599e+00 1.122374e+00
    endloop
  endfacet
  facet normal -3.688980e-01 -7.240031e-01 -5.828668e-01
    outer loop
      vertex 7.960931e-01 1.378874e+00 1.210348e+00
      vertex 6.476004e-01 1.454534e+00 1.210348e+00
      vertex 8.276890e-01 1.433599e+00 1.122374e+00
    endloop
  endfacet
  facet normal -3.688980e-01 -7.240031e-01 -5.828668e-01
    outer loop
      vertex 8.276890e-01 1.433599e+00 1.122374e+00
      vertex 6.476004e-01 1.454534e+00 1.210348e+00
      vertex 6.733029e-01 1.512263e+00 1.122374e+00
    endloop
  endfacet
  facet normal -2.911982e-01 -7.585973e-01 -5.828668e-01
    outer loop
      vertex 6.476004e-01 1.454534e+00 1.210348e+00
      vertex 4.920126e-01 1.514259e+00 1.210348e+00
      vertex 6.733029e-01 1.512263e+00 1.122374e+00
    endloop
  endfacet
  facet normal -2.911982e-01 -7.585973e-01 -5.828668e-01
    outer loop
      vertex 6.733029e-01 1.512263e+00 1.122374e+00
      vertex 4.920126e-01 1.514259e+00 1.210348e+00
      vertex 5.115399e-01 1.574358e+00 1.122374e+00
    endloop
  endfacet
  facet normal -2.103080e-01 -7.848801e-01 -5.828668e-01
    outer loop
      vertex 4.920126e-01 1.514259e+00 1.210348e+00
      vertex 3.310341e-01 1.557393e+00 1.210348e+00
      vertex 5.115399e-01 1.574358e+00 1.122374e+00
    endloop
  endfacet
  facet normal -2.103080e-01 -7.848801e-01 -5.828668e-01
    outer loop
      vertex 5.115399e-01 1.574358e+00 1.122374e+00
      vertex 3.310341e-01 1.557393e+00 1.210348e+00
      vertex 3.441724e-01 1.619204e+00 1.122374e+00
    endloop
  endfacet
  facet normal -1.271136e-01 -8.025637e-01 -5.828668e-01
    outer loop
      vertex 3.310341e-01 1.557393e+00 1.210348e+00
      vertex 1.664288e-01 1.583464e+00 1.210348e+00
      vertex 3.441724e-01 1.619204e+00 1.122374e+00
    endloop
  endfacet
  facet normal -1.271136e-01 -8.025637e-01 -5.828668e-01
    outer loop
      vertex 3.441724e-01 1.619204e+00 1.122374e+00
      vertex 1.664288e-01 1.583464e+00 1.210348e+00
      vertex 1.730341e-01 1.646310e+00 1.122374e+00
    endloop
  endfacet
  facet normal -4.252651e-02 -8.114541e-01 -5.828668e-01
    outer loop
      vertex 1.664288e-01 1.583464e+00 1.210348e+00
      vertex 9.749328e-17 1.592186e+00 1.210348e+00
      vertex 1.730341e-01 1.646310e+00 1.122374e+00
    endloop
  endfacet
  facet normal -4.252651e-02 -8.114541e-01 -5.828668e-01
    outer loop
      vertex 1.730341e-01 1.646310e+00 1.122374e+00
      vertex 9.749328e-17 1.592186e+00 1.210348e+00
      vertex 1.013627e-16 1.655378e+00 1.122374e+00
    endloop
  endfacet
  facet normal 4.252651e-02 -8.114541e-01 -5.828668e-01
    outer loop
      vertex 9.749328e-17 1.592186e+00 1.210348e+00
      vertex -1.664288e-01 1.583464e+00 1.210348e+00
      vertex 1.013627e-16 1.655378e+00 1.122374e+00
    endloop
  endfacet
  facet normal 4.252651e-02 -8.114541e-01 -5.828668e-01
    outer loop
      vertex 1.013627e-16 1.655378e+00 1.122374e+00
      vertex -1.664288e-01 1.583464e+00 1.210348e+00
      vertex -1.730341e-01 1.646310e+00 1.122374e+00
    endloop
  endfacet
  facet normal 1.271136e-01 -8.025637e-01 -5.828668e-01
    outer loop
      vertex -1.664288e-01 1.583464e+00 1.210348e+00
      vertex -3.310341e-01 1.557393e+00 1.210348e+00
      vertex -1.730341e-01 1.646310e+00 1.122374e+00
    endloop
  endfacet
  facet normal 1.271136e-01 -8.025637e-01 -5.828668e-01
    outer loop
      vertex -1.730341e-01 1.646310e+00 1.122374e+00
      vertex -3.310341e-01 1.557393e+00 1.210348e+00
      vertex -3.441724e-01 1.619204e+00 1.122374e+00
    endloop
  endfacet
  facet normal 2.103080e-01 -7.848801e-01 -5.828668e-01
    outer loop
      vertex -3.310341e-01 1.557393e+00 1.210348e+00
      vertex -4.920126e-01 1.514259e+00 1.210348e+00
      vertex -3.441724e-01 1.619204e+00 1.122374e+00
    endloop
  endfacet
  facet normal 2.103080e-01 -7.848801e-01 -5.828668e-01
    outer loop
      vertex -3.441724e-01 1.619204e+00 1.122374e+00
      vertex -4.920126e-01 1.514259e+00 1.210348e+00
      vertex -5.115399e-01 1.574358e+00 1.122374e+00
    endloop
  endfacet
  facet normal 2.911982e-01 -7.585973e-01 -5.828668e-01
    outer loop
      vertex -4.920126e-01 1.514259e+00 1.210348e+00
      vertex -6.476004e-01 1.454534e+00 1.210348e+00
      vertex -5.115399e-01 1.574358e+00 1.122374e+00
    endloop
  endfacet
  facet normal 2.911982e-01 -7.585973e-01 -5.828668e-01
    outer loop
      vertex -5.115399e-01 1.574358e+00 1.122374e+00
      vertex -6.476004e-01 1.454534e+00 1.210348e+00
      vertex -6.733029e-01 1.512263e+00 1.122374e+00
    endloop
  endfacet
  facet normal 3.688980e-01 -7.240031e-01 -5.828668e-01
    outer loop
      vertex -6.476004e-01 1.454534e+00 1.210348e+00
      vertex -7.960931e-01 1.378874e+00 1.210348e+00
      vertex -6.733029e-01 1.512263e+00 1.122374e+00
    endloop
  endfacet
  facet normal 3.688980e-01 -7.240031e-01 -5.828668e-01
    outer loop
      vertex -6.733029e-01 1.512263e+00 1.122374e+00
      vertex -7.960931e-01 1.378874e+00 1.210348e+00
      vertex -8.276890e-01 1.433599e+00 1.122374e+00
    endloop
  endfacet
  facet normal 4.425561e-01 -6.814766e-01 -5.828668e-01
    outer loop
      vertex -7.960931e-01 1.378874e+00 1.210348e+00
      vertex -9.358635e-01 1.288106e+00 1.210348e+00
      vertex -8.276890e-01 1.433599e+00 1.122374e+00
    endloop
  endfacet
  facet normal 4.425561e-01 -6.814766e-01 -5.828668e-01
    outer loop
      vertex -8.276890e-01 1.433599e+00 1.122374e+00
      vertex -9.358635e-01 1.288106e+00 1.210348e+00
      vertex -9.730068e-01 1.339229e+00 1.122374e+00
    endloop
  endfacet
  facet normal 5.113654e-01 -6.314837e-01 -5.828668e-01
    outer loop
      vertex -9.358635e-01 1.288106e+00 1.210348e+00
      vertex -1.065380e+00 1.183225e+00 1.210348e+00
      vertex -9.730068e-01 1.339229e+00 1.122374e+00
    endloop
  endfacet
  facet normal 5.113654e-01 -6.314837e-01 -5.828668e-01
    outer loop
      vertex -9.730068e-01 1.339229e+00 1.122374e+00
      vertex -1.065380e+00 1.183225e+00 1.210348e+00
      vertex -1.107664e+00 1.230186e+00 1.122374e+00
    endloop
  endfacet
  facet normal 5.745721e-01 -5.745721e-01 -5.828668e-01
    outer loop
      vertex -1.065380e+00 1.183225e+00 1.210348e+00
      vertex -1.183225e+00 1.065380e+00 1.210348e+00
      vertex -1.107664e+00 1.230186e+00 1.122374e+00
    endloop
  endfacet
  facet normal 5.745721e-01 -5.745721e-01 -5.828668e-01
    outer loop
      vertex -1.107664e+00 1.230186e+00 1.122374e+00
      vertex -1.183225e+00 1.065380e+00 1.210348e+00
      vertex -1.230186e+00 1.107664e+00 1.122374e+00
    endloop
  endfacet
  facet normal 6.314837e-01 -5.113654e-01 -5.828668e-01
    outer loop
      vertex -1.183225e+00 1.065380e+00 1.210348e+00
      vertex -1.288106e+00 9.358635e-01 1.210348e+00
      vertex -1.230186e+00 1.107664e+00 1.122374e+00
    endloop
  endfacet
  facet normal 6.314837e-01 -5.113654e-01 -5.828668e-01
    outer loop
      vertex -1.230186e+00 1.107664e+00 1.122374e+00
      vertex -1.288106e+00 9.358635e-01 1.210348e+00
      vertex -1.339229e+00 9.730068e-01 1.122374e+00
    endloop
  endfacet
  facet normal 6.814766e-01 -4.425561e-01 -5.828668e-01
    outer loop
      vertex -1.288106e+00 9.358635e-01 1.210348e+00
      vertex -1.378874e+00 7.960931e-01 1.210348e+00
      vertex -1.339229e+00 9.730068e-01 1.122374e+00
    endloop
  endfacet
  facet normal 6.814766e-01 -4.425561e-01 -5.828668e-01
    outer loop
      vertex -1.339229e+00 9.730068e-01 1.122374e+00
      vertex -1.378874e+00 7.960931e-01 1.210348e+00
      vertex -1.433599e+00 8.276890e-01 1.122374e+00
    endloop
  endfacet
  facet normal 7.240031e-01 -3.688980e-01 -5.828668e-01
    outer loop
      vertex -1.378874e+00 7.960931e-01 1.210348e+00
      vertex -1.454534e+00 6.476004e-01 1.210348e+00
      vertex -1.433599e+00 8.276890e-01 1.122374e+00
    endloop
  endfacet
  facet normal 7.240031e-01 -3.688980e-01 -5.828668e-01
    outer loop
      vertex -1.433599e+00 8.276890e-01 1.122374e+00
      vertex -1.454534e+00 6.476004e-01 1.210348e+00
      vertex -1.512263e+00 6.733029e-01 1.122374e+00
    endloop
  endfacet
  facet normal 7.585973e-01 -2.911982e-01 -5.828668e-01
    outer loop
      vertex -1.454534e+00 6.476004e-01 1.210348e+00
      vertex -1.514259e+00 4.920126e-01 1.210348e+00
      vertex -1.512263e+00 6.733029e-01 1.122374e+00
    endloop
  endfacet
  facet normal 7.585973e-01 -2.911982e-01 -5.828668e-01
    outer loop
      vertex -1.512263e+00 6.733029e-01 1.122374e+00
      vertex -1.514259e+00 4.920126e-01 1.210348e+00
      vertex -1.574358e+00 5.115399e-01 1.122374e+00
    endloop
  endfacet
  facet normal 7.848801e-01 -2.103080e-01 -5.828668e-01
    outer loop
      vertex -1.514259e+00 4.920126e-01 1.210348e+00
      vertex -1.557393e+00 3.310341e-01 1.210348e+00
      vertex -1.574358e+00 5.115399e-01 1.122374e+00
    endloop
  endfacet
  facet normal 7.848801e-01 -2.103080e-01 -5.828668e-01
    outer loop
      vertex -1.574358e+00 5.115399e-01 1.122374e+00
      vertex -1.557393e+00 3.310341e-01 1.210348e+00
      vertex -1.619204e+00 3.441724e-01 1.122374e+00
    endloop
  endfacet
  facet normal 8.025637e-01 -1.271136e-01 -5.828668e-01
    outer loop
      vertex -1.557393e+00 3.310341e-01 1.210348e+00
      vertex -1.583464e+00 1.664288e-01 1.210348e+00
      vertex -1.619204e+00 3.441724e-01 1.122374e+00
    endloop
  endfacet
  facet normal 8.025637e-01 -1.271136e-01 -5.828668e-01
    outer loop
      vertex -1.619204e+00 3.441724e-01 1.122374e+00
      vertex -1.583464e+00 1.664288e-01 1.210348e+00
      vertex -1.646310e+00 1.730341e-01 1.122374e+00
    endloop
  endfacet
  facet normal 8.114541e-01 -4.252651e-02 -5.828668e-01
    outer loop
      vertex -1.583464e+00 1.664288e-01 1.210348e+00
      vertex -1.592186e+00 1.949866e-16 1.210348e+00
      vertex -1.646310e+00 1.730341e-01 1.122374e+00
    endloop
  endfacet
  facet normal 8.114541e-01 -4.252651e-02 -5.828668e-01
    outer loop
      vertex -1.646310e+00 1.730341e-01 1.122374e+00
      vertex -1.592186e+00 1.949866e-16 1.210348e+00
      vertex -1.655378e+00 2.027253e-16 1.122374e+00
    endloop
  endfacet
  facet normal 8.114541e-01 4.252651e-02 -5.828668e-01
    outer loop
      vertex -1.592186e+00 1.949866e-16 1.210348e+00
      vertex -1.583464e+00 -1.664288e-01 1.210348e+00
      vertex -1.655378e+00 2.027253e-16 1.122374e+00
    endloop
  endfacet
  facet normal 8.114541e-01 4.252651e-02 -5.828668e-01
    outer loop
      vertex -1.655378e+00 2.027253e-16 1.122374e+00
      vertex -1.583464e+00 -1.664288e-01 1.210348e+00
      vertex -1.646310e+00 -1.730341e-01 1.122374e+00
    endloop
  endfacet
  facet normal 8.025637e-01 1.271136e-01 -5.828668e-01
    outer loop
      vertex -1.583464e+00 -1.664288e-01 1.210348e+00
      vertex -1.557393e+00 -3.310341e-01 1.210348e+00
      vertex -1.646310e+00 -1.730341e-01 1.122374e+00
    endloop
  endfacet
  facet normal 8.025637e-01 1.271136e-01 -5.828668e-01
    outer loop
      vertex -1.646310e+00 -1.730341e-01 1.122374e+00
      vertex -1.557393e+00 -3.310341e-01 1.210348e+00
      vertex -1.619204e+00 -3.441724e-01 1.122374e+00
    endloop
  endfacet
  facet normal 7.848801e-01 2.103080e-01 -5.828668e-01
    outer loop
      vertex -1.557393e+00 -3.310341e-01 1.210348e+00
      vertex -1.514259e+00 -4.920126e-01 1.210348e+00
      vertex -1.619204e+00 -3.441724e-01 1.122374e+00
    endloop
  endfacet
  facet normal 7.848801e-01 2.103080e-01 -5.828668e-01
    outer loop
      vertex -1.619204e+00 -3.441724e-01 1.122374e+00
      vertex -1.514259e+00 -4.920126e-01 1.210348e+00
      vertex -1.574358e+00 -5.115399e-01 1.122374e+00
    endloop
  endfacet
  facet normal 7.585973e-01 2.911982e-01 -5.828668e-01
    outer loop
      vertex -1.514259e+00 -4.920126e-01 1.210348e+00
      vertex -1.454534e+00 -6.476004e-01 1.210348e+00
      vertex -1.574358e+00 -5.115399e-01 1.122374e+00
    endloop
  endfacet
  facet normal 7.585973e-01 2.911982e-01 -5.828668e-01
    outer loop
      vertex -1.574358e+00 -5.115399e-01 1.122374e+00
      vertex -1.454534e+00 -6.476004e-01 1.210348e+00
      vertex -1.512263e+00 -6.733029e-01 1.122374e+00
    endloop
  endfacet
  facet normal 7.240031e-01 3.688980e-01 -5.828668e-01
    outer loop
      vertex -1.454534e+00 -6.476004e-01 1.210348e+00
      vertex -1.378874e+00 -7.960931e-01 1.210348e+00
      vertex -1.512263e+00 -6.733029e-01 1.122374e+00
    endloop
  endfacet
  facet normal 7.240031e-01 3.688980e-01 -5.828668e-01
    outer loop
      vertex -1.512263e+00 -6.733029e-01 1.122374e+00
      vertex -1.378874e+00 -7.960931e-01 1.210348e+00
      vertex -1.433599e+00 -8.276890e-01 1.122374e+00
    endloop
  endfacet
  facet normal 6.814766e-01 4.425561e-01 -5.828668e-01
    outer loop
      vertex -1.378874e+00 -7.960931e-01 1.210348e+00
      vertex -1.288106e+00 -9.358635e-01 1.210348e+00
      vertex -1.433599e+00 -8.276890e-01 1.122374e+00
    endloop
  endfacet
  facet normal 6.814766e-01 4.425561e-01 -5.828668e-01
    outer loop
      vertex -1.433599e+00 -8.276890e-01 1.122374e+00
      vertex -1.288106e+00 -9.358635e-01 1.210348e+00
      vertex -1.339229e+00 -9.730068e-01 1.122374e+00
    endloop
  endfacet
  facet normal 6.314837e-01 5.113654e-01 -5.828668e-01
    outer loop
      vertex -1.288106e+00 -9.358635e-01 1.210348e+00
      vertex -1.183225e+00 -1.065380e+00 1.210348e+00
      vertex -1.339229e+00 -9.730068e-01 1.122374e+00
    endloop
  endfacet
  facet normal 6.314837e-01 5.113654e-01 -5.828668e-01
    outer loop
      vertex -1.339229e+00 -9.730068e-01 1.122374e+00
      vertex -1.183225e+00 -1.065380e+00 1.210348e+00
      vertex -1.230186e+00 -1.107664e+00 1.122374e+00
    endloop
  endfacet
  facet normal 5.745721e-01 5.745721e-01 -5.828668e-01
    outer loop
      vertex -1.183225e+00 -1.065380e+00 1.210348e+00
      vertex -1.065380e+00 -1.183225e+00 1.210348e+00
      vertex -1.230186e+00 -1.107664e+00 1.122374e+00
    endloop
  endfacet
  facet normal 5.745721e-01 5.745721e-01 -5.828668e-01
    outer loop
      vertex -1.230186e+00 -1.107664e+00 1.122374e+00
      vertex -1.065380e+00 -1.183225e+00 1.210348e+00
      vertex -1.107664e+00 -1.230186e+00 1.122374e+00
    endloop
  endfacet
  facet normal 5.113654e-01 6.314837e-01 -5.828668e-01
    outer loop
      vertex -1.065380e+00 -1.183225e+00 1.210348e+00
      vertex -9.358635e-01 -1.288106e+00 1.210348e+00
      vertex -1.107664e+00 -1.230186e+00 1.122374e+00
    endloop
  endfacet
  facet normal 5.113654e-01 6.314837e-01 -5.828668e-01
    outer loop
      vertex -1.107664e+00 -1.230186e+00 1.122374e+00
      vertex -9.358635e-01 -1.288106e+00 1.210348e+00
      vertex -9.730068e-01 -1.339229e+00 1.122374e+00
    endloop
  endfacet
  facet normal 4.425561e-01 6.814766e-01 -5.828668e-01
    outer loop
      vertex -9.358635e-01 -1.288106e+00 1.210348e+00
      vertex -7.960931e-01 -1.378874e+00 1.210348e+00
      vertex -9.730068e-01 -1.339229e+00 1.122374e+00
    endloop
  endfacet
  facet normal 4.425561e-01 6.814766e-01 -5.828668e-01
    outer loop
      vertex -9.730068e-01 -1.339229e+00 1.122374e+00
      vertex -7.960931e-01 -1.378874e+00 1.210348e+00
      vertex -8.276890e-01 -1.433599e+00 1.122374e+00
    endloop
  endfacet
  facet normal 3.688980e-01 7.240031e-01 -5.828668e-01
    outer loop
      vertex -7.960931e-01 -1.378874e+00 1.210348e+00
      vertex -6.476004e-01 -1.454534e+00 1.210348e+00
      vertex -8.276890e-01 -1.433599e+00 1.122374e+00
    endloop
  endfacet
  facet normal 3.688980e-01 7.240031e-01 -5.828668e-01
    outer loop
      vertex -8.276890e-01 -1.433599e+00 1.122374e+00
      vertex -6.476004e-01 -1.454534e+00 1.210348e+00
      vertex -6.733029e-01 -1.512263e+00 1.122374e+00
    endloop
  endfacet
  facet normal 2.911982e-01 7.585973e-01 -5.828668e-01
    outer loop
      vertex -6.476004e-01 -1.454534e+00 1.210348e+00
      vertex -4.920126e-01 -1.514259e+00 1.210348e+00
      vertex -6.733029e-01 -1.512263e+00 1.122374e+00
    endloop
  endfacet
  facet normal 2.911982e-01 7.585973e-01 -5.828668e-01
    outer loop
      vertex -6.733029e-01 -1.512263e+00 1.122374e+00
      vertex -4.920126e-01 -1.514259e+00 1.210348e+00
      vertex -5.115399e-01 -1.574358e+00 1.122374e+00
    endloop
  endfacet
  facet normal 2.103080e-01 7.848801e-01 -5.828668e-01
    outer loop
      vertex -4.920126e-01 -1.514259e+00 1.210348e+00
      vertex -3.310341e-01 -1.557393e+00 1.210348e+00
      vertex -5.115399e-01 -1.574358e+00 1.122374e+00
    endloop
  endfacet
  facet normal 2.103080e-01 7.848801e-01 -5.828668e-01
    outer loop
      vertex -5.115399e-01 -1.574358e+00 1.122374e+00
      vertex -3.310341e-01 -1.557393e+00 1.210348e+00
      vertex -3.441724e-01 -1.619204e+00 1.122374e+00
    endloop
  endfacet
  facet normal 1.271136e-01 8.025637e-01 -5.828668e-01
    outer loop
      vertex -3.310341e-01 -1.557393e+00 1.210348e+00
      vertex -1.664288e-01 -1.583464e+00 1.210348e+00
      vertex -3.441724e-01 -1.619204e+00 1.122374e+00
    endloop
  endfacet
  facet normal 1.271136e-01 8.025637e-01 -5.828668e-01
    outer loop
      vertex -3.441724e-01 -1.619204e+00 1.122374e+00
      vertex -1.664288e-01 -1.583464e+00 1.210348e+00
      vertex -1.730341e-01 -1.646310e+00 1.122374e+00
    endloop
  endfacet
  facet normal 4.252651e-02 8.114541e-01 -5.828668e-01
    outer loop
      vertex -1.664288e-01 -1.583464e+00 1.210348e+00
      vertex -2.924798e-16 -1.592186e+00 1.210348e+00
      vertex -1.730341e-01 -1.646310e+00 1.122374e+00
    endloop
  endfacet
  facet normal 4.252651e-02 8.114541e-01 -5.828668e-01
    outer loop
      vertex -1.730341e-01 -1.646310e+00 1.122374e+00
      vertex -2.924798e-16 -1.592186e+00 1.210348e+00
      vertex -3.040880e-16 -1.655378e+00 1.122374e+00
    endloop
  endfacet
  facet normal -4.252651e-02 8.114541e-01 -5.828668e-01
    outer loop
      vertex -2.924798e-16 -1.592186e+00 1.210348e+00
      vertex 1.664288e-01 -1.583464e+00 1.210348e+00
      vertex -3.040880e-16 -1.655378e+00 1.122374e+00
    endloop
  endfacet
  facet normal -4.252651e-02 8.114541e-01 -5.828668e-01
    outer loop
      vertex -3.040880e-16 -1.655378e+00 1.122374e+00
      vertex 1.664288e-01 -1.583464e+00 1.210348e+00
      vertex 1.730341e-01 -1.646310e+00 1.122374e+00
    endloop
  endfacet
  facet normal -1.271136e-01 8.025637e-01 -5.828668e-01
    outer loop
      vertex 1.664288e-01 -1.583464e+00 1.210348e+00
      vertex 3.310341e-01 -1.557393e+00 1.210348e+00
      vertex 1.730341e-01 -1.646310e+00 1.122374e+00
    endloop
  endfacet
  facet normal -1.271136e-01 8.025637e-01 -5.828668e-01
    outer loop
      vertex 1.730341e-01 -1.646310e+00 1.122374e+00
      vertex 3.310341e-01 -1.557393e+00 1.210348e+00
      vertex 3.441724e-01 -1.619204e+00 1.122374e+00
    endloop
  endfacet
  facet normal -2.103080e-01 7.848801e-01 -5.828668e-01
    outer loop
      vertex 3.310341e-01 -1.557393e+00 1.210348e+00
      vertex 4.920126e-01 -1.514259e+00 1.210348e+00
      vertex 3.441724e-01 -1.619204e+00 1.122374e+00
    endloop
  endfacet
  facet normal -2.103080e-01 7.848801e-01 -5.828668e-01
    outer loop
      vertex 3.441724e-01 -1.619204e+00 1.122374e+00
      vertex 4.920126e-01 -1.514259e+00 1.210348e+00
      vertex 5.115399e-01 -1.574358e+00 1.122374e+00
    endloop
  endfacet
  facet normal -2.911982e-01 7.585973e-01 -5.828668e-01
    outer loop
      vertex 4.920126e-01 -1.514259e+00 1.210348e+00
      vertex 6.476004e-01 -1.454534e+00 1.210348e+00
      vertex 5.115399e-01 -1.574358e+00 1.122374e+00
    endloop
  endfacet
  facet normal -2.911982e-01 7.585973e-01 -5.828668e-01
    outer loop
      vertex 5.115399e-01 -1.574358e+00 1.122374e+00
      vertex 6.476004e-01 -1.454534e+00 1.210348e+00
      vertex 6.733029e-01 -1.512263e+00 1.122374e+00
    endloop
  endfacet
  facet normal -3.688980e-01 7.240031e-01 -5.828668e-01
    outer loop
      vertex 6.476004e-01 -1.454534e+00 1.210348e+00
      vertex 7.960931e-01 -1.378874e+00 1.210348e+00
      vertex 6.733029e-01 -1.512263e+00 1.122374e+00
    endloop
  endfacet
  facet normal -3.688980e-01 7.240031e-01 -5.828668e-01
    outer loop
      vertex 6.733029e-01 -1.512263e+00 1.122374e+00
      vertex 7.960931e-01 -1.378874e+00 1.210348e+00
      vertex 8.276890e-01 -1.433599e+00 1.122374e+00
    endloop
  endfacet
  facet normal -4.425561e-01 6.814766e-01 -5.828668e-01
    outer loop
      vertex 7.960931e-01 -1.378874e+00 1.210348e+00
      vertex 9.358635e-01 -1.288106e+00 1.210348e+00
      vertex 8.276890e-01 -1.433599e+00 1.122374e+00
    endloop
  endfacet
  facet normal -4.425561e-01 6.814766e-01 -5.828668e-01
    outer loop
      vertex 8.276890e-01 -1.433599e+00 1.122374e+00
      vertex 9.358635e-01 -1.288106e+00 1.210348e+00
      vertex 9.730068e-01 -1.339229e+00 1.122374e+00
    endloop
  endfacet
  facet normal -5.113654e-01 6.314837e-01 -5.828668e-01
    outer loop
      vertex 9.358635e-01 -1.288106e+00 1.210348e+00
      vertex 1.065380e+00 -1.183225e+00 1.210348e+00
      vertex 9.730068e-01 -1.339229e+00 1.122374e+00
    endloop
  endfacet
  facet normal -5.113654e-01 6.314837e-01 -5.828668e-01
    outer loop
      vertex 9.730068e-01 -1.339229e+00 1.122374e+00
      vertex 1.065380e+00 -1.183225e+00 1.210348e+00
      vertex 1.107664e+00 -1.230186e+00 1.122374e+00
    endloop
  endfacet
  facet normal -5.745721e-01 5.745721e-01 -5.828668e-01
    outer loop
      vertex 1.065380e+00 -1.183225e+00 1.210348e+00
      vertex 1.183225e+00 -1.065380e+00 1.210348e+00
      vertex 1.107664e+00 -1.230186e+00 1.122374e+00
    endloop
  endfacet
  facet normal -5.745721e-01 5.745721e-01 -5.828668e-01
    outer loop
      vertex 1.107664e+00 -1.230186e+00 1.122374e+00
      vertex 1.183225e+00 -1.065380e+00 1.210348e+00
      vertex 1.230186e+00 -1.107664e+00 1.122374e+00
    endloop
  endfacet
  facet normal -6.314837e-01 5.113654e-01 -5.828668e-01
    outer loop
      vertex 1.183225e+00 -1.065380e+00 1.210348e+00
      vertex 1.288106e+00 -9.358635e-01 1.210348e+00
      vertex 1.230186e+00 -1.107664e+00 1.122374e+00
    endloop
  endfacet
  facet normal -6.314837e-01 5.113654e-01 -5.828668e-01
    outer loop
      vertex 1.230186e+00 -1.107664e+00 1.122374e+00
      vertex 1.288106e+00 -9.358635e-01 1.210348e+00
      vertex 1.339229e+00 -9.730068e-01 1.122374e+00
    endloop
  endfacet
  facet normal -6.814766e-01 4.425561e-01 -5.828668e-01
    outer loop
      vertex 1.288106e+00 -9.358635e-01 1.210348e+00
      vertex 1.378874e+00 -7.960931e-01 1.210348e+00
      vertex 1.339229e+00 -9.730068e-01 1.122374e+00
    endloop
  endfacet
  facet normal -6.814766e-01 4.425561e-01 -5.828668e-01
    outer loop
      vertex 1.339229e+00 -9.730068e-01 1.122374e+00
      vertex 1.378874e+00 -7.960931e-01 1.210348e+00
      vertex 1.433599e+00 -8.276890e-01 1.122374e+00
    endloop
  endfacet
  facet normal -7.240031e-01 3.688980e-01 -5.828668e-01
    outer loop
      vertex 1.378874e+00 -7.960931e-01 1.210348e+00
      vertex 1.454534e+00 -6.476004e-01 1.210348e+00
      vertex 1.433599e+00 -8.276890e-01 1.122374e+00
    endloop
  endfacet
  facet normal -7.240031e-01 3.688980e-01 -5.828668e-01
    outer loop
      vertex 1.433599e+00 -8.276890e-01 1.122374e+00
      vertex 1.454534e+00 -6.476004e-01 1.210348e+00
      vertex 1.512263e+00 -6.733029e-01 1.122374e+00
    endloop
  endfacet
  facet normal -7.585973e-01 2.911982e-01 -5.828668e-01
    outer loop
      vertex 1.454534e+00 -6.476004e-01 1.210348e+00
      vertex 1.514259e+00 -4.920126e-01 1.210348e+00
      vertex 1.512263e+00 -6.733029e-01 1.122374e+00
    endloop
  endfacet
  facet normal -7.585973e-01 2.911982e-01 -5.828668e-01
    outer loop
      vertex 1.512263e+00 -6.733029e-01 1.122374e+00
      vertex 1.514259e+00 -4.920126e-01 1.210348e+00
      vertex 1.574358e+00 -5.115399e-01 1.122374e+00
    endloop
  endfacet
  facet normal -7.848801e-01 2.103080e-01 -5.828668e-01
    outer loop
      vertex 1.514259e+00 -4.920126e-01 1.210348e+00
      vertex 1.557393e+00 -3.310341e-01 1.210348e+00
      vertex 1.574358e+00 -5.115399e-01 1.122374e+00
    endloop
  endfacet
  facet normal -7.848801e-01 2.103080e-01 -5.828668e-01
    outer loop
      vertex 1.574358e+00 -5.115399e-01 1.122374e+00
      vertex 1.557393e+00 -3.310341e-01 1.210348e+00
      vertex 1.619204e+00 -3.441724e-01 1.122374e+00
    endloop
  endfacet
  facet normal -8.025637e-01 1.271136e-01 -5.828668e-01
    outer loop
      vertex 1.557393e+00 -3.310341e-01 1.210348e+00
      vertex 1.583464e+00 -1.664288e-01 1.210348e+00
      vertex 1.619204e+00 -3.441724e-01 1.122374e+00
    endloop
  endfacet
  facet normal -8.025637e-01 1.271136e-01 -5.828668e-01
    outer loop
      vertex 1.619204e+00 -3.441724e-01 1.122374e+00
      vertex 1.583464e+00 -1.664288e-01 1.210348e+00
      vertex 1.646310e+00 -1.730341e-01 1.122374e+00
    endloop
  endfacet
  facet normal -8.114541e-01 4.252651e-02 -5.828668e-01
    outer loop
      vertex 1.583464e+00 -1.664288e-01 1.210348e+00
      vertex 1.592186e+00 0.000000e+00 1.210348e+00
      vertex 1.646310e+00 -1.730341e-01 1.122374e+00
    endloop
  endfacet
  facet normal -8.114541e-01 4.252651e-02 -5.828668e-01
    outer loop
      vertex 1.646310e+00 -1.730341e-01 1.122374e+00
      vertex 1.592186e+00 0.000000e+00 1.210348e+00
      vertex 1.655378e+00 0.000000e+00 1.122374e+00
    endloop
  endfacet
  facet normal -8.417618e-01 -4.411487e-02 -5.380436e-01
    outer loop
      vertex 1.655378e+00 0.000000e+00 1.122374e+00
      vertex 1.646310e+00 1.730341e-01 1.122374e+00
      vertex 1.713714e+00 0.000000e+00 1.031108e+00
    endloop
  endfacet
  facet normal -8.417618e-01 -4.411487e-02 -5.380436e-01
    outer loop
      vertex 1.713714e+00 0.000000e+00 1.031108e+00
      vertex 1.646310e+00 1.730341e-01 1.122374e+00
      vertex 1.704326e+00 1.791319e-01 1.031108e+00
    endloop
  endfacet
  facet normal -8.325393e-01 -1.318613e-01 -5.380436e-01
    outer loop
      vertex 1.646310e+00 1.730341e-01 1.122374e+00
      vertex 1.619204e+00 3.441724e-01 1.122374e+00
      vertex 1.704326e+00 1.791319e-01 1.031108e+00
    endloop
  endfacet
  facet normal -8.325393e-01 -1.318613e-01 -5.380436e-01
    outer loop
      vertex 1.704326e+00 1.791319e-01 1.031108e+00
      vertex 1.619204e+00 3.441724e-01 1.122374e+00
      vertex 1.676266e+00 3.563012e-01 1.031108e+00
    endloop
  endfacet
  facet normal -8.141953e-01 -2.181630e-01 -5.380436e-01
    outer loop
      vertex 1.619204e+00 3.441724e-01 1.122374e+00
      vertex 1.574358e+00 5.115399e-01 1.122374e+00
      vertex 1.676266e+00 3.563012e-01 1.031108e+00
    endloop
  endfacet
  facet normal -8.141953e-01 -2.181630e-01 -5.380436e-01
    outer loop
      vertex 1.676266e+00 3.563012e-01 1.031108e+00
      vertex 1.574358e+00 5.115399e-01 1.122374e+00
      vertex 1.629839e+00 5.295669e-01 1.031108e+00
    endloop
  endfacet
  facet normal -7.869308e-01 -3.020744e-01 -5.380436e-01
    outer loop
      vertex 1.574358e+00 5.115399e-01 1.122374e+00
      vertex 1.512263e+00 6.733029e-01 1.122374e+00
      vertex 1.629839e+00 5.295669e-01 1.031108e+00
    endloop
  endfacet
  facet normal -7.869308e-01 -3.020744e-01 -5.380436e-01
    outer loop
      vertex 1.629839e+00 5.295669e-01 1.031108e+00
      vertex 1.512263e+00 6.733029e-01 1.122374e+00
      vertex 1.565556e+00 6.970304e-01 1.031108e+00
    endloop
  endfacet
  facet normal -7.510445e-01 -3.826763e-01 -5.380436e-01
    outer loop
      vertex 1.512263e+00 6.733029e-01 1.122374e+00
      vertex 1.433599e+00 8.276890e-01 1.122374e+00
      vertex 1.565556e+00 6.970304e-01 1.031108e+00
    endloop
  endfacet
  facet normal -7.510445e-01 -3.826763e-01 -5.380436e-01
    outer loop
      vertex 1.565556e+00 6.970304e-01 1.031108e+00
      vertex 1.433599e+00 8.276890e-01 1.122374e+00
      vertex 1.484120e+00 8.568572e-01 1.031108e+00
    endloop
  endfacet
  facet normal -7.069297e-01 -4.590855e-01 -5.380436e-01
    outer loop
      vertex 1.433599e+00 8.276890e-01 1.122374e+00
      vertex 1.339229e+00 9.730068e-01 1.122374e+00
      vertex 1.484120e+00 8.568572e-01 1.031108e+00
    endloop
  endfacet
  facet normal -7.069297e-01 -4.590855e-01 -5.380436e-01
    outer loop
      vertex 1.484120e+00 8.568572e-01 1.031108e+00
      vertex 1.339229e+00 9.730068e-01 1.122374e+00
      vertex 1.386424e+00 1.007296e+00 1.031108e+00
    endloop
  endfacet
  facet normal -6.550695e-01 -5.304648e-01 -5.380436e-01
    outer loop
      vertex 1.339229e+00 9.730068e-01 1.122374e+00
      vertex 1.230186e+00 1.107664e+00 1.122374e+00
      vertex 1.386424e+00 1.007296e+00 1.031108e+00
    endloop
  endfacet
  facet normal -6.550695e-01 -5.304648e-01 -5.380436e-01
    outer loop
      vertex 1.386424e+00 1.007296e+00 1.031108e+00
      vertex 1.230186e+00 1.107664e+00 1.122374e+00
      vertex 1.273538e+00 1.146699e+00 1.031108e+00
    endloop
  endfacet
  facet normal -5.960323e-01 -5.960323e-01 -5.380436e-01
    outer loop
      vertex 1.230186e+00 1.107664e+00 1.122374e+00
      vertex 1.107664e+00 1.230186e+00 1.122374e+00
      vertex 1.273538e+00 1.146699e+00 1.031108e+00
    endloop
  endfacet
  facet normal -5.960323e-01 -5.960323e-01 -5.380436e-01
    outer loop
      vertex 1.273538e+00 1.146699e+00 1.031108e+00
      vertex 1.107664e+00 1.230186e+00 1.122374e+00
      vertex 1.146699e+00 1.273538e+00 1.031108e+00
    endloop
  endfacet
  facet normal -5.304648e-01 -6.550695e-01 -5.380436e-01
    outer loop
      vertex 1.107664e+00 1.230186e+00 1.122374e+00
      vertex 9.730068e-01 1.339229e+00 1.122374e+00
      vertex 1.146699e+00 1.273538e+00 1.031108e+00
    endloop
  endfacet
  facet normal -5.304648e-01 -6.550695e-01 -5.380436e-01
    outer loop
      vertex 1.146699e+00 1.273538e+00 1.031108e+00
      vertex 9.730068e-01 1.339229e+00 1.122374e+00
      vertex 1.007296e+00 1.386424e+00 1.031108e+00
    endloop
  endfacet
  facet normal -4.590855e-01 -7.069297e-01 -5.380436e-01
    outer loop
      vertex 9.730068e-01 1.339229e+00 1.122374e+00
      vertex 8.276890e-01 1.433599e+00 1.122374e+00
      vertex 1.007296e+00 1.386424e+00 1.031108e+00
    endloop
  endfacet
  facet normal -4.590855e-01 -7.069297e-01 -5.380436e-01
    outer loop
      vertex 1.007296e+00 1.386424e+00 1.031108e+00
      vertex 8.276890e-01 1.433599e+00 1.122374e+00
      vertex 8.568572e-01 1.484120e+00 1.031108e+00
    endloop
  endfacet
  facet normal -3.826763e-01 -7.510445e-01 -5.380436e-01
    outer loop
      vertex 8.276890e-01 1.433599e+00 1.122374e+00
      vertex 6.733029e-01 1.512263e+00 1.122374e+00
      vertex 8.568572e-01 1.484120e+00 1.031108e+00
    endloop
  endfacet
  facet normal -3.826763e-01 -7.510445e-01 -5.380436e-01
    outer loop
      vertex 8.568572e-01 1.484120e+00 1.031108e+00
      vertex 6.733029e-01 1.512263e+00 1.122374e+00
      vertex 6.970304e-01 1.565556e+00 1.031108e+00
    endloop
  endfacet
  facet normal -3.020744e-01 -7.869308e-01 -5.380436e-01
    outer loop
      vertex 6.733029e-01 1.512263e+00 1.122374e+00
      vertex 5.115399e-01 1.574358e+00 1.122374e+00
      vertex 6.970304e-01 1.565556e+00 1.031108e+00
    endloop
  endfacet
  facet normal -3.020744e-01 -7.869308e-01 -5.380436e-01
    outer loop
      vertex 6.970304e-01 1.565556e+00 1.031108e+00
      vertex 5.115399e-01 1.574358e+00 1.122374e+00
      vertex 5.295669e-01 1.629839e+00 1.031108e+00
    endloop
  endfacet
  facet normal -2.181630e-01 -8.141953e-01 -5.380436e-01
    outer loop
      vertex 5.115399e-01 1.574358e+00 1.122374e+00
      vertex 3.441724e-01 1.619204e+00 1.122374e+00
      vertex 5.295669e-01 1.629839e+00 1.031108e+00
    endloop
  endfacet
  facet normal -2.181630e-01 -8.141953e-01 -5.380436e-01
    outer loop
      vertex 5.295669e-01 1.629839e+00 1.031108e+00
      vertex 3.441724e-01 1.619204e+00 1.122374e+00
      vertex 3.563012e-01 1.676266e+00 1.031108e+00
    endloop
  endfacet
  facet normal -1.318613e-01 -8.325393e-01 -5.380436e-01
    outer loop
      vertex 3.441724e-01 1.619204e+00 1.122374e+00
      vertex 1.730341e-01 1.646310e+00 1.122374e+00
      vertex 3.563012e-01 1.676266e+00 1.031108e+00
    endloop
  endfacet
  facet normal -1.318613e-01 -8.325393e-01 -5.380436e-01
    outer loop
      vertex 3.563012e-01 1.676266e+00 1.031108e+00
      vertex 1.730341e-01 1.646310e+00 1.122374e+00
      vertex 1.791319e-01 1.704326e+00 1.031108e+00
    endloop
  endfacet
  facet normal -4.411487e-02 -8.417618e-01 -5.380436e-01
    outer loop
      vertex 1.730341e-01 1.646310e+00 1.122374e+00
      vertex 1.013627e-16 1.655378e+00 1.122374e+00
      vertex 1.791319e-01 1.704326e+00 1.031108e+00
    endloop
  endfacet
  facet normal -4.411487e-02 -8.417618e-01 -5.380436e-01
    outer loop
      vertex 1.791319e-01 1.704326e+00 1.031108e+00
      vertex 1.013627e-16 1.655378e+00 1.122374e+00
      vertex 1.049347e-16 1.713714e+00 1.031108e+00
    endloop
  endfacet
  facet normal 4.411487e-02 -8.417618e-01 -5.380436e-01
    outer loop
      vertex 1.013627e-16 1.655378e+00 1.122374e+00
      vertex -1.730341e-01 1.646310e+00 1.122374e+00
      vertex 1.049347e-16 1.713714e+00 1.031108e+00
    endloop
  endfacet
  facet normal 4.411487e-02 -8.417618e-01 -5.380436e-01
    outer loop
      vertex 1.049347e-16 1.713714e+00 1.031108e+00
      vertex -1.730341e-01 1.646310e+00 1.122374e+00
      vertex -1.791319e-01 1.704326e+00 1.031108e+00
    endloop
  endfacet
  facet normal 1.318613e-01 -8.325393e-01 -5.380436e-01
    outer loop
      vertex -1.730341e-01 1.646310e+00 1.122374e+00
      vertex -3.441724e-01 1.619204e+00 1.122374e+00
      vertex -1.791319e-01 1.704326e+00 1.031108e+00
    endloop
  endfacet
  facet normal 1.318613e-01 -8.325393e-01 -5.380436e-01
    outer loop
      vertex -1.791319e-01 1.704326e+00 1.031108e+00
      vertex -3.441724e-01 1.619204e+00 1.122374e+00
      vertex -3.563012e-01 1.676266e+00 1.031108e+00
    endloop
  endfacet
  facet normal 2.181630e-01 -8.141953e-01 -5.380436e-01
    outer loop
      vertex -3.441724e-01 1.619204e+00 1.122374e+00
      vertex -5.115399e-01 1.574358e+00 1.122374e+00
      vertex -3.563012e-01 1.676266e+00 1.031108e+00
    endloop
  endfacet
  facet normal 2.181630e-01 -8.141953e-01 -5.380436e-01
    outer loop
      vertex -3.563012e-01 1.676266e+00 1.031108e+00
      vertex -5.115399e-01 1.574358e+00 1.122374e+00
      vertex -5.295669e-01 1.629839e+00 1.031108e+00
    endloop
  endfacet
  facet normal 3.020744e-01 -7.869308e-01 -5.380436e-01
    outer loop
      vertex -5.115399e-01 1.574358e+00 1.122374e+00
      vertex -6.733029e-01 1.512263e+00 1.122374e+00
      vertex -5.295669e-01 1.629839e+00 1.031108e+00
    endloop
  endfacet
  facet normal 3.020744e-01 -7.869308e-01 -5.380436e-01
    outer loop
      vertex -5.295669e-01 1.629839e+00 1.031108e+00
      vertex -6.733029e-01 1.512263e+00 1.122374e+00
      vertex -6.970304e-01 1.565556e+00 1.031108e+00
    endloop
  endfacet
  facet normal 3.826763e-01 -7.510445e-01 -5.380436e-01
    outer loop
      vertex -6.733029e-01 1.512263e+00 1.122374e+00
      vertex -8.276890e-01 1.433599e+00 1.122374e+00
      vertex -6.970304e-01 1.565556e+00 1.031108e+00
    endloop
  endfacet
  facet normal 3.826763e-01 -7.510445e-01 -5.380436e-01
    outer loop
      vertex -6.970304e-01 1.565556e+00 1.031108e+00
      vertex -8.276890e-01 1.433599e+00 1.122374e+00
      vertex -8.568572e-01 1.484120e+00 1.031108e+00
    endloop
  endfacet
  facet normal 4.590855e-01 -7.069297e-01 -5.380436e-01
    outer loop
      vertex -8.276890e-01 1.433599e+00 1.122374e+00
      vertex -9.730068e-01 1.339229e+00 1.122374e+00
      vertex -8.568572e-01 1.484120e+00 1.031108e+00
    endloop
  endfacet
  facet normal 4.590855e-01 -7.069297e-01 -5.380436e-01
    outer loop
      vertex -8.568572e-01 1.484120e+00 1.031108e+00
      vertex -9.730068e-01 1.339229e+00 1.122374e+00
      vertex -1.007296e+00 1.386424e+00 1.031108e+00
    endloop
  endfacet
  facet normal 5.304648e-01 -6.550695e-01 -5.380436e-01
    outer loop
      vertex -9.730068e-01 1.339229e+00 1.122374e+00
      vertex -1.107664e+00 1.230186e+00 1.122374e+00
      vertex -1.007296e+00 1.386424e+00 1.031108e+00
    endloop
  endfacet
  facet normal 5.304648e-01 -6.550695e-01 -5.380436e-01
    outer loop
      vertex -1.007296e+00 1.386424e+00 1.031108e+00
      vertex -1.107664e+00 1.230186e+00 1.122374e+00
      vertex -1.146699e+00 1.273538e+00 1.031108e+00
    endloop
  endfacet
  facet normal 5.960323e-01 -5.960323e-01 -5.380436e-01
    outer loop
      vertex -1.107664e+00 1.230186e+00 1.122374e+00
      vertex -1.230186e+00 1.107664e+00 1.122374e+00
      vertex -1.146699e+00 1.273538e+00 1.031108e+00
    endloop
  endfacet
  facet normal 5.960323e-01 -5.960323e-01 -5.380436e-01
    outer loop
      vertex -1.146699e+00 1.273538e+00 1.031108e+00
      vertex -1.230186e+00 1.107664e+00 1.122374e+00
      vertex -1.273538e+00 1.146699e+00 1.031108e+00
    endloop
  endfacet
  facet normal 6.550695e-01 -5.304648e-01 -5.380436e-01
    outer loop
      vertex -1.230186e+00 1.107664e+00 1.122374e+00
      vertex -1.339229e+00 9.730068e-01 1.122374e+00
      vertex -1.273538e+00 1.146699e+00 1.031108e+00
    endloop
  endfacet
  facet normal 6.550695e-01 -5.304648e-01 -5.380436e-01
    outer loop
      vertex -1.273538e+00 1.146699e+00 1.031108e+00
      vertex -1.339229e+00 9.730068e-01 1.122374e+00
      vertex -1.386424e+00 1.007296e+00 1.031108e+00
    endloop
  endfacet
  facet normal 7.069297e-01 -4.590855e-01 -5.380436e-01
    outer loop
      vertex -1.339229e+00 9.730068e-01 1.122374e+00
      vertex -1.433599e+00 8.276890e-01 1.122374e+00
      vertex -1.386424e+00 1.007296e+00 1.031108e+00
    endloop
  endfacet
  facet normal 7.069297e-01 -4.590855e-01 -5.380436e-01
    outer loop
      vertex -1.386424e+00 1.007296e+00 1.031108e+00
      vertex -1.433599e+00 8.276890e-01 1.122374e+00
      vertex -1.484120e+00 8.568572e-01 1.031108e+00
    endloop
  endfacet
  facet normal 7.510445e-01 -3.826763e-01 -5.380436e-01
    outer loop
      vertex -1.433599e+00 8.276890e-01 1.122374e+00
      vertex -1.512263e+00 6.733029e-01 1.122374e+00
      vertex -1.484120e+00 8.568572e-01 1.031108e+00
    endloop
  endfacet
  facet normal 7.510445e-01 -3.826763e-01 -5.380436e-01
    outer loop
      vertex -1.484120e+00 8.568572e-01 1.031108e+00
      vertex -1.512263e+00 6.733029e-01 1.122374e+00
      vertex -1.565556e+00 6.970304e-01 1.031108e+00
    endloop
  endfacet
  facet normal 7.869308e-01 -3.020744e-01 -5.380436e-01
    outer loop
      vertex -1.512263e+00 6.733029e-01 1.122374e+00
      vertex -1.574358e+00 5.115399e-01 1.122374e+00
      vertex -1.565556e+00 6.970304e-01 1.031108e+00
    endloop
  endfacet
  facet normal 7.869308e-01 -3.020744e-01 -5.380436e-01
    outer loop
      vertex -1.565556e+00 6.970304e-01 1.031108e+00
      vertex -1.574358e+00 5.115399e-01 1.122374e+00
      vertex -1.629839e+00 5.295669e-01 1.031108e+00
    endloop
  endfacet
  facet normal 8.141953e-01 -2.181630e-01 -5.380436e-01
    outer loop
      vertex -1.574358e+00 5.115399e-01 1.122374e+00
      vertex -1.619204e+00 3.441724e-01 1.122374e+00
      vertex -1.629839e+00 5.295669e-01 1.031108e+00
    endloop
  endfacet
  facet normal 8.141953e-01 -2.181630e-01 -5.380436e-01
    outer loop
      vertex -1.629839e+00 5.295669e-01 1.031108e+00
      vertex -1.619204e+00 3.441724e-01 1.122374e+00
      vertex -1.676266e+00 3.563012e-01 1.031108e+00
    endloop
  endfacet
  facet normal 8.325393e-01 -1.318613e-01 -5.380436e-01
    outer loop
      vertex -1.619204e+00 3.441724e-01 1.122374e+00
      vertex -1.646310e+00 1.730341e-01 1.122374e+00
      vertex -1.676266e+00 3.563012e-01 1.031108e+00
    endloop
  endfacet
  facet normal 8.325393e-01 -1.318613e-01 -5.380436e-01
    outer loop
      vertex -1.676266e+00 3.563012e-01 1.031108e+00
      vertex -1.646310e+00 1.730341e-01 1.122374e+00
      vertex -1.704326e+00 1.791319e-01 1.031108e+00
    endloop
  endfacet
  facet normal 8.417618e-01 -4.411487e-02 -5.380436e-01
    outer loop
      vertex -1.646310e+00 1.730341e-01 1.122374e+00
      vertex -1.655378e+00 2.027253e-16 1.122374e+00
      vertex -1.704326e+00 1.791319e-01 1.031108e+00
    endloop
  endfacet
  facet normal 8.417618e-01 -4.411487e-02 -5.380436e-01
    outer loop
      vertex -1.704326e+00 1.791319e-01 1.031108e+00
      vertex -1.655378e+00 2.027253e-16 1.122374e+00
      vertex -1.713714e+00 2.098695e-16 1.031108e+00
    endloop
  endfacet
  facet normal 8.417618e-01 4.411487e-02 -5.380436e-01
    outer loop
      vertex -1.655378e+00 2.027253e-16 1.122374e+00
      vertex -1.646310e+00 -1.730341e-01 1.122374e+00
      vertex -1.713714e+00 2.098695e-16 1.031108e+00
    endloop
  endfacet
  facet normal 8.417618e-01 4.411487e-02 -5.380436e-01
    outer loop
      vertex -1.713714e+00 2.098695e-16 1.031108e+00
      vertex -1.646310e+00 -1.730341e-01 1.122374e+00
      vertex -1.704326e+00 -1.791319e-01 1.031108e+00
    endloop
  endfacet
  facet normal 8.325393e-01 1.318613e-01 -5.380436e-01
    outer loop
      vertex -1.646310e+00 -1.730341e-01 1.122374e+00
      vertex -1.619204e+00 -3.441724e-01 1.122374e+00
      vertex -1.704326e+00 -1.791319e-01 1.031108e+00
    endloop
  endfacet
  facet normal 8.325393e-01 1.318613e-01 -5.380436e-01
    outer loop
      vertex -1.704326e+00 -1.791319e-01 1.031108e+00
      vertex -1.619204e+00 -3.441724e-01 1.122374e+00
      vertex -1.676266e+00 -3.563012e-01 1.031108e+00
    endloop
  endfacet
  facet normal 8.141953e-01 2.181630e-01 -5.380436e-01
    outer loop
      vertex -1.619204e+00 -3.441724e-01 1.122374e+00
      vertex -1.574358e+00 -5.115399e-01 1.122374e+00
      vertex -1.676266e+00 -3.563012e-01 1.031108e+00
    endloop
  endfacet
  facet normal 8.141953e-01 2.181630e-01 -5.380436e-01
    outer loop
      vertex -1.676266e+00 -3.563012e-01 1.031108e+00
      vertex -1.574358e+00 -5.115399e-01 1.122374e+00
      vertex -1.629839e+00 -5.295669e-01 1.031108e+00
    endloop
  endfacet
  facet normal 7.869308e-01 3.020744e-01 -5.380436e-01
    outer loop
      vertex -1.574358e+00 -5.115399e-01 1.122374e+00
      vertex -1.512263e+00 -6.733029e-01 1.122374e+00
      vertex -1.629839e+00 -5.295669e-01 1.031108e+00
    endloop
  endfacet
  facet normal 7.869308e-01 3.020744e-01 -5.380436e-01
    outer loop
      vertex -1.629839e+00 -5.295669e-01 1.031108e+00
      vertex -1.512263e+00 -6.733029e-01 1.122374e+00
      vertex -1.565556e+00 -6.970304e-01 1.031108e+00
    endloop
  endfacet
  facet normal 7.510445e-01 3.826763e-01 -5.380436e-01
    outer loop
      vertex -1.512263e+00 -6.733029e-01 1.122374e+00
      vertex -1.433599e+00 -8.276890e-01 1.122374e+00
      vertex -1.565556e+00 -6.970304e-01 1.031108e+00
    endloop
  endfacet
  facet normal 7.510445e-01 3.826763e-01 -5.380436e-01
    outer loop
      vertex -1.565556e+00 -6.970304e-01 1.031108e+00
      vertex -1.433599e+00 -8.276890e-01 1.122374e+00
      vertex -1.484120e+00 -8.568572e-01 1.031108e+00
    endloop
  endfacet
  facet normal 7.069297e-01 4.590855e-01 -5.380436e-01
    outer loop
      vertex -1.433599e+00 -8.276890e-01 1.122374e+00
      vertex -1.339229e+00 -9.730068e-01 1.122374e+00
      vertex -1.484120e+00 -8.568572e-01 1.031108e+00
    endloop
  endfacet
  facet normal 7.069297e-01 4.590855e-01 -5.380436e-01
    outer loop
      vertex -1.484120e+00 -8.568572e-01 1.031108e+00
      vertex -1.339229e+00 -9.730068e-01 1.122374e+00
      vertex -1.386424e+00 -1.007296e+00 1.031108e+00
    endloop
  endfacet
  facet normal 6.550695e-01 5.304648e-01 -5.380436e-01
    outer loop
      vertex -1.339229e+00 -9.730068e-01 1.122374e+00
      vertex -1.230186e+00 -1.107664e+00 1.122374e+00
      vertex -1.386424e+00 -1.007296e+00 1.031108e+00
    endloop
  endfacet
  facet normal 6.550695e-01 5.304648e-01 -5.380436e-01
    outer loop
      vertex -1.386424e+00 -1.007296e+00 1.031108e+00
      vertex -1.230186e+00 -1.107664e+00 1.122374e+00
      vertex -1.273538e+00 -1.146699e+00 1.031108e+00
    endloop
  endfacet
  facet normal 5.960323e-01 5.960323e-01 -5.380436e-01
    outer loop
      vertex -1.230186e+00 -1.107664e+00 1.122374e+00
      vertex -1.107664e+00 -1.230186e+00 1.122374e+00
      vertex -1.273538e+00 -1.146699e+00 1.031108e+00
    endloop
  endfacet
  facet normal 5.960323e-01 5.960323e-01 -5.380436e-01
    outer loop
      vertex -1.273538e+00 -1.146699e+00 1.031108e+00
      vertex -1.107664e+00 -1.230186e+00 1.122374e+00
      vertex -1.146699e+00 -1.273538e+00 1.031108e+00
    endloop
  endfacet
  facet normal 5.304648e-01 6.550695e-01 -5.380436e-01
    outer loop
      vertex -1.107664e+00 -1.230186e+00 1.122374e+00
      vertex -9.730068e-01 -1.339229e+00 1.122374e+00
      vertex -1.146699e+00 -1.273538e+00 1.031108e+00
    endloop
  endfacet
  facet normal 5.304648e-01 6.550695e-01 -5.380436e-01
    outer loop
      vertex -1.146699e+00 -1.273538e+00 1.031108e+00
      vertex -9.730068e-01 -1.339229e+00 1.122374e+00
      vertex -1.007296e+00 -1.386424e+00 1.031108e+00
    endloop
  endfacet
  facet normal 4.590855e-01 7.069297e-01 -5.380436e-01
    outer loop
      vertex -9.730068e-01 -1.339229e+00 1.122374e+00
      vertex -8.276890e-01 -1.433599e+00 1.122374e+00
      vertex -1.007296e+00 -1.386424e+00 1.031108e+00
    endloop
  endfacet
  facet normal 4.590855e-01 7.069297e-01 -5.380436e-01
    outer loop
      vertex -1.007296e+00 -1.386424e+00 1.031108e+00
      vertex -8.276890e-01 -1.433599e+00 1.122374e+00
      vertex -8.568572e-01 -1.484120e+00 1.031108e+00
    endloop
  endfacet
  facet normal 3.826763e-01 7.510445e-01 -5.380436e-01
    outer loop
      vertex -8.276890e-01 -1.433599e+00 1.122374e+00
      vertex -6.733029e-01 -1.512263e+00 1.122374e+00
      vertex -8.568572e-01 -1.484120e+00 1.031108e+00
    endloop
  endfacet
  facet normal 3.826763e-01 7.510445e-01 -5.380436e-01
    outer loop
      vertex -8.568572e-01 -1.484120e+00 1.031108e+00
      vertex -6.733029e-01 -1.512263e+00 1.122374e+00
      vertex -6.970304e-01 -1.565556e+00 1.031108e+00
    endloop
  endfacet
  facet normal 3.020744e-01 7.869308e-01 -5.380436e-01
    outer loop
      vertex -6.733029e-01 -1.512263e+00 1.122374e+00
      vertex -5.115399e-01 -1.574358e+00 1.122374e+00
      vertex -6.970304e-01 -1.565556e+00 1.031108e+00
    endloop
  endfacet
  facet normal 3.020744e-01 7.869308e-01 -5.380436e-01
    outer loop
      vertex -6.970304e-01 -1.565556e+00 1.031108e+00
      vertex -5.115399e-01 -1.574358e+00 1.122374e+00
      vertex -5.295669e-01 -1.629839e+00 1.031108e+00
    endloop
  endfacet
  facet normal 2.181630e-01 8.141953e-01 -5.380436e-01
    outer loop
      vertex -5.115399e-01 -1.574358e+00 1.122374e+00
      vertex -3.441724e-01 -1.619204e+00 1.122374e+00
      vertex -5.295669e-01 -1.629839e+00 1.031108e+00
    endloop
  endfacet
  facet normal 2.181630e-01 8.141953e-01 -5.380436e-01
    outer loop
      vertex -5.295669e-01 -1.629839e+00 1.031108e+00
      vertex -3.441724e-01 -1.619204e+00 1.122374e+00
      vertex -3.563012e-01 -1.676266e+00 1.031108e+00
    endloop
  endfacet
  facet normal 1.318613e-01 8.325393e-01 -5.380436e-01
    outer loop
      vertex -3.441724e-01 -1.619204e+00 1.122374e+00
      vertex -1.730341e-01 -1.646310e+00 1.122374e+00
      vertex -3.563012e-01 -1.676266e+00 1.031108e+00
    endloop
  endfacet
  facet normal 1.318613e-01 8.325393e-01 -5.380436e-01
    outer loop
      vertex -3.563012e-01 -1.676266e+00 1.031108e+00
      vertex -1.730341e-01 -1.646310e+00 1.122374e+00
      vertex -1.791319e-01 -1.704326e+00 1.031108e+00
    endloop
  endfacet
  facet normal 4.411487e-02 8.417618e-01 -5.380436e-01
    outer loop
      vertex -1.730341e-01 -1.646310e+00 1.122374e+00
      vertex -3.040880e-16 -1.655378e+00 1.122374e+00
      vertex -1.791319e-01 -1.704326e+00 1.031108e+00
    endloop
  endfacet
  facet normal 4.411487e-02 8.417618e-01 -5.380436e-01
    outer loop
      vertex -1.791319e-01 -1.704326e+00 1.031108e+00
      vertex -3.040880e-16 -1.655378e+00 1.122374e+00
      vertex -3.148042e-16 -1.713714e+00 1.031108e+00
    endloop
  endfacet
  facet normal -4.411487e-02 8.417618e-01 -5.380436e-01
    outer loop
      vertex -3.040880e-16 -1.655378e+00 1.122374e+00
      vertex 1.730341e-01 -1.646310e+00 1.122374e+00
      vertex -3.148042e-16 -1.713714e+00 1.031108e+00
    endloop
  endfacet
  facet normal -4.411487e-02 8.417618e-01 -5.380436e-01
    outer loop
      vertex -3.148042e-16 -1.713714e+00 1.031108e+00
      vertex 1.730341e-01 -1.646310e+00 1.122374e+00
      vertex 1.791319e-01 -1.704326e+00 1.031108e+00
    endloop
  endfacet
  facet normal -1.318613e-01 8.325393e-01 -5.380436e-01
    outer loop
      vertex 1.730341e-01 -1.646310e+00 1.122374e+00
      vertex 3.441724e-01 -1.619204e+00 1.122374e+00
      vertex 1.791319e-01 -1.704326e+00 1.031108e+00
    endloop
  endfacet
  facet normal -1.318613e-01 8.325393e-01 -5.380436e-01
    outer loop
      vertex 1.791319e-01 -1.704326e+00 1.031108e+00
      vertex 3.441724e-01 -1.619204e+00 1.122374e+00
      vertex 3.563012e-01 -1.676266e+00 1.031108e+00
    endloop
  endfacet
  facet normal -2.181630e-01 8.141953e-01 -5.380436e-01
    outer loop
      vertex 3.441724e-01 -1.619204e+00 1.122374e+00
      vertex 5.115399e-01 -1.574358e+00 1.122374e+00
      vertex 3.563012e-01 -1.676266e+00 1.031108e+00
    endloop
  endfacet
  facet normal -2.181630e-01 8.141953e-01 -5.380436e-01
    outer loop
      vertex 3.563012e-01 -1.676266e+00 1.031108e+00
      vertex 5.115399e-01 -1.574358e+00 1.122374e+00
      vertex 5.295669e-01 -1.629839e+00 1.031108e+00
    endloop
  endfacet
  facet normal -3.020744e-01 7.869308e-01 -5.380436e-01
    outer loop
      vertex 5.115399e-01 -1.574358e+00 1.122374e+00
      vertex 6.733029e-01 -1.512263e+00 1.122374e+00
      vertex 5.295669e-01 -1.629839e+00 1.031108e+00
    endloop
  endfacet
  facet normal -3.020744e-01 7.869308e-01 -5.380436e-01
    outer loop
      vertex 5.295669e-01 -1.629839e+00 1.031108e+00
      vertex 6.733029e-01 -1.512263e+00 1.122374e+00
      vertex 6.970304e-01 -1.565556e+00 1.031108e+00
    endloop
  endfacet
  facet normal -3.826763e-01 7.510445e-01 -5.380436e-01
    outer loop
      vertex 6.733029e-01 -1.512263e+00 1.122374e+00
      vertex 8.276890e-01 -1.433599e+00 1.122374e+00
      vertex 6.970304e-01 -1.565556e+00 1.031108e+00
    endloop
  endfacet
  facet normal -3.826763e-01 7.510445e-01 -5.380436e-01
    outer loop
      vertex 6.970304e-01 -1.565556e+00 1.031108e+00
      vertex 8.276890e-01 -1.433599e+00 1.122374e+00
      vertex 8.568572e-01 -1.484120e+00 1.031108e+00
    endloop
  endfacet
  facet normal -4.590855e-01 7.069297e-01 -5.380436e-01
    outer loop
      vertex 8.276890e-01 -1.433599e+00 1.122374e+00
      vertex 9.730068e-01 -1.339229e+00 1.122374e+00
      vertex 8.568572e-01 -1.484120e+00 1.031108e+00
    endloop
  endfacet
  facet normal -4.590855e-01 7.069297e-01 -5.380436e-01
    outer loop
      vertex 8.568572e-01 -1.484120e+00 1.031108e+00
      vertex 9.730068e-01 -1.339229e+00 1.122374e+00
      vertex 1.007296e+00 -1.386424e+00 1.031108e+00
    endloop
  endfacet
  facet normal -5.304648e-01 6.550695e-01 -5.380436e-01
    outer loop
      vertex 9.730068e-01 -1.339229e+00 1.122374e+00
      vertex 1.107664e+00 -1.230186e+00 1.122374e+00
      vertex 1.007296e+00 -1.386424e+00 1.031108e+00
    endloop
  endfacet
  facet normal -5.304648e-01 6.550695e-01 -5.380436e-01
    outer loop
      vertex 1.007296e+00 -1.386424e+00 1.031108e+00
      vertex 1.107664e+00 -1.230186e+00 1.122374e+00
      vertex 1.146699e+00 -1.273538e+00 1.031108e+00
    endloop
  endfacet
  facet normal -5.960323e-01 5.960323e-01 -5.380436e-01
    outer loop
      vertex 1.107664e+00 -1.230186e+00 1.122374e+00
      vertex 1.230186e+00 -1.107664e+00 1.122374e+00
      vertex 1.146699e+00 -1.273538e+00 1.031108e+00
    endloop
  endfacet
  facet normal -5.960323e-01 5.960323e-01 -5.380436e-01
    outer loop
      vertex 1.146699e+00 -1.273538e+00 1.031108e+00
      vertex 1.230186e+00 -1.107664e+00 1.122374e+00
      vertex 1.273538e+00 -1.146699e+00 1.031108e+00
    endloop
  endfacet
  facet normal -6.550695e-01 5.304648e-01 -5.380436e-01
    outer loop
      vertex 1.230186e+00 -1.107664e+00 1.122374e+00
      vertex 1.339229e+00 -9.730068e-01 1.122374e+00
      vertex 1.273538e+00 -1.146699e+00 1.031108e+00
    endloop
  endfacet
  facet normal -6.550695e-01 5.304648e-01 -5.380436e-01
    outer loop
      vertex 1.273538e+00 -1.146699e+00 1.031108e+00
      vertex 1.339229e+00 -9.730068e-01 1.122374e+00
      vertex 1.386424e+00 -1.007296e+00 1.031108e+00
    endloop
  endfacet
  facet normal -7.069297e-01 4.590855e-01 -5.380436e-01
    outer loop
      vertex 1.339229e+00 -9.730068e-01 1.122374e+00
      vertex 1.433599e+00 -8.276890e-01 1.122374e+00
      vertex 1.386424e+00 -1.007296e+00 1.031108e+00
    endloop
  endfacet
  facet normal -7.069297e-01 4.590855e-01 -5.380436e-01
    outer loop
      vertex 1.386424e+00 -1.007296e+00 1.031108e+00
      vertex 1.433599e+00 -8.276890e-01 1.122374e+00
      vertex 1.484120e+00 -8.568572e-01 1.031108e+00
    endloop
  endfacet
  facet normal -7.510445e-01 3.826763e-01 -5.380436e-01
    outer loop
      vertex 1.433599e+00 -8.276890e-01 1.122374e+00
      vertex 1.512263e+00 -6.733029e-01 1.122374e+00
      vertex 1.484120e+00 -8.568572e-01 1.031108e+00
    endloop
  endfacet
  facet normal -7.510445e-01 3.826763e-01 -5.380436e-01
    outer loop
      vertex 1.484120e+00 -8.568572e-01 1.031108e+00
      vertex 1.512263e+00 -6.733029e-01 1.122374e+00
      vertex 1.565556e+00 -6.970304e-01 1.031108e+00
    endloop
  endfacet
  facet normal -7.869308e-01 3.020744e-01 -5.380436e-01
    outer loop
      vertex 1.512263e+00 -6.733029e-01 1.122374e+00
      vertex 1.574358e+00 -5.115399e-01 1.122374e+00
      vertex 1.565556e+00 -6.970304e-01 1.031108e+00
    endloop
  endfacet
  facet normal -7.869308e-01 3.020744e-01 -5.380436e-01
    outer loop
      vertex 1.565556e+00 -6.970304e-01 1.031108e+00
      vertex 1.574358e+00 -5.115399e-01 1.122374e+00
      vertex 1.629839e+00 -5.295669e-01 1.031108e+00
    endloop
  endfacet
  facet normal -8.141953e-01 2.181630e-01 -5.380436e-01
    outer loop
      vertex 1.574358e+00 -5.115399e-01 1.122374e+00
      vertex 1.619204e+00 -3.441724e-01 1.122374e+00
      vertex 1.629839e+00 -5.295669e-01 1.031108e+00
    endloop
  endfacet
  facet normal -8.141953e-01 2.181630e-01 -5.380436e-01
    outer loop
      vertex 1.629839e+00 -5.295669e-01 1.031108e+00
      vertex 1.619204e+00 -3.441724e-01 1.122374e+00
      vertex 1.676266e+00 -3.563012e-01 1.031108e+00
    endloop
  endfacet
  facet normal -8.325393e-01 1.318613e-01 -5.380436e-01
    outer loop
      vertex 1.619204e+00 -3.441724e-01 1.122374e+00
      vertex 1.646310e+00 -1.730341e-01 1.122374e+00
      vertex 1.676266e+00 -3.563012e-01 1.031108e+00
    endloop
  endfacet
  facet normal -8.325393e-01 1.318613e-01 -5.380436e-01
    outer loop
      vertex 1.676266e+00 -3.563012e-01 1.031108e+00
      vertex 1.646310e+00 -1.730341e-01 1.122374e+00
      vertex 1.704326e+00 -1.791319e-01 1.031108e+00
    endloop
  endfacet
  facet normal -8.417618e-01 4.411487e-02 -5.380436e-01
    outer loop
      vertex 1.646310e+00 -1.730341e-01 1.122374e+00
      vertex 1.655378e+00 0.000000e+00 1.122374e+00
      vertex 1.704326e+00 -1.791319e-01 1.031108e+00
    endloop
  endfacet
  facet normal -8.417618e-01 4.411487e-02 -5.380436e-01
    outer loop
      vertex 1.704326e+00 -1.791319e-01 1.031108e+00
      vertex 1.655378e+00 0.000000e+00 1.122374e+00
      vertex 1.713714e+00 0.000000e+00 1.031108e+00
    endloop
  endfacet
  facet normal -8.695994e-01 -4.557377e-02 -4.916503e-01
    outer loop
      vertex 1.713714e+00 0.000000e+00 1.031108e+00
      vertex 1.704326e+00 1.791319e-01 1.031108e+00
      vertex 1.767024e+00 0.000000e+00 9.368169e-01
    endloop
  endfacet
  facet normal -8.695994e-01 -4.557377e-02 -4.916503e-01
    outer loop
      vertex 1.767024e+00 0.000000e+00 9.368169e-01
      vertex 1.704326e+00 1.791319e-01 1.031108e+00
      vertex 1.757344e+00 1.847043e-01 9.368169e-01
    endloop
  endfacet
  facet normal -8.600718e-01 -1.362220e-01 -4.916503e-01
    outer loop
      vertex 1.704326e+00 1.791319e-01 1.031108e+00
      vertex 1.676266e+00 3.563012e-01 1.031108e+00
      vertex 1.757344e+00 1.847043e-01 9.368169e-01
    endloop
  endfacet
  facet normal -8.600718e-01 -1.362220e-01 -4.916503e-01
    outer loop
      vertex 1.757344e+00 1.847043e-01 9.368169e-01
      vertex 1.676266e+00 3.563012e-01 1.031108e+00
      vertex 1.728410e+00 3.673850e-01 9.368169e-01
    endloop
  endfacet
  facet normal -8.411212e-01 -2.253777e-01 -4.916503e-01
    outer loop
      vertex 1.676266e+00 3.563012e-01 1.031108e+00
      vertex 1.629839e+00 5.295669e-01 1.031108e+00
      vertex 1.728410e+00 3.673850e-01 9.368169e-01
    endloop
  endfacet
  facet normal -8.411212e-01 -2.253777e-01 -4.916503e-01
    outer loop
      vertex 1.728410e+00 3.673850e-01 9.368169e-01
      vertex 1.629839e+00 5.295669e-01 1.031108e+00
      vertex 1.680540e+00 5.460405e-01 9.368169e-01
    endloop
  endfacet
  facet normal -8.129551e-01 -3.120642e-01 -4.916503e-01
    outer loop
      vertex 1.629839e+00 5.295669e-01 1.031108e+00
      vertex 1.565556e+00 6.970304e-01 1.031108e+00
      vertex 1.680540e+00 5.460405e-01 9.368169e-01
    endloop
  endfacet
  facet normal -8.129551e-01 -3.120642e-01 -4.916503e-01
    outer loop
      vertex 1.680540e+00 5.460405e-01 9.368169e-01
      vertex 1.565556e+00 6.970304e-01 1.031108e+00
      vertex 1.614257e+00 7.187134e-01 9.368169e-01
    endloop
  endfacet
  facet normal -7.758820e-01 -3.953316e-01 -4.916503e-01
    outer loop
      vertex 1.565556e+00 6.970304e-01 1.031108e+00
      vertex 1.484120e+00 8.568572e-01 1.031108e+00
      vertex 1.614257e+00 7.187134e-01 9.368169e-01
    endloop
  endfacet
  facet normal -7.758820e-01 -3.953316e-01 -4.916503e-01
    outer loop
      vertex 1.614257e+00 7.187134e-01 9.368169e-01
      vertex 1.484120e+00 8.568572e-01 1.031108e+00
      vertex 1.530288e+00 8.835120e-01 9.368169e-01
    endloop
  endfacet
  facet normal -7.303083e-01 -4.742677e-01 -4.916503e-01
    outer loop
      vertex 1.484120e+00 8.568572e-01 1.031108e+00
      vertex 1.386424e+00 1.007296e+00 1.031108e+00
      vertex 1.530288e+00 8.835120e-01 9.368169e-01
    endloop
  endfacet
  facet normal -7.303083e-01 -4.742677e-01 -4.916503e-01
    outer loop
      vertex 1.530288e+00 8.835120e-01 9.368169e-01
      vertex 1.386424e+00 1.007296e+00 1.031108e+00
      vertex 1.429553e+00 1.038631e+00 9.368169e-01
    endloop
  endfacet
  facet normal -6.767331e-01 -5.480076e-01 -4.916503e-01
    outer loop
      vertex 1.386424e+00 1.007296e+00 1.031108e+00
      vertex 1.273538e+00 1.146699e+00 1.031108e+00
      vertex 1.429553e+00 1.038631e+00 9.368169e-01
    endloop
  endfacet
  facet normal -6.767331e-01 -5.480076e-01 -4.916503e-01
    outer loop
      vertex 1.429553e+00 1.038631e+00 9.368169e-01
      vertex 1.273538e+00 1.146699e+00 1.031108e+00
      vertex 1.313155e+00 1.182370e+00 9.368169e-01
    endloop
  endfacet
  facet normal -6.157435e-01 -6.157435e-01 -4.916503e-01
    outer loop
      vertex 1.273538e+00 1.146699e+00 1.031108e+00
      vertex 1.146699e+00 1.273538e+00 1.031108e+00
      vertex 1.313155e+00 1.182370e+00 9.368169e-01
    endloop
  endfacet
  facet normal -6.157435e-01 -6.157435e-01 -4.916503e-01
    outer loop
      vertex 1.313155e+00 1.182370e+00 9.368169e-01
      vertex 1.146699e+00 1.273538e+00 1.031108e+00
      vertex 1.182370e+00 1.313155e+00 9.368169e-01
    endloop
  endfacet
  facet normal -5.480076e-01 -6.767331e-01 -4.916503e-01
    outer loop
      vertex 1.146699e+00 1.273538e+00 1.031108e+00
      vertex 1.007296e+00 1.386424e+00 1.031108e+00
      vertex 1.182370e+00 1.313155e+00 9.368169e-01
    endloop
  endfacet
  facet normal -5.480076e-01 -6.767331e-01 -4.916503e-01
    outer loop
      vertex 1.182370e+00 1.313155e+00 9.368169e-01
      vertex 1.007296e+00 1.386424e+00 1.031108e+00
      vertex 1.038631e+00 1.429553e+00 9.368169e-01
    endloop
  endfacet
  facet normal -4.742677e-01 -7.303083e-01 -4.916503e-01
    outer loop
      vertex 1.007296e+00 1.386424e+00 1.031108e+00
      vertex 8.568572e-01 1.484120e+00 1.031108e+00
      vertex 1.038631e+00 1.429553e+00 9.368169e-01
    endloop
  endfacet
  facet normal -4.742677e-01 -7.303083e-01 -4.916503e-01
    outer loop
      vertex 1.038631e+00 1.429553e+00 9.368169e-01
      vertex 8.568572e-01 1.484120e+00 1.031108e+00
      vertex 8.835120e-01 1.530288e+00 9.368169e-01
    endloop
  endfacet
  facet normal -3.953316e-01 -7.758820e-01 -4.916503e-01
    outer loop
      vertex 8.568572e-01 1.484120e+00 1.031108e+00
      vertex 6.970304e-01 1.565556e+00 1.031108e+00
      vertex 8.835120e-01 1.530288e+00 9.368169e-01
    endloop
  endfacet
  facet normal -3.953316e-01 -7.758820e-01 -4.916503e-01
    outer loop
      vertex 8.835120e-01 1.530288e+00 9.368169e-01
      vertex 6.970304e-01 1.565556e+00 1.031108e+00
      vertex 7.187134e-01 1.614257e+00 9.368169e-01
    endloop
  endfacet
  facet normal -3.120642e-01 -8.129551e-01 -4.916503e-01
    outer loop
      vertex 6.970304e-01 1.565556e+00 1.031108e+00
      vertex 5.295669e-01 1.629839e+00 1.031108e+00
      vertex 7.187134e-01 1.614257e+00 9.368169e-01
    endloop
  endfacet
  facet normal -3.120642e-01 -8.129551e-01 -4.916503e-01
    outer loop
      vertex 7.187134e-01 1.614257e+00 9.368169e-01
      vertex 5.295669e-01 1.629839e+00 1.031108e+00
      vertex 5.460405e-01 1.680540e+00 9.368169e-01
    endloop
  endfacet
  facet normal -2.253777e-01 -8.411212e-01 -4.916503e-01
    outer loop
      vertex 5.295669e-01 1.629839e+00 1.031108e+00
      vertex 3.563012e-01 1.676266e+00 1.031108e+00
      vertex 5.460405e-01 1.680540e+00 9.368169e-01
    endloop
  endfacet
  facet normal -2.253777e-01 -8.411212e-01 -4.916503e-01
    outer loop
      vertex 5.460405e-01 1.680540e+00 9.368169e-01
      vertex 3.563012e-01 1.676266e+00 1.031108e+00
      vertex 3.673850e-01 1.728410e+00 9.368169e-01
    endloop
  endfacet
  facet normal -1.362220e-01 -8.600718e-01 -4.916503e-01
    outer loop
      vertex 3.563012e-01 1.676266e+00 1.031108e+00
      vertex 1.791319e-01 1.704326e+00 1.031108e+00
      vertex 3.673850e-01 1.728410e+00 9.368169e-01
    endloop
  endfacet
  facet normal -1.362220e-01 -8.600718e-01 -4.916503e-01
    outer loop
      vertex 3.673850e-01 1.728410e+00 9.368169e-01
      vertex 1.791319e-01 1.704326e+00 1.031108e+00
      vertex 1.847043e-01 1.757344e+00 9.368169e-01
    endloop
  endfacet
  facet normal -4.557377e-02 -8.695994e-01 -4.916503e-01
    outer loop
      vertex 1.791319e-01 1.704326e+00 1.031108e+00
      vertex 1.049347e-16 1.713714e+00 1.031108e+00
      vertex 1.847043e-01 1.757344e+00 9.368169e-01
    endloop
  endfacet
  facet normal -4.557377e-02 -8.695994e-01 -4.916503e-01
    outer loop
      vertex 1.847043e-01 1.757344e+00 9.368169e-01
      vertex 1.049347e-16 1.713714e+00 1.031108e+00
      vertex 1.081990e-16 1.767024e+00 9.368169e-01
    endloop
  endfacet
  facet normal 4.557377e-02 -8.695994e-01 -4.916503e-01
    outer loop
      vertex 1.049347e-16 1.713714e+00 1.031108e+00
      vertex -1.791319e-01 1.704326e+00 1.031108e+00
      vertex 1.081990e-16 1.767024e+00 9.368169e-01
    endloop
  endfacet
  facet normal 4.557377e-02 -8.695994e-01 -4.916503e-01
    outer loop
      vertex 1.081990e-16 1.767024e+00 9.368169e-01
      vertex -1.791319e-01 1.704326e+00 1.031108e+00
      vertex -1.847043e-01 1.757344e+00 9.368169e-01
    endloop
  endfacet
  facet normal 1.362220e-01 -8.600718e-01 -4.916503e-01
    outer loop
      vertex -1.791319e-01 1.704326e+00 1.031108e+00
      vertex -3.563012e-01 1.676266e+00 1.031108e+00
      vertex -1.847043e-01 1.757344e+00 9.368169e-01
    endloop
  endfacet
  facet normal 1.362220e-01 -8.600718e-01 -4.916503e-01
    outer loop
      vertex -1.847043e-01 1.757344e+00 9.368169e-01
      vertex -3.563012e-01 1.676266e+00 1.031108e+00
      vertex -3.673850e-01 1.728410e+00 9.368169e-01
    endloop
  endfacet
  facet normal 2.253777e-01 -8.411212e-01 -4.916503e-01
    outer loop
      vertex -3.563012e-01 1.676266e+00 1.031108e+00
      vertex -5.295669e-01 1.629839e+00 1.031108e+00
      vertex -3.673850e-01 1.728410e+00 9.368169e-01
    endloop
  endfacet
  facet normal 2.253777e-01 -8.411212e-01 -4.916503e-01
    outer loop
      vertex -3.673850e-01 1.728410e+00 9.368169e-01
      vertex -5.295669e-01 1.629839e+00 1.031108e+00
      vertex -5.460405e-01 1.680540e+00 9.368169e-01
    endloop
  endfacet
  facet normal 3.120642e-01 -8.129551e-01 -4.916503e-01
    outer loop
      vertex -5.295669e-01 1.629839e+00 1.031108e+00
      vertex -6.970304e-01 1.565556e+00 1.031108e+00
      vertex -5.460405e-01 1.680540e+00 9.368169e-01
    endloop
  endfacet
  facet normal 3.120642e-01 -8.129551e-01 -4.916503e-01
    outer loop
      vertex -5.460405e-01 1.680540e+00 9.368169e-01
      vertex -6.970304e-01 1.565556e+00 1.031108e+00
      vertex -7.187134e-01 1.614257e+00 9.368169e-01
    endloop
  endfacet
  facet normal 3.953316e-01 -7.758820e-01 -4.916503e-01
    outer loop
      vertex -6.970304e-01 1.565556e+00 1.031108e+00
      vertex -8.568572e-01 1.484120e+00 1.031108e+00
      vertex -7.187134e-01 1.614257e+00 9.368169e-01
    endloop
  endfacet
  facet normal 3.953316e-01 -7.758820e-01 -4.916503e-01
    outer loop
      vertex -7.187134e-01 1.614257e+00 9.368169e-01
      vertex -8.568572e-01 1.484120e+00 1.031108e+00
      vertex -8.835120e-01 1.530288e+00 9.368169e-01
    endloop
  endfacet
  facet normal 4.742677e-01 -7.303083e-01 -4.916503e-01
    outer loop
      vertex -8.568572e-01 1.484120e+00 1.031108e+00
      vertex -1.007296e+00 1.386424e+00 1.031108e+00
      vertex -8.835120e-01 1.530288e+00 9.368169e-01
    endloop
  endfacet
  facet normal 4.742677e-01 -7.303083e-01 -4.916503e-01
    outer loop
      vertex -8.835120e-01 1.530288e+00 9.368169e-01
      vertex -1.007296e+00 1.386424e+00 1.031108e+00
      vertex -1.038631e+00 1.429553e+00 9.368169e-01
    endloop
  endfacet
  facet normal 5.480076e-01 -6.767331e-01 -4.916503e-01
    outer loop
      vertex -1.007296e+00 1.386424e+00 1.031108e+00
      vertex -1.146699e+00 1.273538e+00 1.031108e+00
      vertex -1.038631e+00 1.429553e+00 9.368169e-01
    endloop
  endfacet
  facet normal 5.480076e-01 -6.767331e-01 -4.916503e-01
    outer loop
      vertex -1.038631e+00 1.429553e+00 9.368169e-01
      vertex -1.146699e+00 1.273538e+00 1.031108e+00
      vertex -1.182370e+00 1.313155e+00 9.368169e-01
    endloop
  endfacet
  facet normal 6.157435e-01 -6.157435e-01 -4.916503e-01
    outer loop
      vertex -1.146699e+00 1.273538e+00 1.031108e+00
      vertex -1.273538e+00 1.146699e+00 1.031108e+00
      vertex -1.182370e+00 1.313155e+00 9.368169e-01
    endloop
  endfacet
  facet normal 6.157435e-01 -6.157435e-01 -4.916503e-01
    outer loop
      vertex -1.182370e+00 1.313155e+00 9.368169e-01
      vertex -1.273538e+00 1.146699e+00 1.031108e+00
      vertex -1.313155e+00 1.182370e+00 9.368169e-01
    endloop
  endfacet
  facet normal 6.767331e-01 -5.480076e-01 -4.916503e-01
    outer loop
      vertex -1.273538e+00 1.146699e+00 1.031108e+00
      vertex -1.386424e+00 1.007296e+00 1.031108e+00
      vertex -1.313155e+00 1.182370e+00 9.368169e-01
    endloop
  endfacet
  facet normal 6.767331e-01 -5.480076e-01 -4.916503e-01
    outer loop
      vertex -1.313155e+00 1.182370e+00 9.368169e-01
      vertex -1.386424e+00 1.007296e+00 1.031108e+00
      vertex -1.429553e+00 1.038631e+00 9.368169e-01
    endloop
  endfacet
  facet normal 7.303083e-01 -4.742677e-01 -4.916503e-01
    outer loop
      vertex -1.386424e+00 1.007296e+00 1.031108e+00
      vertex -1.484120e+00 8.568572e-01 1.031108e+00
      vertex -1.429553e+00 1.038631e+00 9.368169e-01
    endloop
  endfacet
  facet normal 7.303083e-01 -4.742677e-01 -4.916503e-01
    outer loop
      vertex -1.429553e+00 1.038631e+00 9.368169e-01
      vertex -1.484120e+00 8.568572e-01 1.031108e+00
      vertex -1.530288e+00 8.835120e-01 9.368169e-01
    endloop
  endfacet
  facet normal 7.758820e-01 -3.953316e-01 -4.916503e-01
    outer loop
      vertex -1.484120e+00 8.568572e-01 1.031108e+00
      vertex -1.565556e+00 6.970304e-01 1.031108e+00
      vertex -1.530288e+00 8.835120e-01 9.368169e-01
    endloop
  endfacet
  facet normal 7.758820e-01 -3.953316e-01 -4.916503e-01
    outer loop
      vertex -1.530288e+00 8.835120e-01 9.368169e-01
      vertex -1.565556e+00 6.970304e-01 1.031108e+00
      vertex -1.614257e+00 7.187134e-01 9.368169e-01
    endloop
  endfacet
  facet normal 8.129551e-01 -3.120642e-01 -4.916503e-01
    outer loop
      vertex -1.565556e+00 6.970304e-01 1.031108e+00
      vertex -1.629839e+00 5.295669e-01 1.031108e+00
      vertex -1.614257e+00 7.187134e-01 9.368169e-01
    endloop
  endfacet
  facet normal 8.129551e-01 -3.120642e-01 -4.916503e-01
    outer loop
      vertex -1.614257e+00 7.187134e-01 9.368169e-01
      vertex -1.629839e+00 5.295669e-01 1.031108e+00
      vertex -1.680540e+00 5.460405e-01 9.368169e-01
    endloop
  endfacet
  facet normal 8.411212e-01 -2.253777e-01 -4.916503e-01
    outer loop
      vertex -1.629839e+00 5.295669e-01 1.031108e+00
      vertex -1.676266e+00 3.563012e-01 1.031108e+00
      vertex -1.680540e+00 5.460405e-01 9.368169e-01
    endloop
  endfacet
  facet normal 8.411212e-01 -2.253777e-01 -4.916503e-01
    outer loop
      vertex -1.680540e+00 5.460405e-01 9.368169e-01
      vertex -1.676266e+00 3.563012e-01 1.031108e+00
      vertex -1.728410e+00 3.673850e-01 9.368169e-01
    endloop
  endfacet
  facet normal 8.600718e-01 -1.362220e-01 -4.916503e-01
    outer loop
      vertex -1.676266e+00 3.563012e-01 1.031108e+00
      vertex -1.704326e+00 1.791319e-01 1.031108e+00
      vertex -1.728410e+00 3.673850e-01 9.368169e-01
    endloop
  endfacet
  facet normal 8.600718e-01 -1.362220e-01 -4.916503e-01
    outer loop
      vertex -1.728410e+00 3.673850e-01 9.368169e-01
      vertex -1.704326e+00 1.791319e-01 1.031108e+00
      vertex -1.757344e+00 1.847043e-01 9.368169e-01
    endloop
  endfacet
  facet normal 8.695994e-01 -4.557377e-02 -4.916503e-01
    outer loop
      vertex -1.704326e+00 1.791319e-01 1.031108e+00
      vertex -1.713714e+00 2.098695e-16 1.031108e+00
      vertex -1.757344e+00 1.847043e-01 9.368169e-01
    endloop
  endfacet
  facet normal 8.695994e-01 -4.557377e-02 -4.916503e-01
    outer loop
      vertex -1.757344e+00 1.847043e-01 9.368169e-01
      vertex -1.713714e+00 2.098695e-16 1.031108e+00
      vertex -1.767024e+00 2.163980e-16 9.368169e-01
    endloop
  endfacet
  facet normal 8.695994e-01 4.557377e-02 -4.916503e-01
    outer loop
      vertex -1.713714e+00 2.098695e-16 1.031108e+00
      vertex -1.704326e+00 -1.791319e-01 1.031108e+00
      vertex -1.767024e+00 2.163980e-16 9.368169e-01
    endloop
  endfacet
  facet normal 8.695994e-01 4.557377e-02 -4.916503e-01
    outer loop
      vertex -1.767024e+00 2.163980e-16 9.368169e-01
      vertex -1.704326e+00 -1.791319e-01 1.031108e+00
      vertex -1.757344e+00 -1.847043e-01 9.368169e-01
    endloop
  endfacet
  facet normal 8.600718e-01 1.362220e-01 -4.916503e-01
    outer loop
      vertex -1.704326e+00 -1.791319e-01 1.031108e+00
      vertex -1.676266e+00 -3.563012e-01 1.031108e+00
      vertex -1.757344e+00 -1.847043e-01 9.368169e-01
    endloop
  endfacet
  facet normal 8.600718e-01 1.362220e-01 -4.916503e-01
    outer loop
      vertex -1.757344e+00 -1.847043e-01 9.368169e-01
      vertex -1.676266e+00 -3.563012e-01 1.031108e+00
      vertex -1.728410e+00 -3.673850e-01 9.368169e-01
    endloop
  endfacet
  facet normal 8.411212e-01 2.253777e-01 -4.916503e-01
    outer loop
      vertex -1.676266e+00 -3.563012e-01 1.031108e+00
      vertex -1.629839e+00 -5.295669e-01 1.031108e+00
      vertex -1.728410e+00 -3.673850e-01 9.368169e-01
    endloop
  endfacet
  facet normal 8.411212e-01 2.253777e-01 -4.916503e-01
    outer loop
      vertex -1.728410e+00 -3.673850e-01 9.368169e-01
      vertex -1.629839e+00 -5.295669e-01 1.031108e+00
      vertex -1.680540e+00 -5.460405e-01 9.368169e-01
    endloop
  endfacet
  facet normal 8.129551e-01 3.120642e-01 -4.916503e-01
    outer loop
      vertex -1.629839e+00 -5.295669e-01 1.031108e+00
      vertex -1.565556e+00 -6.970304e-01 1.031108e+00
      vertex -1.680540e+00 -5.460405e-01 9.368169e-01
    endloop
  endfacet
  facet normal 8.129551e-01 3.120642e-01 -4.916503e-01
    outer loop
      vertex -1.680540e+00 -5.460405e-01 9.368169e-01
      vertex -1.565556e+00 -6.970304e-01 1.031108e+00
      vertex -1.614257e+00 -7.187134e-01 9.368169e-01
    endloop
  endfacet
  facet normal 7.758820e-01 3.953316e-01 -4.916503e-01
    outer loop
      vertex -1.565556e+00 -6.970304e-01 1.031108e+00
      vertex -1.484120e+00 -8.568572e-01 1.031108e+00
      vertex -1.614257e+00 -7.187134e-01 9.368169e-01
    endloop
  endfacet
  facet normal 7.758820e-01 3.953316e-01 -4.916503e-01
    outer loop
      vertex -1.614257e+00 -7.187134e-01 9.368169e-01
      vertex -1.484120e+00 -8.568572e-01 1.031108e+00
      vertex -1.530288e+00 -8.835120e-01 9.368169e-01
    endloop
  endfacet
  facet normal 7.303083e-01 4.742677e-01 -4.916503e-01
    outer loop
      vertex -1.484120e+00 -8.568572e-01 1.031108e+00
      vertex -1.386424e+00 -1.007296e+00 1.031108e+00
      vertex -1.530288e+00 -8.835120e-01 9.368169e-01
    endloop
  endfacet
  facet normal 7.303083e-01 4.742677e-01 -4.916503e-01
    outer loop
      vertex -1.530288e+00 -8.835120e-01 9.368169e-01
      vertex -1.386424e+00 -1.007296e+00 1.031108e+00
      vertex -1.429553e+00 -1.038631e+00 9.368169e-01
    endloop
  endfacet
  facet normal 6.767331e-01 5.480076e-01 -4.916503e-01
    outer loop
      vertex -1.386424e+00 -1.007296e+00 1.031108e+00
      vertex -1.273538e+00 -1.146699e+00 1.031108e+00
      vertex -1.429553e+00 -1.038631e+00 9.368169e-01
    endloop
  endfacet
  facet normal 6.767331e-01 5.480076e-01 -4.916503e-01
    outer loop
      vertex -1.429553e+00 -1.038631e+00 9.368169e-01
      vertex -1.273538e+00 -1.146699e+00 1.031108e+00
      vertex -1.313155e+00 -1.182370e+00 9.368169e-01
    endloop
  endfacet
  facet normal 6.157435e-01 6.157435e-01 -4.916503e-01
    outer loop
      vertex -1.273538e+00 -1.146699e+00 1.031108e+00
      vertex -1.146699e+00 -1.273538e+00 1.031108e+00
      vertex -1.313155e+00 -1.182370e+00 9.368169e-01
    endloop
  endfacet
  facet normal 6.157435e-01 6.157435e-01 -4.916503e-01
    outer loop
      vertex -1.313155e+00 -1.182370e+00 9.368169e-01
      vertex -1.146699e+00 -1.273538e+00 1.031108e+00
      vertex -1.182370e+00 -1.313155e+00 9.368169e-01
    endloop
  endfacet
  facet normal 5.480076e-01 6.767331e-01 -4.916503e-01
    outer loop
      vertex -1.146699e+00 -1.273538e+00 1.031108e+00
      vertex -1.007296e+00 -1.386424e+00 1.031108e+00
      vertex -1.182370e+00 -1.313155e+00 9.368169e-01
    endloop
  endfacet
  facet normal 5.480076e-01 6.767331e-01 -4.916503e-01
    outer loop
      vertex -1.182370e+00 -1.313155e+00 9.368169e-01
      vertex -1.007296e+00 -1.386424e+00 1.031108e+00
      vertex -1.038631e+00 -1.429553e+00 9.368169e-01
    endloop
  endfacet
  facet normal 4.742677e-01 7.303083e-01 -4.916503e-01
    outer loop
      vertex -1.007296e+00 -1.386424e+00 1.031108e+00
      vertex -8.568572e-01 -1.484120e+00 1.031108e+00
      vertex -1.038631e+00 -1.429553e+00 9.368169e-01
    endloop
  endfacet
  facet normal 4.742677e-01 7.303083e-01 -4.916503e-01
    outer loop
      vertex -1.038631e+00 -1.429553e+00 9.368169e-01
      vertex -8.568572e-01 -1.484120e+00 1.031108e+00
      vertex -8.835120e-01 -1.530288e+00 9.368169e-01
    endloop
  endfacet
  facet normal 3.953316e-01 7.758820e-01 -4.916503e-01
    outer loop
      vertex -8.568572e-01 -1.484120e+00 1.031108e+00
      vertex -6.970304e-01 -1.565556e+00 1.031108e+00
      vertex -8.835120e-01 -1.530288e+00 9.368169e-01
    endloop
  endfacet
  facet normal 3.953316e-01 7.758820e-01 -4.916503e-01
    outer loop
      vertex -8.835120e-01 -1.530288e+00 9.368169e-01
      vertex -6.970304e-01 -1.565556e+00 1.031108e+00
      vertex -7.187134e-01 -1.614257e+00 9.368169e-01
    endloop
  endfacet
  facet normal 3.120642e-01 8.129551e-01 -4.916503e-01
    outer loop
      vertex -6.970304e-01 -1.565556e+00 1.031108e+00
      vertex -5.295669e-01 -1.629839e+00 1.031108e+00
      vertex -7.187134e-01 -1.614257e+00 9.368169e-01
    endloop
  endfacet
  facet normal 3.120642e-01 8.129551e-01 -4.916503e-01
    outer loop
      vertex -7.187134e-01 -1.614257e+00 9.368169e-01
      vertex -5.295669e-01 -1.629839e+00 1.031108e+00
      vertex -5.460405e-01 -1.680540e+00 9.368169e-01
    endloop
  endfacet
  facet normal 2.253777e-01 8.411212e-01 -4.916503e-01
    outer loop
      vertex -5.295669e-01 -1.629839e+00 1.031108e+00
      vertex -3.563012e-01 -1.676266e+00 1.031108e+00
      vertex -5.460405e-01 -1.680540e+00 9.368169e-01
    endloop
  endfacet
  facet normal 2.253777e-01 8.411212e-01 -4.916503e-01
    outer loop
      vertex -5.460405e-01 -1.680540e+00 9.368169e-01
      vertex -3.563012e-01 -1.676266e+00 1.031108e+00
      vertex -3.673850e-01 -1.728410e+00 9.368169e-01
    endloop
  endfacet
  facet normal 1.362220e-01 8.600718e-01 -4.916503e-01
    outer loop
      vertex -3.563012e-01 -1.676266e+00 1.031108e+00
      vertex -1.791319e-01 -1.704326e+00 1.031108e+00
      vertex -3.673850e-01 -1.728410e+00 9.368169e-01
    endloop
  endfacet
  facet normal 1.362220e-01 8.600718e-01 -4.916503e-01
    outer loop
      vertex -3.673850e-01 -1.728410e+00 9.368169e-01
      vertex -1.791319e-01 -1.704326e+00 1.031108e+00
      vertex -1.847043e-01 -1.757344e+00 9.368169e-01
    endloop
  endfacet
  facet normal 4.557377e-02 8.695994e-01 -4.916503e-01
    outer loop
      vertex -1.791319e-01 -1.704326e+00 1.031108e+00
      vertex -3.148042e-16 -1.713714e+00 1.031108e+00
      vertex -1.847043e-01 -1.757344e+00 9.368169e-01
    endloop
  endfacet
  facet normal 4.557377e-02 8.695994e-01 -4.916503e-01
    outer loop
      vertex -1.847043e-01 -1.757344e+00 9.368169e-01
      vertex -3.148042e-16 -1.713714e+00 1.031108e+00
      vertex -3.245971e-16 -1.767024e+00 9.368169e-01
    endloop
  endfacet
  facet normal -4.557377e-02 8.695994e-01 -4.916503e-01
    outer loop
      vertex -3.148042e-16 -1.713714e+00 1.031108e+00
      vertex 1.791319e-01 -1.704326e+00 1.031108e+00
      vertex -3.245971e-16 -1.767024e+00 9.368169e-01
    endloop
  endfacet
  facet normal -4.557377e-02 8.695994e-01 -4.916503e-01
    outer loop
      vertex -3.245971e-16 -1.767024e+00 9.368169e-01
      vertex 1.791319e-01 -1.704326e+00 1.031108e+00
      vertex 1.847043e-01 -1.757344e+00 9.368169e-01
    endloop
  endfacet
  facet normal -1.362220e-01 8.600718e-01 -4.916503e-01
    outer loop
      vertex 1.791319e-01 -1.704326e+00 1.031108e+00
      vertex 3.563012e-01 -1.676266e+00 1.031108e+00
      vertex 1.847043e-01 -1.757344e+00 9.368169e-01
    endloop
  endfacet
  facet normal -1.362220e-01 8.600718e-01 -4.916503e-01
    outer loop
      vertex 1.847043e-01 -1.757344e+00 9.368169e-01
      vertex 3.563012e-01 -1.676266e+00 1.031108e+00
      vertex 3.673850e-01 -1.728410e+00 9.368169e-01
    endloop
  endfacet
  facet normal -2.253777e-01 8.411212e-01 -4.916503e-01
    outer loop
      vertex 3.563012e-01 -1.676266e+00 1.031108e+00
      vertex 5.295669e-01 -1.629839e+00 1.031108e+00
      vertex 3.673850e-01 -1.728410e+00 9.368169e-01
    endloop
  endfacet
  facet normal -2.253777e-01 8.411212e-01 -4.916503e-01
    outer loop
      vertex 3.673850e-01 -1.728410e+00 9.368169e-01
      vertex 5.295669e-01 -1.629839e+00 1.031108e+00
      vertex 5.460405e-01 -1.680540e+00 9.368169e-01
    endloop
  endfacet
  facet normal -3.120642e-01 8.129551e-01 -4.916503e-01
    outer loop
      vertex 5.295669e-01 -1.629839e+00 1.031108e+00
      vertex 6.970304e-01 -1.565556e+00 1.031108e+00
      vertex 5.460405e-01 -1.680540e+00 9.368169e-01
    endloop
  endfacet
  facet normal -3.120642e-01 8.129551e-01 -4.916503e-01
    outer loop
      vertex 5.460405e-01 -1.680540e+00 9.368169e-01
      vertex 6.970304e-01 -1.565556e+00 1.031108e+00
      vertex 7.187134e-01 -1.614257e+00 9.368169e-01
    endloop
  endfacet
  facet normal -3.953316e-01 7.758820e-01 -4.916503e-01
    outer loop
      vertex 6.970304e-01 -1.565556e+00 1.031108e+00
      vertex 8.568572e-01 -1.484120e+00 1.031108e+00
      vertex 7.187134e-01 -1.614257e+00 9.368169e-01
    endloop
  endfacet
  facet normal -3.953316e-01 7.758820e-01 -4.916503e-01
    outer loop
      vertex 7.187134e-01 -1.614257e+00 9.368169e-01
      vertex 8.568572e-01 -1.484120e+00 1.031108e+00
      vertex 8.835120e-01 -1.530288e+00 9.368169e-01
    endloop
  endfacet
  facet normal -4.742677e-01 7.303083e-01 -4.916503e-01
    outer loop
      vertex 8.568572e-01 -1.484120e+00 1.031108e+00
      vertex 1.007296e+00 -1.386424e+00 1.031108e+00
      vertex 8.835120e-01 -1.530288e+00 9.368169e-01
    endloop
  endfacet
  facet normal -4.742677e-01 7.303083e-01 -4.916503e-01
    outer loop
      vertex 8.835120e-01 -1.530288e+00 9.368169e-01
      vertex 1.007296e+00 -1.386424e+00 1.031108e+00
      vertex 1.038631e+00 -1.429553e+00 9.368169e-01
    endloop
  endfacet
  facet normal -5.480076e-01 6.767331e-01 -4.916503e-01
    outer loop
      vertex 1.007296e+00 -1.386424e+00 1.031108e+00
      vertex 1.146699e+00 -1.273538e+00 1.031108e+00
      vertex 1.038631e+00 -1.429553e+00 9.368169e-01
    endloop
  endfacet
  facet normal -5.480076e-01 6.767331e-01 -4.916503e-01
    outer loop
      vertex 1.038631e+00 -1.429553e+00 9.368169e-01
      vertex 1.146699e+00 -1.273538e+00 1.031108e+00
      vertex 1.182370e+00 -1.313155e+00 9.368169e-01
    endloop
  endfacet
  facet normal -6.157435e-01 6.157435e-01 -4.916503e-01
    outer loop
      vertex 1.146699e+00 -1.273538e+00 1.031108e+00
      vertex 1.273538e+00 -1.146699e+00 1.031108e+00
      vertex 1.182370e+00 -1.313155e+00 9.368169e-01
    endloop
  endfacet
  facet normal -6.157435e-01 6.157435e-01 -4.916503e-01
    outer loop
      vertex 1.182370e+00 -1.313155e+00 9.368169e-01
      vertex 1.273538e+00 -1.146699e+00 1.031108e+00
      vertex 1.313155e+00 -1.182370e+00 9.368169e-01
    endloop
  endfacet
  facet normal -6.767331e-01 5.480076e-01 -4.916503e-01
    outer loop
      vertex 1.273538e+00 -1.146699e+00 1.031108e+00
      vertex 1.386424e+00 -1.007296e+00 1.031108e+00
      vertex 1.313155e+00 -1.182370e+00 9.368169e-01
    endloop
  endfacet
  facet normal -6.767331e-01 5.480076e-01 -4.916503e-01
    outer loop
      vertex 1.313155e+00 -1.182370e+00 9.368169e-01
      vertex 1.386424e+00 -1.007296e+00 1.031108e+00
      vertex 1.429553e+00 -1.038631e+00 9.368169e-01
    endloop
  endfacet
  facet normal -7.303083e-01 4.742677e-01 -4.916503e-01
    outer loop
      vertex 1.386424e+00 -1.007296e+00 1.031108e+00
      vertex 1.484120e+00 -8.568572e-01 1.031108e+00
      vertex 1.429553e+00 -1.038631e+00 9.368169e-01
    endloop
  endfacet
  facet normal -7.303083e-01 4.742677e-01 -4.916503e-01
    outer loop
      vertex 1.429553e+00 -1.038631e+00 9.368169e-01
      vertex 1.484120e+00 -8.568572e-01 1.031108e+00
      vertex 1.530288e+00 -8.835120e-01 9.368169e-01
    endloop
  endfacet
  facet normal -7.758820e-01 3.953316e-01 -4.916503e-01
    outer loop
      vertex 1.484120e+00 -8.568572e-01 1.031108e+00
      vertex 1.565556e+00 -6.970304e-01 1.031108e+00
      vertex 1.530288e+00 -8.835120e-01 9.368169e-01
    endloop
  endfacet
  facet normal -7.758820e-01 3.953316e-01 -4.916503e-01
    outer loop
      vertex 1.530288e+00 -8.835120e-01 9.368169e-01
      vertex 1.565556e+00 -6.970304e-01 1.031108e+00
      vertex 1.614257e+00 -7.187134e-01 9.368169e-01
    endloop
  endfacet
  facet normal -8.129551e-01 3.120642e-01 -4.916503e-01
    outer loop
      vertex 1.565556e+00 -6.970304e-01 1.031108e+00
      vertex 1.629839e+00 -5.295669e-01 1.031108e+00
      vertex 1.614257e+00 -7.187134e-01 9.368169e-01
    endloop
  endfacet
  facet normal -8.129551e-01 3.120642e-01 -4.916503e-01
    outer loop
      vertex 1.614257e+00 -7.187134e-01 9.368169e-01
      vertex 1.629839e+00 -5.295669e-01 1.031108e+00
      vertex 1.680540e+00 -5.460405e-01 9.368169e-01
    endloop
  endfacet
  facet normal -8.411212e-01 2.253777e-01 -4.916503e-01
    outer loop
      vertex 1.629839e+00 -5.295669e-01 1.031108e+00
      vertex 1.676266e+00 -3.563012e-01 1.031108e+00
      vertex 1.680540e+00 -5.460405e-01 9.368169e-01
    endloop
  endfacet
  facet normal -8.411212e-01 2.253777e-01 -4.916503e-01
    outer loop
      vertex 1.680540e+00 -5.460405e-01 9.368169e-01
      vertex 1.676266e+00 -3.563012e-01 1.031108e+00
      vertex 1.728410e+00 -3.673850e-01 9.368169e-01
    endloop
  endfacet
  facet normal -8.600718e-01 1.362220e-01 -4.916503e-01
    outer loop
      vertex 1.676266e+00 -3.563012e-01 1.031108e+00
      vertex 1.704326e+00 -1.791319e-01 1.031108e+00
      vertex 1.728410e+00 -3.673850e-01 9.368169e-01
    endloop
  endfacet
  facet normal -8.600718e-01 1.362220e-01 -4.916503e-01
    outer loop
      vertex 1.728410e+00 -3.673850e-01 9.368169e-01
      vertex 1.704326e+00 -1.791319e-01 1.031108e+00
      vertex 1.757344e+00 -1.847043e-01 9.368169e-01
    endloop
  endfacet
  facet normal -8.695994e-01 4.557377e-02 -4.916503e-01
    outer loop
      vertex 1.704326e+00 -1.791319e-01 1.031108e+00
      vertex 1.713714e+00 0.000000e+00 1.031108e+00
      vertex 1.757344e+00 -1.847043e-01 9.368169e-01
    endloop
  endfacet
  facet normal -8.695994e-01 4.557377e-02 -4.916503e-01
    outer loop
      vertex 1.757344e+00 -1.847043e-01 9.368169e-01
      vertex 1.713714e+00 0.000000e+00 1.031108e+00
      vertex 1.767024e+00 0.000000e+00 9.368169e-01
    endloop
  endfacet
  facet normal -8.948865e-01 -4.689901e-02 -4.438228e-01
    outer loop
      vertex 1.767024e+00 0.000000e+00 9.368169e-01
      vertex 1.757344e+00 1.847043e-01 9.368169e-01
      vertex 1.815151e+00 0.000000e+00 8.397782e-01
    endloop
  endfacet
  facet normal -8.948865e-01 -4.689901e-02 -4.438228e-01
    outer loop
      vertex 1.815151e+00 0.000000e+00 8.397782e-01
      vertex 1.757344e+00 1.847043e-01 9.368169e-01
      vertex 1.805207e+00 1.897349e-01 8.397782e-01
    endloop
  endfacet
  facet normal -8.850819e-01 -1.401832e-01 -4.438228e-01
    outer loop
      vertex 1.757344e+00 1.847043e-01 9.368169e-01
      vertex 1.728410e+00 3.673850e-01 9.368169e-01
      vertex 1.805207e+00 1.897349e-01 8.397782e-01
    endloop
  endfacet
  facet normal -8.850819e-01 -1.401832e-01 -4.438228e-01
    outer loop
      vertex 1.805207e+00 1.897349e-01 8.397782e-01
      vertex 1.728410e+00 3.673850e-01 9.368169e-01
      vertex 1.775485e+00 3.773911e-01 8.397782e-01
    endloop
  endfacet
  facet normal -8.655802e-01 -2.319315e-01 -4.438228e-01
    outer loop
      vertex 1.728410e+00 3.673850e-01 9.368169e-01
      vertex 1.680540e+00 5.460405e-01 9.368169e-01
      vertex 1.775485e+00 3.773911e-01 8.397782e-01
    endloop
  endfacet
  facet normal -8.655802e-01 -2.319315e-01 -4.438228e-01
    outer loop
      vertex 1.775485e+00 3.773911e-01 8.397782e-01
      vertex 1.680540e+00 5.460405e-01 9.368169e-01
      vertex 1.726311e+00 5.609125e-01 8.397782e-01
    endloop
  endfacet
  facet normal -8.365950e-01 -3.211387e-01 -4.438228e-01
    outer loop
      vertex 1.680540e+00 5.460405e-01 9.368169e-01
      vertex 1.614257e+00 7.187134e-01 9.368169e-01
      vertex 1.726311e+00 5.609125e-01 8.397782e-01
    endloop
  endfacet
  facet normal -8.365950e-01 -3.211387e-01 -4.438228e-01
    outer loop
      vertex 1.726311e+00 5.609125e-01 8.397782e-01
      vertex 1.614257e+00 7.187134e-01 9.368169e-01
      vertex 1.658223e+00 7.382884e-01 8.397782e-01
    endloop
  endfacet
  facet normal -7.984439e-01 -4.068275e-01 -4.438228e-01
    outer loop
      vertex 1.614257e+00 7.187134e-01 9.368169e-01
      vertex 1.530288e+00 8.835120e-01 9.368169e-01
      vertex 1.658223e+00 7.382884e-01 8.397782e-01
    endloop
  endfacet
  facet normal -7.984439e-01 -4.068275e-01 -4.438228e-01
    outer loop
      vertex 1.658223e+00 7.382884e-01 8.397782e-01
      vertex 1.530288e+00 8.835120e-01 9.368169e-01
      vertex 1.571967e+00 9.075754e-01 8.397782e-01
    endloop
  endfacet
  facet normal -7.515449e-01 -4.880590e-01 -4.438228e-01
    outer loop
      vertex 1.530288e+00 8.835120e-01 9.368169e-01
      vertex 1.429553e+00 1.038631e+00 9.368169e-01
      vertex 1.571967e+00 9.075754e-01 8.397782e-01
    endloop
  endfacet
  facet normal -7.515449e-01 -4.880590e-01 -4.438228e-01
    outer loop
      vertex 1.571967e+00 9.075754e-01 8.397782e-01
      vertex 1.429553e+00 1.038631e+00 9.368169e-01
      vertex 1.468488e+00 1.066919e+00 8.397782e-01
    endloop
  endfacet
  facet normal -6.964118e-01 -5.639432e-01 -4.438228e-01
    outer loop
      vertex 1.429553e+00 1.038631e+00 9.368169e-01
      vertex 1.313155e+00 1.182370e+00 9.368169e-01
      vertex 1.468488e+00 1.066919e+00 8.397782e-01
    endloop
  endfacet
  facet normal -6.964118e-01 -5.639432e-01 -4.438228e-01
    outer loop
      vertex 1.468488e+00 1.066919e+00 8.397782e-01
      vertex 1.313155e+00 1.182370e+00 9.368169e-01
      vertex 1.348920e+00 1.214573e+00 8.397782e-01
    endloop
  endfacet
  facet normal -6.336487e-01 -6.336487e-01 -4.438228e-01
    outer loop
      vertex 1.313155e+00 1.182370e+00 9.368169e-01
      vertex 1.182370e+00 1.313155e+00 9.368169e-01
      vertex 1.348920e+00 1.214573e+00 8.397782e-01
    endloop
  endfacet
  facet normal -6.336487e-01 -6.336487e-01 -4.438228e-01
    outer loop
      vertex 1.348920e+00 1.214573e+00 8.397782e-01
      vertex 1.182370e+00 1.313155e+00 9.368169e-01
      vertex 1.214573e+00 1.348920e+00 8.397782e-01
    endloop
  endfacet
  facet normal -5.639432e-01 -6.964118e-01 -4.438228e-01
    outer loop
      vertex 1.182370e+00 1.313155e+00 9.368169e-01
      vertex 1.038631e+00 1.429553e+00 9.368169e-01
      vertex 1.214573e+00 1.348920e+00 8.397782e-01
    endloop
  endfacet
  facet normal -5.639432e-01 -6.964118e-01 -4.438228e-01
    outer loop
      vertex 1.214573e+00 1.348920e+00 8.397782e-01
      vertex 1.038631e+00 1.429553e+00 9.368169e-01
      vertex 1.066919e+00 1.468488e+00 8.397782e-01
    endloop
  endfacet
  facet normal -4.880590e-01 -7.515449e-01 -4.438228e-01
    outer loop
      vertex 1.038631e+00 1.429553e+00 9.368169e-01
      vertex 8.835120e-01 1.530288e+00 9.368169e-01
      vertex 1.066919e+00 1.468488e+00 8.397782e-01
    endloop
  endfacet
  facet normal -4.880590e-01 -7.515449e-01 -4.438228e-01
    outer loop
      vertex 1.066919e+00 1.468488e+00 8.397782e-01
      vertex 8.835120e-01 1.530288e+00 9.368169e-01
      vertex 9.075754e-01 1.571967e+00 8.397782e-01
    endloop
  endfacet
  facet normal -4.068275e-01 -7.984439e-01 -4.438228e-01
    outer loop
      vertex 8.835120e-01 1.530288e+00 9.368169e-01
      vertex 7.187134e-01 1.614257e+00 9.368169e-01
      vertex 9.075754e-01 1.571967e+00 8.397782e-01
    endloop
  endfacet
  facet normal -4.068275e-01 -7.984439e-01 -4.438228e-01
    outer loop
      vertex 9.075754e-01 1.571967e+00 8.397782e-01
      vertex 7.187134e-01 1.614257e+00 9.368169e-01
      vertex 7.382884e-01 1.658223e+00 8.397782e-01
    endloop
  endfacet
  facet normal -3.211387e-01 -8.365950e-01 -4.438228e-01
    outer loop
      vertex 7.187134e-01 1.614257e+00 9.368169e-01
      vertex 5.460405e-01 1.680540e+00 9.368169e-01
      vertex 7.382884e-01 1.658223e+00 8.397782e-01
    endloop
  endfacet
  facet normal -3.211387e-01 -8.365950e-01 -4.438228e-01
    outer loop
      vertex 7.382884e-01 1.658223e+00 8.397782e-01
      vertex 5.460405e-01 1.680540e+00 9.368169e-01
      vertex 5.609125e-01 1.726311e+00 8.397782e-01
    endloop
  endfacet
  facet normal -2.319315e-01 -8.655802e-01 -4.438228e-01
    outer loop
      vertex 5.460405e-01 1.680540e+00 9.368169e-01
      vertex 3.673850e-01 1.728410e+00 9.368169e-01
      vertex 5.609125e-01 1.726311e+00 8.397782e-01
    endloop
  endfacet
  facet normal -2.319315e-01 -8.655802e-01 -4.438228e-01
    outer loop
      vertex 5.609125e-01 1.726311e+00 8.397782e-01
      vertex 3.673850e-01 1.728410e+00 9.368169e-01
      vertex 3.773911e-01 1.775485e+00 8.397782e-01
    endloop
  endfacet
  facet normal -1.401832e-01 -8.850819e-01 -4.438228e-01
    outer loop
      vertex 3.673850e-01 1.728410e+00 9.368169e-01
      vertex 1.847043e-01 1.757344e+00 9.368169e-01
      vertex 3.773911e-01 1.775485e+00 8.397782e-01
    endloop
  endfacet
  facet normal -1.401832e-01 -8.850819e-01 -4.438228e-01
    outer loop
      vertex 3.773911e-01 1.775485e+00 8.397782e-01
      vertex 1.847043e-01 1.757344e+00 9.368169e-01
      vertex 1.897349e-01 1.805207e+00 8.397782e-01
    endloop
  endfacet
  facet normal -4.689901e-02 -8.948865e-01 -4.438228e-01
    outer loop
      vertex 1.847043e-01 1.757344e+00 9.368169e-01
      vertex 1.081990e-16 1.767024e+00 9.368169e-01
      vertex 1.897349e-01 1.805207e+00 8.397782e-01
    endloop
  endfacet
  facet normal -4.689901e-02 -8.948865e-01 -4.438228e-01
    outer loop
      vertex 1.897349e-01 1.805207e+00 8.397782e-01
      vertex 1.081990e-16 1.767024e+00 9.368169e-01
      vertex 1.111459e-16 1.815151e+00 8.397782e-01
    endloop
  endfacet
  facet normal 4.689901e-02 -8.948865e-01 -4.438228e-01
    outer loop
      vertex 1.081990e-16 1.767024e+00 9.368169e-01
      vertex -1.847043e-01 1.757344e+00 9.368169e-01
      vertex 1.111459e-16 1.815151e+00 8.397782e-01
    endloop
  endfacet
  facet normal 4.689901e-02 -8.948865e-01 -4.438228e-01
    outer loop
      vertex 1.111459e-16 1.815151e+00 8.397782e-01
      vertex -1.847043e-01 1.757344e+00 9.368169e-01
      vertex -1.897349e-01 1.805207e+00 8.397782e-01
    endloop
  endfacet
  facet normal 1.401832e-01 -8.850819e-01 -4.438228e-01
    outer loop
      vertex -1.847043e-01 1.757344e+00 9.368169e-01
      vertex -3.673850e-01 1.728410e+00 9.368169e-01
      vertex -1.897349e-01 1.805207e+00 8.397782e-01
    endloop
  endfacet
  facet normal 1.401832e-01 -8.850819e-01 -4.438228e-01
    outer loop
      vertex -1.897349e-01 1.805207e+00 8.397782e-01
      vertex -3.673850e-01 1.728410e+00 9.368169e-01
      vertex -3.773911e-01 1.775485e+00 8.397782e-01
    endloop
  endfacet
  facet normal 2.319315e-01 -8.655802e-01 -4.438228e-01
    outer loop
      vertex -3.673850e-01 1.728410e+00 9.368169e-01
      vertex -5.460405e-01 1.680540e+00 9.368169e-01
      vertex -3.773911e-01 1.775485e+00 8.397782e-01
    endloop
  endfacet
  facet normal 2.319315e-01 -8.655802e-01 -4.438228e-01
    outer loop
      vertex -3.773911e-01 1.775485e+00 8.397782e-01
      vertex -5.460405e-01 1.680540e+00 9.368169e-01
      vertex -5.609125e-01 1.726311e+00 8.397782e-01
    endloop
  endfacet
  facet normal 3.211387e-01 -8.365950e-01 -4.438228e-01
    outer loop
      vertex -5.460405e-01 1.680540e+00 9.368169e-01
      vertex -7.187134e-01 1.614257e+00 9.368169e-01
      vertex -5.609125e-01 1.726311e+00 8.397782e-01
    endloop
  endfacet
  facet normal 3.211387e-01 -8.365950e-01 -4.438228e-01
    outer loop
      vertex -5.609125e-01 1.726311e+00 8.397782e-01
      vertex -7.187134e-01 1.614257e+00 9.368169e-01
      vertex -7.382884e-01 1.658223e+00 8.397782e-01
    endloop
  endfacet
  facet normal 4.068275e-01 -7.984439e-01 -4.438228e-01
    outer loop
      vertex -7.187134e-01 1.614257e+00 9.368169e-01
      vertex -8.835120e-01 1.530288e+00 9.368169e-01
      vertex -7.382884e-01 1.658223e+00 8.397782e-01
    endloop
  endfacet
  facet normal 4.068275e-01 -7.984439e-01 -4.438228e-01
    outer loop
      vertex -7.382884e-01 1.658223e+00 8.397782e-01
      vertex -8.835120e-01 1.530288e+00 9.368169e-01
      vertex -9.075754e-01 1.571967e+00 8.397782e-01
    endloop
  endfacet
  facet normal 4.880590e-01 -7.515449e-01 -4.438228e-01
    outer loop
      vertex -8.835120e-01 1.530288e+00 9.368169e-01
      vertex -1.038631e+00 1.429553e+00 9.368169e-01
      vertex -9.075754e-01 1.571967e+00 8.397782e-01
    endloop
  endfacet
  facet normal 4.880590e-01 -7.515449e-01 -4.438228e-01
    outer loop
      vertex -9.075754e-01 1.571967e+00 8.397782e-01
      vertex -1.038631e+00 1.429553e+00 9.368169e-01
      vertex -1.066919e+00 1.468488e+00 8.397782e-01
    endloop
  endfacet
  facet normal 5.639432e-01 -6.964118e-01 -4.438228e-01
    outer loop
      vertex -1.038631e+00 1.429553e+00 9.368169e-01
      vertex -1.182370e+00 1.313155e+00 9.368169e-01
      vertex -1.066919e+00 1.468488e+00 8.397782e-01
    endloop
  endfacet
  facet normal 5.639432e-01 -6.964118e-01 -4.438228e-01
    outer loop
      vertex -1.066919e+00 1.468488e+00 8.397782e-01
      vertex -1.182370e+00 1.313155e+00 9.368169e-01
      vertex -1.214573e+00 1.348920e+00 8.397782e-01
    endloop
  endfacet
  facet normal 6.336487e-01 -6.336487e-01 -4.438228e-01
    outer loop
      vertex -1.182370e+00 1.313155e+00 9.368169e-01
      vertex -1.313155e+00 1.182370e+00 9.368169e-01
      vertex -1.214573e+00 1.348920e+00 8.397782e-01
    endloop
  endfacet
  facet normal 6.336487e-01 -6.336487e-01 -4.438228e-01
    outer loop
      vertex -1.214573e+00 1.348920e+00 8.397782e-01
      vertex -1.313155e+00 1.182370e+00 9.368169e-01
      vertex -1.348920e+00 1.214573e+00 8.397782e-01
    endloop
  endfacet
  facet normal 6.964118e-01 -5.639432e-01 -4.438228e-01
    outer loop
      vertex -1.313155e+00 1.182370e+00 9.368169e-01
      vertex -1.429553e+00 1.038631e+00 9.368169e-01
      vertex -1.348920e+00 1.214573e+00 8.397782e-01
    endloop
  endfacet
  facet normal 6.964118e-01 -5.639432e-01 -4.438228e-01
    outer loop
      vertex -1.348920e+00 1.214573e+00 8.397782e-01
      vertex -1.429553e+00 1.038631e+00 9.368169e-01
      vertex -1.468488e+00 1.066919e+00 8.397782e-01
    endloop
  endfacet
  facet normal 7.515449e-01 -4.880590e-01 -4.438228e-01
    outer loop
      vertex -1.429553e+00 1.038631e+00 9.368169e-01
      vertex -1.530288e+00 8.835120e-01 9.368169e-01
      vertex -1.468488e+00 1.066919e+00 8.397782e-01
    endloop
  endfacet
  facet normal 7.515449e-01 -4.880590e-01 -4.438228e-01
    outer loop
      vertex -1.468488e+00 1.066919e+00 8.397782e-01
      vertex -1.530288e+00 8.835120e-01 9.368169e-01
      vertex -1.571967e+00 9.075754e-01 8.397782e-01
    endloop
  endfacet
  facet normal 7.984439e-01 -4.068275e-01 -4.438228e-01
    outer loop
      vertex -1.530288e+00 8.835120e-01 9.368169e-01
      vertex -1.614257e+00 7.187134e-01 9.368169e-01
      vertex -1.571967e+00 9.075754e-01 8.397782e-01
    endloop
  endfacet
  facet normal 7.984439e-01 -4.068275e-01 -4.438228e-01
    outer loop
      vertex -1.571967e+00 9.075754e-01 8.397782e-01
      vertex -1.614257e+00 7.187134e-01 9.368169e-01
      vertex -1.658223e+00 7.382884e-01 8.397782e-01
    endloop
  endfacet
  facet normal 8.365950e-01 -3.211387e-01 -4.438228e-01
    outer loop
      vertex -1.614257e+00 7.187134e-01 9.368169e-01
      vertex -1.680540e+00 5.460405e-01 9.368169e-01
      vertex -1.658223e+00 7.382884e-01 8.397782e-01
    endloop
  endfacet
  facet normal 8.365950e-01 -3.211387e-01 -4.438228e-01
    outer loop
      vertex -1.658223e+00 7.382884e-01 8.397782e-01
      vertex -1.680540e+00 5.460405e-01 9.368169e-01
      vertex -1.726311e+00 5.609125e-01 8.397782e-01
    endloop
  endfacet
  facet normal 8.655802e-01 -2.319315e-01 -4.438228e-01
    outer loop
      vertex -1.680540e+00 5.460405e-01 9.368169e-01
      vertex -1.728410e+00 3.673850e-01 9.368169e-01
      vertex -1.726311e+00 5.609125e-01 8.397782e-01
    endloop
  endfacet
  facet normal 8.655802e-01 -2.319315e-01 -4.438228e-01
    outer loop
      vertex -1.726311e+00 5.609125e-01 8.397782e-01
      vertex -1.728410e+00 3.673850e-01 9.368169e-01
      vertex -1.775485e+00 3.773911e-01 8.397782e-01
    endloop
  endfacet
  facet normal 8.850819e-01 -1.401832e-01 -4.438228e-01
    outer loop
      vertex -1.728410e+00 3.673850e-01 9.368169e-01
      vertex -1.757344e+00 1.847043e-01 9.368169e-01
      vertex -1.775485e+00 3.773911e-01 8.397782e-01
    endloop
  endfacet
  facet normal 8.850819e-01 -1.401832e-01 -4.438228e-01
    outer loop
      vertex -1.775485e+00 3.773911e-01 8.397782e-01
      vertex -1.757344e+00 1.847043e-01 9.368169e-01
      vertex -1.805207e+00 1.897349e-01 8.397782e-01
    endloop
  endfacet
  facet normal 8.948865e-01 -4.689901e-02 -4.438228e-01
    outer loop
      vertex -1.757344e+00 1.847043e-01 9.368169e-01
      vertex -1.767024e+00 2.163980e-16 9.368169e-01
      vertex -1.805207e+00 1.897349e-01 8.397782e-01
    endloop
  endfacet
  facet normal 8.948865e-01 -4.689901e-02 -4.438228e-01
    outer loop
      vertex -1.805207e+00 1.897349e-01 8.397782e-01
      vertex -1.767024e+00 2.163980e-16 9.368169e-01
      vertex -1.815151e+00 2.222919e-16 8.397782e-01
    endloop
  endfacet
  facet normal 8.948865e-01 4.689901e-02 -4.438228e-01
    outer loop
      vertex -1.767024e+00 2.163980e-16 9.368169e-01
      vertex -1.757344e+00 -1.847043e-01 9.368169e-01
      vertex -1.815151e+00 2.222919e-16 8.397782e-01
    endloop
  endfacet
  facet normal 8.948865e-01 4.689901e-02 -4.438228e-01
    outer loop
      vertex -1.815151e+00 2.222919e-16 8.397782e-01
      vertex -1.757344e+00 -1.847043e-01 9.368169e-01
      vertex -1.805207e+00 -1.897349e-01 8.397782e-01
    endloop
  endfacet
  facet normal 8.850819e-01 1.401832e-01 -4.438228e-01
    outer loop
      vertex -1.757344e+00 -1.847043e-01 9.368169e-01
      vertex -1.728410e+00 -3.673850e-01 9.368169e-01
      vertex -1.805207e+00 -1.897349e-01 8.397782e-01
    endloop
  endfacet
  facet normal 8.850819e-01 1.401832e-01 -4.438228e-01
    outer loop
      vertex -1.805207e+00 -1.897349e-01 8.397782e-01
      vertex -1.728410e+00 -3.673850e-01 9.368169e-01
      vertex -1.775485e+00 -3.773911e-01 8.397782e-01
    endloop
  endfacet
  facet normal 8.655802e-01 2.319315e-01 -4.438228e-01
    outer loop
      vertex -1.728410e+00 -3.673850e-01 9.368169e-01
      vertex -1.680540e+00 -5.460405e-01 9.368169e-01
      vertex -1.775485e+00 -3.773911e-01 8.397782e-01
    endloop
  endfacet
  facet normal 8.655802e-01 2.319315e-01 -4.438228e-01
    outer loop
      vertex -1.775485e+00 -3.773911e-01 8.397782e-01
      vertex -1.680540e+00 -5.460405e-01 9.368169e-01
      vertex -1.726311e+00 -5.609125e-01 8.397782e-01
    endloop
  endfacet
  facet normal 8.365950e-01 3.211387e-01 -4.438228e-01
    outer loop
      vertex -1.680540e+00 -5.460405e-01 9.368169e-01
      vertex -1.614257e+00 -7.187134e-01 9.368169e-01
      vertex -1.726311e+00 -5.609125e-01 8.397782e-01
    endloop
  endfacet
  facet normal 8.365950e-01 3.211387e-01 -4.438228e-01
    outer loop
      vertex -1.726311e+00 -5.609125e-01 8.397782e-01
      vertex -1.614257e+00 -7.187134e-01 9.368169e-01
      vertex -1.658223e+00 -7.382884e-01 8.397782e-01
    endloop
  endfacet
  facet normal 7.984439e-01 4.068275e-01 -4.438228e-01
    outer loop
      vertex -1.614257e+00 -7.187134e-01 9.368169e-01
      vertex -1.530288e+00 -8.835120e-01 9.368169e-01
      vertex -1.658223e+00 -7.382884e-01 8.397782e-01
    endloop
  endfacet
  facet normal 7.984439e-01 4.068275e-01 -4.438228e-01
    outer loop
      vertex -1.658223e+00 -7.382884e-01 8.397782e-01
      vertex -1.530288e+00 -8.835120e-01 9.368169e-01
      vertex -1.571967e+00 -9.075754e-01 8.397782e-01
    endloop
  endfacet
  facet normal 7.515449e-01 4.880590e-01 -4.438228e-01
    outer loop
      vertex -1.530288e+00 -8.835120e-01 9.368169e-01
      vertex -1.429553e+00 -1.038631e+00 9.368169e-01
      vertex -1.571967e+00 -9.075754e-01 8.397782e-01
    endloop
  endfacet
  facet normal 7.515449e-01 4.880590e-01 -4.438228e-01
    outer loop
      vertex -1.571967e+00 -9.075754e-01 8.397782e-01
      vertex -1.429553e+00 -1.038631e+00 9.368169e-01
      vertex -1.468488e+00 -1.066919e+00 8.397782e-01
    endloop
  endfacet
  facet normal 6.964118e-01 5.639432e-01 -4.438228e-01
    outer loop
      vertex -1.429553e+00 -1.038631e+00 9.368169e-01
      vertex -1.313155e+00 -1.182370e+00 9.368169e-01
      vertex -1.468488e+00 -1.066919e+00 8.397782e-01
    endloop
  endfacet
  facet normal 6.964118e-01 5.639432e-01 -4.438228e-01
    outer loop
      vertex -1.468488e+00 -1.066919e+00 8.397782e-01
      vertex -1.313155e+00 -1.182370e+00 9.368169e-01
      vertex -1.348920e+00 -1.214573e+00 8.397782e-01
    endloop
  endfacet
  facet normal 6.336487e-01 6.336487e-01 -4.438228e-01
    outer loop
      vertex -1.313155e+00 -1.182370e+00 9.368169e-01
      vertex -1.182370e+00 -1.313155e+00 9.368169e-01
      vertex -1.348920e+00 -1.214573e+00 8.397782e-01
    endloop
  endfacet
  facet normal 6.336487e-01 6.336487e-01 -4.438228e-01
    outer loop
      vertex -1.348920e+00 -1.214573e+00 8.397782e-01
      vertex -1.182370e+00 -1.313155e+00 9.368169e-01
      vertex -1.214573e+00 -1.348920e+00 8.397782e-01
    endloop
  endfacet
  facet normal 5.639432e-01 6.964118e-01 -4.438228e-01
    outer loop
      vertex -1.182370e+00 -1.313155e+00 9.368169e-01
      vertex -1.038631e+00 -1.429553e+00 9.368169e-01
      vertex -1.214573e+00 -1.348920e+00 8.397782e-01
    endloop
  endfacet
  facet normal 5.639432e-01 6.964118e-01 -4.438228e-01
    outer loop
      vertex -1.214573e+00 -1.348920e+00 8.397782e-01
      vertex -1.038631e+00 -1.429553e+00 9.368169e-01
      vertex -1.066919e+00 -1.468488e+00 8.397782e-01
    endloop
  endfacet
  facet normal 4.880590e-01 7.515449e-01 -4.438228e-01
    outer loop
      vertex -1.038631e+00 -1.429553e+00 9.368169e-01
      vertex -8.835120e-01 -1.530288e+00 9.368169e-01
      vertex -1.066919e+00 -1.468488e+00 8.397782e-01
    endloop
  endfacet
  facet normal 4.880590e-01 7.515449e-01 -4.438228e-01
    outer loop
      vertex -1.066919e+00 -1.468488e+00 8.397782e-01
      vertex -8.835120e-01 -1.530288e+00 9.368169e-01
      vertex -9.075754e-01 -1.571967e+00 8.397782e-01
    endloop
  endfacet
  facet normal 4.068275e-01 7.984439e-01 -4.438228e-01
    outer loop
      vertex -8.835120e-01 -1.530288e+00 9.368169e-01
      vertex -7.187134e-01 -1.614257e+00 9.368169e-01
      vertex -9.075754e-01 -1.571967e+00 8.397782e-01
    endloop
  endfacet
  facet normal 4.068275e-01 7.984439e-01 -4.438228e-01
    outer loop
      vertex -9.075754e-01 -1.571967e+00 8.397782e-01
      vertex -7.187134e-01 -1.614257e+00 9.368169e-01
      vertex -7.382884e-01 -1.658223e+00 8.397782e-01
    endloop
  endfacet
  facet normal 3.211387e-01 8.365950e-01 -4.438228e-01
    outer loop
      vertex -7.187134e-01 -1.614257e+00 9.368169e-01
      vertex -5.460405e-01 -1.680540e+00 9.368169e-01
      vertex -7.382884e-01 -1.658223e+00 8.397782e-01
    endloop
  endfacet
  facet normal 3.211387e-01 8.365950e-01 -4.438228e-01
    outer loop
      vertex -7.382884e-01 -1.658223e+00 8.397782e-01
      vertex -5.460405e-01 -1.680540e+00 9.368169e-01
      vertex -5.609125e-01 -1.726311e+00 8.397782e-01
    endloop
  endfacet
  facet normal 2.319315e-01 8.655802e-01 -4.438228e-01
    outer loop
      vertex -5.460405e-01 -1.680540e+00 9.368169e-01
      vertex -3.673850e-01 -1.728410e+00 9.368169e-01
      vertex -5.609125e-01 -1.726311e+00 8.397782e-01
    endloop
  endfacet
  facet normal 2.319315e-01 8.655802e-01 -4.438228e-01
    outer loop
      vertex -5.609125e-01 -1.726311e+00 8.397782e-01
      vertex -3.673850e-01 -1.728410e+00 9.368169e-01
      vertex -3.773911e-01 -1.775485e+00 8.397782e-01
    endloop
  endfacet
  facet normal 1.401832e-01 8.850819e-01 -4.438228e-01
    outer loop
      vertex -3.673850e-01 -1.728410e+00 9.368169e-01
      vertex -1.847043e-01 -1.757344e+00 9.368169e-01
      vertex -3.773911e-01 -1.775485e+00 8.397782e-01
    endloop
  endfacet
  facet normal 1.401832e-01 8.850819e-01 -4.438228e-01
    outer loop
      vertex -3.773911e-01 -1.775485e+00 8.397782e-01
      vertex -1.847043e-01 -1.757344e+00 9.368169e-01
      vertex -1.897349e-01 -1.805207e+00 8.397782e-01
    endloop
  endfacet
  facet normal 4.689901e-02 8.948865e-01 -4.438228e-01
    outer loop
      vertex -1.847043e-01 -1.757344e+00 9.368169e-01
      vertex -3.245971e-16 -1.767024e+00 9.368169e-01
      vertex -1.897349e-01 -1.805207e+00 8.397782e-01
    endloop
  endfacet
  facet normal 4.689901e-02 8.948865e-01 -4.438228e-01
    outer loop
      vertex -1.897349e-01 -1.805207e+00 8.397782e-01
      vertex -3.245971e-16 -1.767024e+00 9.368169e-01
      vertex -3.334378e-16 -1.815151e+00 8.397782e-01
    endloop
  endfacet
  facet normal -4.689901e-02 8.948865e-01 -4.438228e-01
    outer loop
      vertex -3.245971e-16 -1.767024e+00 9.368169e-01
      vertex 1.847043e-01 -1.757344e+00 9.368169e-01
      vertex -3.334378e-16 -1.815151e+00 8.397782e-01
    endloop
  endfacet
  facet normal -4.689901e-02 8.948865e-01 -4.438228e-01
    outer loop
      vertex -3.334378e-16 -1.815151e+00 8.397782e-01
      vertex 1.847043e-01 -1.757344e+00 9.368169e-01
      vertex 1.897349e-01 -1.805207e+00 8.397782e-01
    endloop
  endfacet
  facet normal -1.401832e-01 8.850819e-01 -4.438228e-01
    outer loop
      vertex 1.847043e-01 -1.757344e+00 9.368169e-01
      vertex 3.673850e-01 -1.728410e+00 9.368169e-01
      vertex 1.897349e-01 -1.805207e+00 8.397782e-01
    endloop
  endfacet
  facet normal -1.401832e-01 8.850819e-01 -4.438228e-01
    outer loop
      vertex 1.897349e-01 -1.805207e+00 8.397782e-01
      vertex 3.673850e-01 -1.728410e+00 9.368169e-01
      vertex 3.773911e-01 -1.775485e+00 8.397782e-01
    endloop
  endfacet
  facet normal -2.319315e-01 8.655802e-01 -4.438228e-01
    outer loop
      vertex 3.673850e-01 -1.728410e+00 9.368169e-01
      vertex 5.460405e-01 -1.680540e+00 9.368169e-01
      vertex 3.773911e-01 -1.775485e+00 8.397782e-01
    endloop
  endfacet
  facet normal -2.319315e-01 8.655802e-01 -4.438228e-01
    outer loop
      vertex 3.773911e-01 -1.775485e+00 8.397782e-01
      vertex 5.460405e-01 -1.680540e+00 9.368169e-01
      vertex 5.609125e-01 -1.726311e+00 8.397782e-01
    endloop
  endfacet
  facet normal -3.211387e-01 8.365950e-01 -4.438228e-01
    outer loop
      vertex 5.460405e-01 -1.680540e+00 9.368169e-01
      vertex 7.187134e-01 -1.614257e+00 9.368169e-01
      vertex 5.609125e-01 -1.726311e+00 8.397782e-01
    endloop
  endfacet
  facet normal -3.211387e-01 8.365950e-01 -4.438228e-01
    outer loop
      vertex 5.609125e-01 -1.726311e+00 8.397782e-01
      vertex 7.187134e-01 -1.614257e+00 9.368169e-01
      vertex 7.382884e-01 -1.658223e+00 8.397782e-01
    endloop
  endfacet
  facet normal -4.068275e-01 7.984439e-01 -4.438228e-01
    outer loop
      vertex 7.187134e-01 -1.614257e+00 9.368169e-01
      vertex 8.835120e-01 -1.530288e+00 9.368169e-01
      vertex 7.382884e-01 -1.658223e+00 8.397782e-01
    endloop
  endfacet
  facet normal -4.068275e-01 7.984439e-01 -4.438228e-01
    outer loop
      vertex 7.382884e-01 -1.658223e+00 8.397782e-01
      vertex 8.835120e-01 -1.530288e+00 9.368169e-01
      vertex 9.075754e-01 -1.571967e+00 8.397782e-01
    endloop
  endfacet
  facet normal -4.880590e-01 7.515449e-01 -4.438228e-01
    outer loop
      vertex 8.835120e-01 -1.530288e+00 9.368169e-01
      vertex 1.038631e+00 -1.429553e+00 9.368169e-01
      vertex 9.075754e-01 -1.571967e+00 8.397782e-01
    endloop
  endfacet
  facet normal -4.880590e-01 7.515449e-01 -4.438228e-01
    outer loop
      vertex 9.075754e-01 -1.571967e+00 8.397782e-01
      vertex 1.038631e+00 -1.429553e+00 9.368169e-01
      vertex 1.066919e+00 -1.468488e+00 8.397782e-01
    endloop
  endfacet
  facet normal -5.639432e-01 6.964118e-01 -4.438228e-01
    outer loop
      vertex 1.038631e+00 -1.429553e+00 9.368169e-01
      vertex 1.182370e+00 -1.313155e+00 9.368169e-01
      vertex 1.066919e+00 -1.468488e+00 8.397782e-01
    endloop
  endfacet
  facet normal -5.639432e-01 6.964118e-01 -4.438228e-01
    outer loop
      vertex 1.066919e+00 -1.468488e+00 8.397782e-01
      vertex 1.182370e+00 -1.313155e+00 9.368169e-01
      vertex 1.214573e+00 -1.348920e+00 8.397782e-01
    endloop
  endfacet
  facet normal -6.336487e-01 6.336487e-01 -4.438228e-01
    outer loop
      vertex 1.182370e+00 -1.313155e+00 9.368169e-01
      vertex 1.313155e+00 -1.182370e+00 9.368169e-01
      vertex 1.214573e+00 -1.348920e+00 8.397782e-01
    endloop
  endfacet
  facet normal -6.336487e-01 6.336487e-01 -4.438228e-01
    outer loop
      vertex 1.214573e+00 -1.348920e+00 8.397782e-01
      vertex 1.313155e+00 -1.182370e+00 9.368169e-01
      vertex 1.348920e+00 -1.214573e+00 8.397782e-01
    endloop
  endfacet
  facet normal -6.964118e-01 5.639432e-01 -4.438228e-01
    outer loop
      vertex 1.313155e+00 -1.182370e+00 9.368169e-01
      vertex 1.429553e+00 -1.038631e+00 9.368169e-01
      vertex 1.348920e+00 -1.214573e+00 8.397782e-01
    endloop
  endfacet
  facet normal -6.964118e-01 5.639432e-01 -4.438228e-01
    outer loop
      vertex 1.348920e+00 -1.214573e+00 8.397782e-01
      vertex 1.429553e+00 -1.038631e+00 9.368169e-01
      vertex 1.468488e+00 -1.066919e+00 8.397782e-01
    endloop
  endfacet
  facet normal -7.515449e-01 4.880590e-01 -4.438228e-01
    outer loop
      vertex 1.429553e+00 -1.038631e+00 9.368169e-01
      vertex 1.530288e+00 -8.835120e-01 9.368169e-01
      vertex 1.468488e+00 -1.066919e+00 8.397782e-01
    endloop
  endfacet
  facet normal -7.515449e-01 4.880590e-01 -4.438228e-01
    outer loop
      vertex 1.468488e+00 -1.066919e+00 8.397782e-01
      vertex 1.530288e+00 -8.835120e-01 9.368169e-01
      vertex 1.571967e+00 -9.075754e-01 8.397782e-01
    endloop
  endfacet
  facet normal -7.984439e-01 4.068275e-01 -4.438228e-01
    outer loop
      vertex 1.530288e+00 -8.835120e-01 9.368169e-01
      vertex 1.614257e+00 -7.187134e-01 9.368169e-01
      vertex 1.571967e+00 -9.075754e-01 8.397782e-01
    endloop
  endfacet
  facet normal -7.984439e-01 4.068275e-01 -4.438228e-01
    outer loop
      vertex 1.571967e+00 -9.075754e-01 8.397782e-01
      vertex 1.614257e+00 -7.187134e-01 9.368169e-01
      vertex 1.658223e+00 -7.382884e-01 8.397782e-01
    endloop
  endfacet
  facet normal -8.365950e-01 3.211387e-01 -4.438228e-01
    outer loop
      vertex 1.614257e+00 -7.187134e-01 9.368169e-01
      vertex 1.680540e+00 -5.460405e-01 9.368169e-01
      vertex 1.658223e+00 -7.382884e-01 8.397782e-01
    endloop
  endfacet
  facet normal -8.365950e-01 3.211387e-01 -4.438228e-01
    outer loop
      vertex 1.658223e+00 -7.382884e-01 8.397782e-01
      vertex 1.680540e+00 -5.460405e-01 9.368169e-01
      vertex 1.726311e+00 -5.609125e-01 8.397782e-01
    endloop
  endfacet
  facet normal -8.655802e-01 2.319315e-01 -4.438228e-01
    outer loop
      vertex 1.680540e+00 -5.460405e-01 9.368169e-01
      vertex 1.728410e+00 -3.673850e-01 9.368169e-01
      vertex 1.726311e+00 -5.609125e-01 8.397782e-01
    endloop
  endfacet
  facet normal -8.655802e-01 2.319315e-01 -4.438228e-01
    outer loop
      vertex 1.726311e+00 -5.609125e-01 8.397782e-01
      vertex 1.728410e+00 -3.673850e-01 9.368169e-01
      vertex 1.775485e+00 -3.773911e-01 8.397782e-01
    endloop
  endfacet
  facet normal -8.850819e-01 1.401832e-01 -4.438228e-01
    outer loop
      vertex 1.728410e+00 -3.673850e-01 9.368169e-01
      vertex 1.757344e+00 -1.847043e-01 9.368169e-01
      vertex 1.775485e+00 -3.773911e-01 8.397782e-01
    endloop
  endfacet
  facet normal -8.850819e-01 1.401832e-01 -4.438228e-01
    outer loop
      vertex 1.775485e+00 -3.773911e-01 8.397782e-01
      vertex 1.757344e+00 -1.847043e-01 9.368169e-01
      vertex 1.805207e+00 -1.897349e-01 8.397782e-01
    endloop
  endfacet
  facet normal -8.948865e-01 4.689901e-02 -4.438228e-01
    outer loop
      vertex 1.757344e+00 -1.847043e-01 9.368169e-01
      vertex 1.767024e+00 0.000000e+00 9.368169e-01
      vertex 1.805207e+00 -1.897349e-01 8.397782e-01
    endloop
  endfacet
  facet normal -8.948865e-01 4.689901e-02 -4.438228e-01
    outer loop
      vertex 1.805207e+00 -1.897349e-01 8.397782e-01
      vertex 1.767024e+00 0.000000e+00 9.368169e-01
      vertex 1.815151e+00 0.000000e+00 8.397782e-01
    endloop
  endfacet
  facet normal -9.175503e-01 -4.808677e-02 -3.947014e-01
    outer loop
      vertex 1.815151e+00 0.000000e+00 8.397782e-01
      vertex 1.805207e+00 1.897349e-01 8.397782e-01
      vertex 1.857953e+00 0.000000e+00 7.402763e-01
    endloop
  endfacet
  facet normal -9.175503e-01 -4.808677e-02 -3.947014e-01
    outer loop
      vertex 1.857953e+00 0.000000e+00 7.402763e-01
      vertex 1.805207e+00 1.897349e-01 8.397782e-01
      vertex 1.847775e+00 1.942090e-01 7.402763e-01
    endloop
  endfacet
  facet normal -9.074974e-01 -1.437335e-01 -3.947014e-01
    outer loop
      vertex 1.805207e+00 1.897349e-01 8.397782e-01
      vertex 1.775485e+00 3.773911e-01 8.397782e-01
      vertex 1.847775e+00 1.942090e-01 7.402763e-01
    endloop
  endfacet
  facet normal -9.074974e-01 -1.437335e-01 -3.947014e-01
    outer loop
      vertex 1.847775e+00 1.942090e-01 7.402763e-01
      vertex 1.775485e+00 3.773911e-01 8.397782e-01
      vertex 1.817353e+00 3.862902e-01 7.402763e-01
    endloop
  endfacet
  facet normal -8.875018e-01 -2.378054e-01 -3.947014e-01
    outer loop
      vertex 1.775485e+00 3.773911e-01 8.397782e-01
      vertex 1.726311e+00 5.609125e-01 8.397782e-01
      vertex 1.817353e+00 3.862902e-01 7.402763e-01
    endloop
  endfacet
  facet normal -8.875018e-01 -2.378054e-01 -3.947014e-01
    outer loop
      vertex 1.817353e+00 3.862902e-01 7.402763e-01
      vertex 1.726311e+00 5.609125e-01 8.397782e-01
      vertex 1.767019e+00 5.741392e-01 7.402763e-01
    endloop
  endfacet
  facet normal -8.577825e-01 -3.292719e-01 -3.947014e-01
    outer loop
      vertex 1.726311e+00 5.609125e-01 8.397782e-01
      vertex 1.658223e+00 7.382884e-01 8.397782e-01
      vertex 1.767019e+00 5.741392e-01 7.402763e-01
    endloop
  endfacet
  facet normal -8.577825e-01 -3.292719e-01 -3.947014e-01
    outer loop
      vertex 1.767019e+00 5.741392e-01 7.402763e-01
      vertex 1.658223e+00 7.382884e-01 8.397782e-01
      vertex 1.697325e+00 7.556977e-01 7.402763e-01
    endloop
  endfacet
  facet normal -8.186652e-01 -4.171308e-01 -3.947014e-01
    outer loop
      vertex 1.658223e+00 7.382884e-01 8.397782e-01
      vertex 1.571967e+00 9.075754e-01 8.397782e-01
      vertex 1.697325e+00 7.556977e-01 7.402763e-01
    endloop
  endfacet
  facet normal -8.186652e-01 -4.171308e-01 -3.947014e-01
    outer loop
      vertex 1.697325e+00 7.556977e-01 7.402763e-01
      vertex 1.571967e+00 9.075754e-01 8.397782e-01
      vertex 1.609035e+00 9.289767e-01 7.402763e-01
    endloop
  endfacet
  facet normal -7.705784e-01 -5.004195e-01 -3.947014e-01
    outer loop
      vertex 1.571967e+00 9.075754e-01 8.397782e-01
      vertex 1.468488e+00 1.066919e+00 8.397782e-01
      vertex 1.609035e+00 9.289767e-01 7.402763e-01
    endloop
  endfacet
  facet normal -7.705784e-01 -5.004195e-01 -3.947014e-01
    outer loop
      vertex 1.609035e+00 9.289767e-01 7.402763e-01
      vertex 1.468488e+00 1.066919e+00 8.397782e-01
      vertex 1.503116e+00 1.092078e+00 7.402763e-01
    endloop
  endfacet
  facet normal -7.140491e-01 -5.782255e-01 -3.947014e-01
    outer loop
      vertex 1.468488e+00 1.066919e+00 8.397782e-01
      vertex 1.348920e+00 1.214573e+00 8.397782e-01
      vertex 1.503116e+00 1.092078e+00 7.402763e-01
    endloop
  endfacet
  facet normal -7.140491e-01 -5.782255e-01 -3.947014e-01
    outer loop
      vertex 1.503116e+00 1.092078e+00 7.402763e-01
      vertex 1.348920e+00 1.214573e+00 8.397782e-01
      vertex 1.380728e+00 1.243214e+00 7.402763e-01
    endloop
  endfacet
  facet normal -6.496964e-01 -6.496964e-01 -3.947014e-01
    outer loop
      vertex 1.348920e+00 1.214573e+00 8.397782e-01
      vertex 1.214573e+00 1.348920e+00 8.397782e-01
      vertex 1.380728e+00 1.243214e+00 7.402763e-01
    endloop
  endfacet
  facet normal -6.496964e-01 -6.496964e-01 -3.947014e-01
    outer loop
      vertex 1.380728e+00 1.243214e+00 7.402763e-01
      vertex 1.214573e+00 1.348920e+00 8.397782e-01
      vertex 1.243214e+00 1.380728e+00 7.402763e-01
    endloop
  endfacet
  facet normal -5.782255e-01 -7.140491e-01 -3.947014e-01
    outer loop
      vertex 1.214573e+00 1.348920e+00 8.397782e-01
      vertex 1.066919e+00 1.468488e+00 8.397782e-01
      vertex 1.243214e+00 1.380728e+00 7.402763e-01
    endloop
  endfacet
  facet normal -5.782255e-01 -7.140491e-01 -3.947014e-01
    outer loop
      vertex 1.243214e+00 1.380728e+00 7.402763e-01
      vertex 1.066919e+00 1.468488e+00 8.397782e-01
      vertex 1.092078e+00 1.503116e+00 7.402763e-01
    endloop
  endfacet
  facet normal -5.004195e-01 -7.705784e-01 -3.947014e-01
    outer loop
      vertex 1.066919e+00 1.468488e+00 8.397782e-01
      vertex 9.075754e-01 1.571967e+00 8.397782e-01
      vertex 1.092078e+00 1.503116e+00 7.402763e-01
    endloop
  endfacet
  facet normal -5.004195e-01 -7.705784e-01 -3.947014e-01
    outer loop
      vertex 1.092078e+00 1.503116e+00 7.402763e-01
      vertex 9.075754e-01 1.571967e+00 8.397782e-01
      vertex 9.289767e-01 1.609035e+00 7.402763e-01
    endloop
  endfacet
  facet normal -4.171308e-01 -8.186652e-01 -3.947014e-01
    outer loop
      vertex 9.075754e-01 1.571967e+00 8.397782e-01
      vertex 7.382884e-01 1.658223e+00 8.397782e-01
      vertex 9.289767e-01 1.609035e+00 7.402763e-01
    endloop
  endfacet
  facet normal -4.171308e-01 -8.186652e-01 -3.947014e-01
    outer loop
      vertex 9.289767e-01 1.609035e+00 7.402763e-01
      vertex 7.382884e-01 1.658223e+00 8.397782e-01
      vertex 7.556977e-01 1.697325e+00 7.402763e-01
    endloop
  endfacet
  facet normal -3.292719e-01 -8.577825e-01 -3.947014e-01
    outer loop
      vertex 7.382884e-01 1.658223e+00 8.397782e-01
      vertex 5.609125e-01 1.726311e+00 8.397782e-01
      vertex 7.556977e-01 1.697325e+00 7.402763e-01
    endloop
  endfacet
  facet normal -3.292719e-01 -8.577825e-01 -3.947014e-01
    outer loop
      vertex 7.556977e-01 1.697325e+00 7.402763e-01
      vertex 5.609125e-01 1.726311e+00 8.397782e-01
      vertex 5.741392e-01 1.767019e+00 7.402763e-01
    endloop
  endfacet
  facet normal -2.378054e-01 -8.875018e-01 -3.947014e-01
    outer loop
      vertex 5.609125e-01 1.726311e+00 8.397782e-01
      vertex 3.773911e-01 1.775485e+00 8.397782e-01
      vertex 5.741392e-01 1.767019e+00 7.402763e-01
    endloop
  endfacet
  facet normal -2.378054e-01 -8.875018e-01 -3.947014e-01
    outer loop
      vertex 5.741392e-01 1.767019e+00 7.402763e-01
      vertex 3.773911e-01 1.775485e+00 8.397782e-01
      vertex 3.862902e-01 1.817353e+00 7.402763e-01
    endloop
  endfacet
  facet normal -1.437335e-01 -9.074974e-01 -3.947014e-01
    outer loop
      vertex 3.773911e-01 1.775485e+00 8.397782e-01
      vertex 1.897349e-01 1.805207e+00 8.397782e-01
      vertex 3.862902e-01 1.817353e+00 7.402763e-01
    endloop
  endfacet
  facet normal -1.437335e-01 -9.074974e-01 -3.947014e-01
    outer loop
      vertex 3.862902e-01 1.817353e+00 7.402763e-01
      vertex 1.897349e-01 1.805207e+00 8.397782e-01
      vertex 1.942090e-01 1.847775e+00 7.402763e-01
    endloop
  endfacet
  facet normal -4.808677e-02 -9.175503e-01 -3.947014e-01
    outer loop
      vertex 1.897349e-01 1.805207e+00 8.397782e-01
      vertex 1.111459e-16 1.815151e+00 8.397782e-01
      vertex 1.942090e-01 1.847775e+00 7.402763e-01
    endloop
  endfacet
  facet normal -4.808677e-02 -9.175503e-01 -3.947014e-01
    outer loop
      vertex 1.942090e-01 1.847775e+00 7.402763e-01
      vertex 1.111459e-16 1.815151e+00 8.397782e-01
      vertex 1.137668e-16 1.857953e+00 7.402763e-01
    endloop
  endfacet
  facet normal 4.808677e-02 -9.175503e-01 -3.947014e-01
    outer loop
      vertex 1.111459e-16 1.815151e+00 8.397782e-01
      vertex -1.897349e-01 1.805207e+00 8.397782e-01
      vertex 1.137668e-16 1.857953e+00 7.402763e-01
    endloop
  endfacet
  facet normal 4.808677e-02 -9.175503e-01 -3.947014e-01
    outer loop
      vertex 1.137668e-16 1.857953e+00 7.402763e-01
      vertex -1.897349e-01 1.805207e+00 8.397782e-01
      vertex -1.942090e-01 1.847775e+00 7.402763e-01
    endloop
  endfacet
  facet normal 1.437335e-01 -9.074974e-01 -3.947014e-01
    outer loop
      vertex -1.897349e-01 1.805207e+00 8.397782e-01
      vertex -3.773911e-01 1.775485e+00 8.397782e-01
      vertex -1.942090e-01 1.847775e+00 7.402763e-01
    endloop
  endfacet
  facet normal 1.437335e-01 -9.074974e-01 -3.947014e-01
    outer loop
      vertex -1.942090e-01 1.847775e+00 7.402763e-01
      vertex -3.773911e-01 1.775485e+00 8.397782e-01
      vertex -3.862902e-01 1.817353e+00 7.402763e-01
    endloop
  endfacet
  facet normal 2.378054e-01 -8.875018e-01 -3.947014e-01
    outer loop
      vertex -3.773911e-01 1.775485e+00 8.397782e-01
      vertex -5.609125e-01 1.726311e+00 8.397782e-01
      vertex -3.862902e-01 1.817353e+00 7.402763e-01
    endloop
  endfacet
  facet normal 2.378054e-01 -8.875018e-01 -3.947014e-01
    outer loop
      vertex -3.862902e-01 1.817353e+00 7.402763e-01
      vertex -5.609125e-01 1.726311e+00 8.397782e-01
      vertex -5.741392e-01 1.767019e+00 7.402763e-01
    endloop
  endfacet
  facet normal 3.292719e-01 -8.577825e-01 -3.947014e-01
    outer loop
      vertex -5.609125e-01 1.726311e+00 8.397782e-01
      vertex -7.382884e-01 1.658223e+00 8.397782e-01
      vertex -5.741392e-01 1.767019e+00 7.402763e-01
    endloop
  endfacet
  facet normal 3.292719e-01 -8.577825e-01 -3.947014e-01
    outer loop
      vertex -5.741392e-01 1.767019e+00 7.402763e-01
      vertex -7.382884e-01 1.658223e+00 8.397782e-01
      vertex -7.556977e-01 1.697325e+00 7.402763e-01
    endloop
  endfacet
  facet normal 4.171308e-01 -8.186652e-01 -3.947014e-01
    outer loop
      vertex -7.382884e-01 1.658223e+00 8.397782e-01
      vertex -9.075754e-01 1.571967e+00 8.397782e-01
      vertex -7.556977e-01 1.697325e+00 7.402763e-01
    endloop
  endfacet
  facet normal 4.171308e-01 -8.186652e-01 -3.947014e-01
    outer loop
      vertex -7.556977e-01 1.697325e+00 7.402763e-01
      vertex -9.075754e-01 1.571967e+00 8.397782e-01
      vertex -9.289767e-01 1.609035e+00 7.402763e-01
    endloop
  endfacet
  facet normal 5.004195e-01 -7.705784e-01 -3.947014e-01
    outer loop
      vertex -9.075754e-01 1.571967e+00 8.397782e-01
      vertex -1.066919e+00 1.468488e+00 8.397782e-01
      vertex -9.289767e-01 1.609035e+00 7.402763e-01
    endloop
  endfacet
  facet normal 5.004195e-01 -7.705784e-01 -3.947014e-01
    outer loop
      vertex -9.289767e-01 1.609035e+00 7.402763e-01
      vertex -1.066919e+00 1.468488e+00 8.397782e-01
      vertex -1.092078e+00 1.503116e+00 7.402763e-01
    endloop
  endfacet
  facet normal 5.782255e-01 -7.140491e-01 -3.947014e-01
    outer loop
      vertex -1.066919e+00 1.468488e+00 8.397782e-01
      vertex -1.214573e+00 1.348920e+00 8.397782e-01
      vertex -1.092078e+00 1.503116e+00 7.402763e-01
    endloop
  endfacet
  facet normal 5.782255e-01 -7.140491e-01 -3.947014e-01
    outer loop
      vertex -1.092078e+00 1.503116e+00 7.402763e-01
      vertex -1.214573e+00 1.348920e+00 8.397782e-01
      vertex -1.243214e+00 1.380728e+00 7.402763e-01
    endloop
  endfacet
  facet normal 6.496964e-01 -6.496964e-01 -3.947014e-01
    outer loop
      vertex -1.214573e+00 1.348920e+00 8.397782e-01
      vertex -1.348920e+00 1.214573e+00 8.397782e-01
      vertex -1.243214e+00 1.380728e+00 7.402763e-01
    endloop
  endfacet
  facet normal 6.496964e-01 -6.496964e-01 -3.947014e-01
    outer loop
      vertex -1.243214e+00 1.380728e+00 7.402763e-01
      vertex -1.348920e+00 1.214573e+00 8.397782e-01
      vertex -1.380728e+00 1.243214e+00 7.402763e-01
    endloop
  endfacet
  facet normal 7.140491e-01 -5.782255e-01 -3.947014e-01
    outer loop
      vertex -1.348920e+00 1.214573e+00 8.397782e-01
      vertex -1.468488e+00 1.066919e+00 8.397782e-01
      vertex -1.380728e+00 1.243214e+00 7.402763e-01
    endloop
  endfacet
  facet normal 7.140491e-01 -5.782255e-01 -3.947014e-01
    outer loop
      vertex -1.380728e+00 1.243214e+00 7.402763e-01
      vertex -1.468488e+00 1.066919e+00 8.397782e-01
      vertex -1.503116e+00 1.092078e+00 7.402763e-01
    endloop
  endfacet
  facet normal 7.705784e-01 -5.004195e-01 -3.947014e-01
    outer loop
      vertex -1.468488e+00 1.066919e+00 8.397782e-01
      vertex -1.571967e+00 9.075754e-01 8.397782e-01
      vertex -1.503116e+00 1.092078e+00 7.402763e-01
    endloop
  endfacet
  facet normal 7.705784e-01 -5.004195e-01 -3.947014e-01
    outer loop
      vertex -1.503116e+00 1.092078e+00 7.402763e-01
      vertex -1.571967e+00 9.075754e-01 8.397782e-01
      vertex -1.609035e+00 9.289767e-01 7.402763e-01
    endloop
  endfacet
  facet normal 8.186652e-01 -4.171308e-01 -3.947014e-01
    outer loop
      vertex -1.571967e+00 9.075754e-01 8.397782e-01
      vertex -1.658223e+00 7.382884e-01 8.397782e-01
      vertex -1.609035e+00 9.289767e-01 7.402763e-01
    endloop
  endfacet
  facet normal 8.186652e-01 -4.171308e-01 -3.947014e-01
    outer loop
      vertex -1.609035e+00 9.289767e-01 7.402763e-01
      vertex -1.658223e+00 7.382884e-01 8.397782e-01
      vertex -1.697325e+00 7.556977e-01 7.402763e-01
    endloop
  endfacet
  facet normal 8.577825e-01 -3.292719e-01 -3.947014e-01
    outer loop
      vertex -1.658223e+00 7.382884e-01 8.397782e-01
      vertex -1.726311e+00 5.609125e-01 8.397782e-01
      vertex -1.697325e+00 7.556977e-01 7.402763e-01
    endloop
  endfacet
  facet normal 8.577825e-01 -3.292719e-01 -3.947014e-01
    outer loop
      vertex -1.697325e+00 7.556977e-01 7.402763e-01
      vertex -1.726311e+00 5.609125e-01 8.397782e-01
      vertex -1.767019e+00 5.741392e-01 7.402763e-01
    endloop
  endfacet
  facet normal 8.875018e-01 -2.378054e-01 -3.947014e-01
    outer loop
      vertex -1.726311e+00 5.609125e-01 8.397782e-01
      vertex -1.775485e+00 3.773911e-01 8.397782e-01
      vertex -1.767019e+00 5.741392e-01 7.402763e-01
    endloop
  endfacet
  facet normal 8.875018e-01 -2.378054e-01 -3.947014e-01
    outer loop
      vertex -1.767019e+00 5.741392e-01 7.402763e-01
      vertex -1.775485e+00 3.773911e-01 8.397782e-01
      vertex -1.817353e+00 3.862902e-01 7.402763e-01
    endloop
  endfacet
  facet normal 9.074974e-01 -1.437335e-01 -3.947014e-01
    outer loop
      vertex -1.775485e+00 3.773911e-01 8.397782e-01
      vertex -1.805207e+00 1.897349e-01 8.397782e-01
      vertex -1.817353e+00 3.862902e-01 7.402763e-01
    endloop
  endfacet
  facet normal 9.074974e-01 -1.437335e-01 -3.947014e-01
    outer loop
      vertex -1.817353e+00 3.862902e-01 7.402763e-01
      vertex -1.805207e+00 1.897349e-01 8.397782e-01
      vertex -1.847775e+00 1.942090e-01 7.402763e-01
    endloop
  endfacet
  facet normal 9.175503e-01 -4.808677e-02 -3.947014e-01
    outer loop
      vertex -1.805207e+00 1.897349e-01 8.397782e-01
      vertex -1.815151e+00 2.222919e-16 8.397782e-01
      vertex -1.847775e+00 1.942090e-01 7.402763e-01
    endloop
  endfacet
  facet normal 9.175503e-01 -4.808677e-02 -3.947014e-01
    outer loop
      vertex -1.847775e+00 1.942090e-01 7.402763e-01
      vertex -1.815151e+00 2.222919e-16 8.397782e-01
      vertex -1.857953e+00 2.275337e-16 7.402763e-01
    endloop
  endfacet
  facet normal 9.175503e-01 4.808677e-02 -3.947014e-01
    outer loop
      vertex -1.815151e+00 2.222919e-16 8.397782e-01
      vertex -1.805207e+00 -1.897349e-01 8.397782e-01
      vertex -1.857953e+00 2.275337e-16 7.402763e-01
    endloop
  endfacet
  facet normal 9.175503e-01 4.808677e-02 -3.947014e-01
    outer loop
      vertex -1.857953e+00 2.275337e-16 7.402763e-01
      vertex -1.805207e+00 -1.897349e-01 8.397782e-01
      vertex -1.847775e+00 -1.942090e-01 7.402763e-01
    endloop
  endfacet
  facet normal 9.074974e-01 1.437335e-01 -3.947014e-01
    outer loop
      vertex -1.805207e+00 -1.897349e-01 8.397782e-01
      vertex -1.775485e+00 -3.773911e-01 8.397782e-01
      vertex -1.847775e+00 -1.942090e-01 7.402763e-01
    endloop
  endfacet
  facet normal 9.074974e-01 1.437335e-01 -3.947014e-01
    outer loop
      vertex -1.847775e+00 -1.942090e-01 7.402763e-01
      vertex -1.775485e+00 -3.773911e-01 8.397782e-01
      vertex -1.817353e+00 -3.862902e-01 7.402763e-01
    endloop
  endfacet
  facet normal 8.875018e-01 2.378054e-01 -3.947014e-01
    outer loop
      vertex -1.775485e+00 -3.773911e-01 8.397782e-01
      vertex -1.726311e+00 -5.609125e-01 8.397782e-01
      vertex -1.817353e+00 -3.862902e-01 7.402763e-01
    endloop
  endfacet
  facet normal 8.875018e-01 2.378054e-01 -3.947014e-01
    outer loop
      vertex -1.817353e+00 -3.862902e-01 7.402763e-01
      vertex -1.726311e+00 -5.609125e-01 8.397782e-01
      vertex -1.767019e+00 -5.741392e-01 7.402763e-01
    endloop
  endfacet
  facet normal 8.577825e-01 3.292719e-01 -3.947014e-01
    outer loop
      vertex -1.726311e+00 -5.609125e-01 8.397782e-01
      vertex -1.658223e+00 -7.382884e-01 8.397782e-01
      vertex -1.767019e+00 -5.741392e-01 7.402763e-01
    endloop
  endfacet
  facet normal 8.577825e-01 3.292719e-01 -3.947014e-01
    outer loop
      vertex -1.767019e+00 -5.741392e-01 7.402763e-01
      vertex -1.658223e+00 -7.382884e-01 8.397782e-01
      vertex -1.697325e+00 -7.556977e-01 7.402763e-01
    endloop
  endfacet
  facet normal 8.186652e-01 4.171308e-01 -3.947014e-01
    outer loop
      vertex -1.658223e+00 -7.382884e-01 8.397782e-01
      vertex -1.571967e+00 -9.075754e-01 8.397782e-01
      vertex -1.697325e+00 -7.556977e-01 7.402763e-01
    endloop
  endfacet
  facet normal 8.186652e-01 4.171308e-01 -3.947014e-01
    outer loop
      vertex -1.697325e+00 -7.556977e-01 7.402763e-01
      vertex -1.571967e+00 -9.075754e-01 8.397782e-01
      vertex -1.609035e+00 -9.289767e-01 7.402763e-01
    endloop
  endfacet
  facet normal 7.705784e-01 5.004195e-01 -3.947014e-01
    outer loop
      vertex -1.571967e+00 -9.075754e-01 8.397782e-01
      vertex -1.468488e+00 -1.066919e+00 8.397782e-01
      vertex -1.609035e+00 -9.289767e-01 7.402763e-01
    endloop
  endfacet
  facet normal 7.705784e-01 5.004195e-01 -3.947014e-01
    outer loop
      vertex -1.609035e+00 -9.289767e-01 7.402763e-01
      vertex -1.468488e+00 -1.066919e+00 8.397782e-01
      vertex -1.503116e+00 -1.092078e+00 7.402763e-01
    endloop
  endfacet
  facet normal 7.140491e-01 5.782255e-01 -3.947014e-01
    outer loop
      vertex -1.468488e+00 -1.066919e+00 8.397782e-01
      vertex -1.348920e+00 -1.214573e+00 8.397782e-01
      vertex -1.503116e+00 -1.092078e+00 7.402763e-01
    endloop
  endfacet
  facet normal 7.140491e-01 5.782255e-01 -3.947014e-01
    outer loop
      vertex -1.503116e+00 -1.092078e+00 7.402763e-01
      vertex -1.348920e+00 -1.214573e+00 8.397782e-01
      vertex -1.380728e+00 -1.243214e+00 7.402763e-01
    endloop
  endfacet
  facet normal 6.496964e-01 6.496964e-01 -3.947014e-01
    outer loop
      vertex -1.348920e+00 -1.214573e+00 8.397782e-01
      vertex -1.214573e+00 -1.348920e+00 8.397782e-01
      vertex -1.380728e+00 -1.243214e+00 7.402763e-01
    endloop
  endfacet
  facet normal 6.496964e-01 6.496964e-01 -3.947014e-01
    outer loop
      vertex -1.380728e+00 -1.243214e+00 7.402763e-01
      vertex -1.214573e+00 -1.348920e+00 8.397782e-01
      vertex -1.243214e+00 -1.380728e+00 7.402763e-01
    endloop
  endfacet
  facet normal 5.782255e-01 7.140491e-01 -3.947014e-01
    outer loop
      vertex -1.214573e+00 -1.348920e+00 8.397782e-01
      vertex -1.066919e+00 -1.468488e+00 8.397782e-01
      vertex -1.243214e+00 -1.380728e+00 7.402763e-01
    endloop
  endfacet
  facet normal 5.782255e-01 7.140491e-01 -3.947014e-01
    outer loop
      vertex -1.243214e+00 -1.380728e+00 7.402763e-01
      vertex -1.066919e+00 -1.468488e+00 8.397782e-01
      vertex -1.092078e+00 -1.503116e+00 7.402763e-01
    endloop
  endfacet
  facet normal 5.004195e-01 7.705784e-01 -3.947014e-01
    outer loop
      vertex -1.066919e+00 -1.468488e+00 8.397782e-01
      vertex -9.075754e-01 -1.571967e+00 8.397782e-01
      vertex -1.092078e+00 -1.503116e+00 7.402763e-01
    endloop
  endfacet
  facet normal 5.004195e-01 7.705784e-01 -3.947014e-01
    outer loop
      vertex -1.092078e+00 -1.503116e+00 7.402763e-01
      vertex -9.075754e-01 -1.571967e+00 8.397782e-01
      vertex -9.289767e-01 -1.609035e+00 7.402763e-01
    endloop
  endfacet
  facet normal 4.171308e-01 8.186652e-01 -3.947014e-01
    outer loop
      vertex -9.075754e-01 -1.571967e+00 8.397782e-01
      vertex -7.382884e-01 -1.658223e+00 8.397782e-01
      vertex -9.289767e-01 -1.609035e+00 7.402763e-01
    endloop
  endfacet
  facet normal 4.171308e-01 8.186652e-01 -3.947014e-01
    outer loop
      vertex -9.289767e-01 -1.609035e+00 7.402763e-01
      vertex -7.382884e-01 -1.658223e+00 8.397782e-01
      vertex -7.556977e-01 -1.697325e+00 7.402763e-01
    endloop
  endfacet
  facet normal 3.292719e-01 8.577825e-01 -3.947014e-01
    outer loop
      vertex -7.382884e-01 -1.658223e+00 8.397782e-01
      vertex -5.609125e-01 -1.726311e+00 8.397782e-01
      vertex -7.556977e-01 -1.697325e+00 7.402763e-01
    endloop
  endfacet
  facet normal 3.292719e-01 8.577825e-01 -3.947014e-01
    outer loop
      vertex -7.556977e-01 -1.697325e+00 7.402763e-01
      vertex -5.609125e-01 -1.726311e+00 8.397782e-01
      vertex -5.741392e-01 -1.767019e+00 7.402763e-01
    endloop
  endfacet
  facet normal 2.378054e-01 8.875018e-01 -3.947014e-01
    outer loop
      vertex -5.609125e-01 -1.726311e+00 8.397782e-01
      vertex -3.773911e-01 -1.775485e+00 8.397782e-01
      vertex -5.741392e-01 -1.767019e+00 7.402763e-01
    endloop
  endfacet
  facet normal 2.378054e-01 8.875018e-01 -3.947014e-01
    outer loop
      vertex -5.741392e-01 -1.767019e+00 7.402763e-01
      vertex -3.773911e-01 -1.775485e+00 8.397782e-01
      vertex -3.862902e-01 -1.817353e+00 7.402763e-01
    endloop
  endfacet
  facet normal 1.437335e-01 9.074974e-01 -3.947014e-01
    outer loop
      vertex -3.773911e-01 -1.775485e+00 8.397782e-01
      vertex -1.897349e-01 -1.805207e+00 8.397782e-01
      vertex -3.862902e-01 -1.817353e+00 7.402763e-01
    endloop
  endfacet
  facet normal 1.437335e-01 9.074974e-01 -3.947014e-01
    outer loop
      vertex -3.862902e-01 -1.817353e+00 7.402763e-01
      vertex -1.897349e-01 -1.805207e+00 8.397782e-01
      vertex -1.942090e-01 -1.847775e+00 7.402763e-01
    endloop
  endfacet
  facet normal 4.808677e-02 9.175503e-01 -3.947014e-01
    outer loop
      vertex -1.897349e-01 -1.805207e+00 8.397782e-01
      vertex -3.334378e-16 -1.815151e+00 8.397782e-01
      vertex -1.942090e-01 -1.847775e+00 7.402763e-01
    endloop
  endfacet
  facet normal 4.808677e-02 9.175503e-01 -3.947014e-01
    outer loop
      vertex -1.942090e-01 -1.847775e+00 7.402763e-01
      vertex -3.334378e-16 -1.815151e+00 8.397782e-01
      vertex -3.413005e-16 -1.857953e+00 7.402763e-01
    endloop
  endfacet
  facet normal -4.808677e-02 9.175503e-01 -3.947014e-01
    outer loop
      vertex -3.334378e-16 -1.815151e+00 8.397782e-01
      vertex 1.897349e-01 -1.805207e+00 8.397782e-01
      vertex -3.413005e-16 -1.857953e+00 7.402763e-01
    endloop
  endfacet
  facet normal -4.808677e-02 9.175503e-01 -3.947014e-01
    outer loop
      vertex -3.413005e-16 -1.857953e+00 7.402763e-01
      vertex 1.897349e-01 -1.805207e+00 8.397782e-01
      vertex 1.942090e-01 -1.847775e+00 7.402763e-01
    endloop
  endfacet
  facet normal -1.437335e-01 9.074974e-01 -3.947014e-01
    outer loop
      vertex 1.897349e-01 -1.805207e+00 8.397782e-01
      vertex 3.773911e-01 -1.775485e+00 8.397782e-01
      vertex 1.942090e-01 -1.847775e+00 7.402763e-01
    endloop
  endfacet
  facet normal -1.437335e-01 9.074974e-01 -3.947014e-01
    outer loop
      vertex 1.942090e-01 -1.847775e+00 7.402763e-01
      vertex 3.773911e-01 -1.775485e+00 8.397782e-01
      vertex 3.862902e-01 -1.817353e+00 7.402763e-01
    endloop
  endfacet
  facet normal -2.378054e-01 8.875018e-01 -3.947014e-01
    outer loop
      vertex 3.773911e-01 -1.775485e+00 8.397782e-01
      vertex 5.609125e-01 -1.726311e+00 8.397782e-01
      vertex 3.862902e-01 -1.817353e+00 7.402763e-01
    endloop
  endfacet
  facet normal -2.378054e-01 8.875018e-01 -3.947014e-01
    outer loop
      vertex 3.862902e-01 -1.817353e+00 7.402763e-01
      vertex 5.609125e-01 -1.726311e+00 8.397782e-01
      vertex 5.741392e-01 -1.767019e+00 7.402763e-01
    endloop
  endfacet
  facet normal -3.292719e-01 8.577825e-01 -3.947014e-01
    outer loop
      vertex 5.609125e-01 -1.726311e+00 8.397782e-01
      vertex 7.382884e-01 -1.658223e+00 8.397782e-01
      vertex 5.741392e-01 -1.767019e+00 7.402763e-01
    endloop
  endfacet
  facet normal -3.292719e-01 8.577825e-01 -3.947014e-01
    outer loop
      vertex 5.741392e-01 -1.767019e+00 7.402763e-01
      vertex 7.382884e-01 -1.658223e+00 8.397782e-01
      vertex 7.556977e-01 -1.697325e+00 7.402763e-01
    endloop
  endfacet
  facet normal -4.171308e-01 8.186652e-01 -3.947014e-01
    outer loop
      vertex 7.382884e-01 -1.658223e+00 8.397782e-01
      vertex 9.075754e-01 -1.571967e+00 8.397782e-01
      vertex 7.556977e-01 -1.697325e+00 7.402763e-01
    endloop
  endfacet
  facet normal -4.171308e-01 8.186652e-01 -3.947014e-01
    outer loop
      vertex 7.556977e-01 -1.697325e+00 7.402763e-01
      vertex 9.075754e-01 -1.571967e+00 8.397782e-01
      vertex 9.289767e-01 -1.609035e+00 7.402763e-01
    endloop
  endfacet
  facet normal -5.004195e-01 7.705784e-01 -3.947014e-01
    outer loop
      vertex 9.075754e-01 -1.571967e+00 8.397782e-01
      vertex 1.066919e+00 -1.468488e+00 8.397782e-01
      vertex 9.289767e-01 -1.609035e+00 7.402763e-01
    endloop
  endfacet
  facet normal -5.004195e-01 7.705784e-01 -3.947014e-01
    outer loop
      vertex 9.289767e-01 -1.609035e+00 7.402763e-01
      vertex 1.066919e+00 -1.468488e+00 8.397782e-01
      vertex 1.092078e+00 -1.503116e+00 7.402763e-01
    endloop
  endfacet
  facet normal -5.782255e-01 7.140491e-01 -3.947014e-01
    outer loop
      vertex 1.066919e+00 -1.468488e+00 8.397782e-01
      vertex 1.214573e+00 -1.348920e+00 8.397782e-01
      vertex 1.092078e+00 -1.503116e+00 7.402763e-01
    endloop
  endfacet
  facet normal -5.782255e-01 7.140491e-01 -3.947014e-01
    outer loop
      vertex 1.092078e+00 -1.503116e+00 7.402763e-01
      vertex 1.214573e+00 -1.348920e+00 8.397782e-01
      vertex 1.243214e+00 -1.380728e+00 7.402763e-01
    endloop
  endfacet
  facet normal -6.496964e-01 6.496964e-01 -3.947014e-01
    outer loop
      vertex 1.214573e+00 -1.348920e+00 8.397782e-01
      vertex 1.348920e+00 -1.214573e+00 8.397782e-01
      vertex 1.243214e+00 -1.380728e+00 7.402763e-01
    endloop
  endfacet
  facet normal -6.496964e-01 6.496964e-01 -3.947014e-01
    outer loop
      vertex 1.243214e+00 -1.380728e+00 7.402763e-01
      vertex 1.348920e+00 -1.214573e+00 8.397782e-01
      vertex 1.380728e+00 -1.243214e+00 7.402763e-01
    endloop
  endfacet
  facet normal -7.140491e-01 5.782255e-01 -3.947014e-01
    outer loop
      vertex 1.348920e+00 -1.214573e+00 8.397782e-01
      vertex 1.468488e+00 -1.066919e+00 8.397782e-01
      vertex 1.380728e+00 -1.243214e+00 7.402763e-01
    endloop
  endfacet
  facet normal -7.140491e-01 5.782255e-01 -3.947014e-01
    outer loop
      vertex 1.380728e+00 -1.243214e+00 7.402763e-01
      vertex 1.468488e+00 -1.066919e+00 8.397782e-01
      vertex 1.503116e+00 -1.092078e+00 7.402763e-01
    endloop
  endfacet
  facet normal -7.705784e-01 5.004195e-01 -3.947014e-01
    outer loop
      vertex 1.468488e+00 -1.066919e+00 8.397782e-01
      vertex 1.571967e+00 -9.075754e-01 8.397782e-01
      vertex 1.503116e+00 -1.092078e+00 7.402763e-01
    endloop
  endfacet
  facet normal -7.705784e-01 5.004195e-01 -3.947014e-01
    outer loop
      vertex 1.503116e+00 -1.092078e+00 7.402763e-01
      vertex 1.571967e+00 -9.075754e-01 8.397782e-01
      vertex 1.609035e+00 -9.289767e-01 7.402763e-01
    endloop
  endfacet
  facet normal -8.186652e-01 4.171308e-01 -3.947014e-01
    outer loop
      vertex 1.571967e+00 -9.075754e-01 8.397782e-01
      vertex 1.658223e+00 -7.382884e-01 8.397782e-01
      vertex 1.609035e+00 -9.289767e-01 7.402763e-01
    endloop
  endfacet
  facet normal -8.186652e-01 4.171308e-01 -3.947014e-01
    outer loop
      vertex 1.609035e+00 -9.289767e-01 7.402763e-01
      vertex 1.658223e+00 -7.382884e-01 8.397782e-01
      vertex 1.697325e+00 -7.556977e-01 7.402763e-01
    endloop
  endfacet
  facet normal -8.577825e-01 3.292719e-01 -3.947014e-01
    outer loop
      vertex 1.658223e+00 -7.382884e-01 8.397782e-01
      vertex 1.726311e+00 -5.609125e-01 8.397782e-01
      vertex 1.697325e+00 -7.556977e-01 7.402763e-01
    endloop
  endfacet
  facet normal -8.577825e-01 3.292719e-01 -3.947014e-01
    outer loop
      vertex 1.697325e+00 -7.556977e-01 7.402763e-01
      vertex 1.726311e+00 -5.609125e-01 8.397782e-01
      vertex 1.767019e+00 -5.741392e-01 7.402763e-01
    endloop
  endfacet
  facet normal -8.875018e-01 2.378054e-01 -3.947014e-01
    outer loop
      vertex 1.726311e+00 -5.609125e-01 8.397782e-01
      vertex 1.775485e+00 -3.773911e-01 8.397782e-01
      vertex 1.767019e+00 -5.741392e-01 7.402763e-01
    endloop
  endfacet
  facet normal -8.875018e-01 2.378054e-01 -3.947014e-01
    outer loop
      vertex 1.767019e+00 -5.741392e-01 7.402763e-01
      vertex 1.775485e+00 -3.773911e-01 8.397782e-01
      vertex 1.817353e+00 -3.862902e-01 7.402763e-01
    endloop
  endfacet
  facet normal -9.074974e-01 1.437335e-01 -3.947014e-01
    outer loop
      vertex 1.775485e+00 -3.773911e-01 8.397782e-01
      vertex 1.805207e+00 -1.897349e-01 8.397782e-01
      vertex 1.817353e+00 -3.862902e-01 7.402763e-01
    endloop
  endfacet
  facet normal -9.074974e-01 1.437335e-01 -3.947014e-01
    outer loop
      vertex 1.817353e+00 -3.862902e-01 7.402763e-01
      vertex 1.805207e+00 -1.897349e-01 8.397782e-01
      vertex 1.847775e+00 -1.942090e-01 7.402763e-01
    endloop
  endfacet
  facet normal -9.175503e-01 4.808677e-02 -3.947014e-01
    outer loop
      vertex 1.805207e+00 -1.897349e-01 8.397782e-01
      vertex 1.815151e+00 0.000000e+00 8.397782e-01
      vertex 1.847775e+00 -1.942090e-01 7.402763e-01
    endloop
  endfacet
  facet normal -9.175503e-01 4.808677e-02 -3.947014e-01
    outer loop
      vertex 1.847775e+00 -1.942090e-01 7.402763e-01
      vertex 1.815151e+00 0.000000e+00 8.397782e-01
      vertex 1.857953e+00 0.000000e+00 7.402763e-01
    endloop
  endfacet
  facet normal -9.375255e-01 -4.913363e-02 -3.444298e-01
    outer loop
      vertex 1.857953e+00 0.000000e+00 7.402763e-01
      vertex 1.847775e+00 1.942090e-01 7.402763e-01
      vertex 1.895306e+00 0.000000e+00 6.386031e-01
    endloop
  endfacet
  facet normal -9.375255e-01 -4.913363e-02 -3.444298e-01
    outer loop
      vertex 1.895306e+00 0.000000e+00 6.386031e-01
      vertex 1.847775e+00 1.942090e-01 7.402763e-01
      vertex 1.884924e+00 1.981135e-01 6.386031e-01
    endloop
  endfacet
  facet normal -9.272537e-01 -1.468626e-01 -3.444298e-01
    outer loop
      vertex 1.847775e+00 1.942090e-01 7.402763e-01
      vertex 1.817353e+00 3.862902e-01 7.402763e-01
      vertex 1.884924e+00 1.981135e-01 6.386031e-01
    endloop
  endfacet
  facet normal -9.272537e-01 -1.468626e-01 -3.444298e-01
    outer loop
      vertex 1.884924e+00 1.981135e-01 6.386031e-01
      vertex 1.817353e+00 3.862902e-01 7.402763e-01
      vertex 1.853889e+00 3.940563e-01 6.386031e-01
    endloop
  endfacet
  facet normal -9.068228e-01 -2.429824e-01 -3.444298e-01
    outer loop
      vertex 1.817353e+00 3.862902e-01 7.402763e-01
      vertex 1.767019e+00 5.741392e-01 7.402763e-01
      vertex 1.853889e+00 3.940563e-01 6.386031e-01
    endloop
  endfacet
  facet normal -9.068228e-01 -2.429824e-01 -3.444298e-01
    outer loop
      vertex 1.853889e+00 3.940563e-01 6.386031e-01
      vertex 1.767019e+00 5.741392e-01 7.402763e-01
      vertex 1.802543e+00 5.856819e-01 6.386031e-01
    endloop
  endfacet
  facet normal -8.764566e-01 -3.364402e-01 -3.444298e-01
    outer loop
      vertex 1.767019e+00 5.741392e-01 7.402763e-01
      vertex 1.697325e+00 7.556977e-01 7.402763e-01
      vertex 1.802543e+00 5.856819e-01 6.386031e-01
    endloop
  endfacet
  facet normal -8.764566e-01 -3.364402e-01 -3.444298e-01
    outer loop
      vertex 1.802543e+00 5.856819e-01 6.386031e-01
      vertex 1.697325e+00 7.556977e-01 7.402763e-01
      vertex 1.731448e+00 7.708905e-01 6.386031e-01
    endloop
  endfacet
  facet normal -8.364877e-01 -4.262118e-01 -3.444298e-01
    outer loop
      vertex 1.697325e+00 7.556977e-01 7.402763e-01
      vertex 1.609035e+00 9.289767e-01 7.402763e-01
      vertex 1.731448e+00 7.708905e-01 6.386031e-01
    endloop
  endfacet
  facet normal -8.364877e-01 -4.262118e-01 -3.444298e-01
    outer loop
      vertex 1.731448e+00 7.708905e-01 6.386031e-01
      vertex 1.609035e+00 9.289767e-01 7.402763e-01
      vertex 1.641383e+00 9.476532e-01 6.386031e-01
    endloop
  endfacet
  facet normal -7.873541e-01 -5.113137e-01 -3.444298e-01
    outer loop
      vertex 1.609035e+00 9.289767e-01 7.402763e-01
      vertex 1.503116e+00 1.092078e+00 7.402763e-01
      vertex 1.641383e+00 9.476532e-01 6.386031e-01
    endloop
  endfacet
  facet normal -7.873541e-01 -5.113137e-01 -3.444298e-01
    outer loop
      vertex 1.641383e+00 9.476532e-01 6.386031e-01
      vertex 1.503116e+00 1.092078e+00 7.402763e-01
      vertex 1.533335e+00 1.114033e+00 6.386031e-01
    endloop
  endfacet
  facet normal -7.295940e-01 -5.908136e-01 -3.444298e-01
    outer loop
      vertex 1.503116e+00 1.092078e+00 7.402763e-01
      vertex 1.380728e+00 1.243214e+00 7.402763e-01
      vertex 1.533335e+00 1.114033e+00 6.386031e-01
    endloop
  endfacet
  facet normal -7.295940e-01 -5.908136e-01 -3.444298e-01
    outer loop
      vertex 1.533335e+00 1.114033e+00 6.386031e-01
      vertex 1.380728e+00 1.243214e+00 7.402763e-01
      vertex 1.408487e+00 1.268207e+00 6.386031e-01
    endloop
  endfacet
  facet normal -6.638404e-01 -6.638404e-01 -3.444298e-01
    outer loop
      vertex 1.380728e+00 1.243214e+00 7.402763e-01
      vertex 1.243214e+00 1.380728e+00 7.402763e-01
      vertex 1.408487e+00 1.268207e+00 6.386031e-01
    endloop
  endfacet
  facet normal -6.638404e-01 -6.638404e-01 -3.444298e-01
    outer loop
      vertex 1.408487e+00 1.268207e+00 6.386031e-01
      vertex 1.243214e+00 1.380728e+00 7.402763e-01
      vertex 1.268207e+00 1.408487e+00 6.386031e-01
    endloop
  endfacet
  facet normal -5.908136e-01 -7.295940e-01 -3.444298e-01
    outer loop
      vertex 1.243214e+00 1.380728e+00 7.402763e-01
      vertex 1.092078e+00 1.503116e+00 7.402763e-01
      vertex 1.268207e+00 1.408487e+00 6.386031e-01
    endloop
  endfacet
  facet normal -5.908136e-01 -7.295940e-01 -3.444298e-01
    outer loop
      vertex 1.268207e+00 1.408487e+00 6.386031e-01
      vertex 1.092078e+00 1.503116e+00 7.402763e-01
      vertex 1.114033e+00 1.533335e+00 6.386031e-01
    endloop
  endfacet
  facet normal -5.113137e-01 -7.873541e-01 -3.444298e-01
    outer loop
      vertex 1.092078e+00 1.503116e+00 7.402763e-01
      vertex 9.289767e-01 1.609035e+00 7.402763e-01
      vertex 1.114033e+00 1.533335e+00 6.386031e-01
    endloop
  endfacet
  facet normal -5.113137e-01 -7.873541e-01 -3.444298e-01
    outer loop
      vertex 1.114033e+00 1.533335e+00 6.386031e-01
      vertex 9.289767e-01 1.609035e+00 7.402763e-01
      vertex 9.476532e-01 1.641383e+00 6.386031e-01
    endloop
  endfacet
  facet normal -4.262118e-01 -8.364877e-01 -3.444298e-01
    outer loop
      vertex 9.289767e-01 1.609035e+00 7.402763e-01
      vertex 7.556977e-01 1.697325e+00 7.402763e-01
      vertex 9.476532e-01 1.641383e+00 6.386031e-01
    endloop
  endfacet
  facet normal -4.262118e-01 -8.364877e-01 -3.444298e-01
    outer loop
      vertex 9.476532e-01 1.641383e+00 6.386031e-01
      vertex 7.556977e-01 1.697325e+00 7.402763e-01
      vertex 7.708905e-01 1.731448e+00 6.386031e-01
    endloop
  endfacet
  facet normal -3.364402e-01 -8.764566e-01 -3.444298e-01
    outer loop
      vertex 7.556977e-01 1.697325e+00 7.402763e-01
      vertex 5.741392e-01 1.767019e+00 7.402763e-01
      vertex 7.708905e-01 1.731448e+00 6.386031e-01
    endloop
  endfacet
  facet normal -3.364402e-01 -8.764566e-01 -3.444298e-01
    outer loop
      vertex 7.708905e-01 1.731448e+00 6.386031e-01
      vertex 5.741392e-01 1.767019e+00 7.402763e-01
      vertex 5.856819e-01 1.802543e+00 6.386031e-01
    endloop
  endfacet
  facet normal -2.429824e-01 -9.068228e-01 -3.444298e-01
    outer loop
      vertex 5.741392e-01 1.767019e+00 7.402763e-01
      vertex 3.862902e-01 1.817353e+00 7.402763e-01
      vertex 5.856819e-01 1.802543e+00 6.386031e-01
    endloop
  endfacet
  facet normal -2.429824e-01 -9.068228e-01 -3.444298e-01
    outer loop
      vertex 5.856819e-01 1.802543e+00 6.386031e-01
      vertex 3.862902e-01 1.817353e+00 7.402763e-01
      vertex 3.940563e-01 1.853889e+00 6.386031e-01
    endloop
  endfacet
  facet normal -1.468626e-01 -9.272537e-01 -3.444298e-01
    outer loop
      vertex 3.862902e-01 1.817353e+00 7.402763e-01
      vertex 1.942090e-01 1.847775e+00 7.402763e-01
      vertex 3.940563e-01 1.853889e+00 6.386031e-01
    endloop
  endfacet
  facet normal -1.468626e-01 -9.272537e-01 -3.444298e-01
    outer loop
      vertex 3.940563e-01 1.853889e+00 6.386031e-01
      vertex 1.942090e-01 1.847775e+00 7.402763e-01
      vertex 1.981135e-01 1.884924e+00 6.386031e-01
    endloop
  endfacet
  facet normal -4.913363e-02 -9.375255e-01 -3.444298e-01
    outer loop
      vertex 1.942090e-01 1.847775e+00 7.402763e-01
      vertex 1.137668e-16 1.857953e+00 7.402763e-01
      vertex 1.981135e-01 1.884924e+00 6.386031e-01
    endloop
  endfacet
  facet normal -4.913363e-02 -9.375255e-01 -3.444298e-01
    outer loop
      vertex 1.981135e-01 1.884924e+00 6.386031e-01
      vertex 1.137668e-16 1.857953e+00 7.402763e-01
      vertex 1.160540e-16 1.895306e+00 6.386031e-01
    endloop
  endfacet
  facet normal 4.913363e-02 -9.375255e-01 -3.444298e-01
    outer loop
      vertex 1.137668e-16 1.857953e+00 7.402763e-01
      vertex -1.942090e-01 1.847775e+00 7.402763e-01
      vertex 1.160540e-16 1.895306e+00 6.386031e-01
    endloop
  endfacet
  facet normal 4.913363e-02 -9.375255e-01 -3.444298e-01
    outer loop
      vertex 1.160540e-16 1.895306e+00 6.386031e-01
      vertex -1.942090e-01 1.847775e+00 7.402763e-01
      vertex -1.981135e-01 1.884924e+00 6.386031e-01
    endloop
  endfacet
  facet normal 1.468626e-01 -9.272537e-01 -3.444298e-01
    outer loop
      vertex -1.942090e-01 1.847775e+00 7.402763e-01
      vertex -3.862902e-01 1.817353e+00 7.402763e-01
      vertex -1.981135e-01 1.884924e+00 6.386031e-01
    endloop
  endfacet
  facet normal 1.468626e-01 -9.272537e-01 -3.444298e-01
    outer loop
      vertex -1.981135e-01 1.884924e+00 6.386031e-01
      vertex -3.862902e-01 1.817353e+00 7.402763e-01
      vertex -3.940563e-01 1.853889e+00 6.386031e-01
    endloop
  endfacet
  facet normal 2.429824e-01 -9.068228e-01 -3.444298e-01
    outer loop
      vertex -3.862902e-01 1.817353e+00 7.402763e-01
      vertex -5.741392e-01 1.767019e+00 7.402763e-01
      vertex -3.940563e-01 1.853889e+00 6.386031e-01
    endloop
  endfacet
  facet normal 2.429824e-01 -9.068228e-01 -3.444298e-01
    outer loop
      vertex -3.940563e-01 1.853889e+00 6.386031e-01
      vertex -5.741392e-01 1.767019e+00 7.402763e-01
      vertex -5.856819e-01 1.802543e+00 6.386031e-01
    endloop
  endfacet
  facet normal 3.364402e-01 -8.764566e-01 -3.444298e-01
    outer loop
      vertex -5.741392e-01 1.767019e+00 7.402763e-01
      vertex -7.556977e-01 1.697325e+00 7.402763e-01
      vertex -5.856819e-01 1.802543e+00 6.386031e-01
    endloop
  endfacet
  facet normal 3.364402e-01 -8.764566e-01 -3.444298e-01
    outer loop
      vertex -5.856819e-01 1.802543e+00 6.386031e-01
      vertex -7.556977e-01 1.697325e+00 7.402763e-01
      vertex -7.708905e-01 1.731448e+00 6.386031e-01
    endloop
  endfacet
  facet normal 4.262118e-01 -8.364877e-01 -3.444298e-01
    outer loop
      vertex -7.556977e-01 1.697325e+00 7.402763e-01
      vertex -9.289767e-01 1.609035e+00 7.402763e-01
      vertex -7.708905e-01 1.731448e+00 6.386031e-01
    endloop
  endfacet
  facet normal 4.262118e-01 -8.364877e-01 -3.444298e-01
    outer loop
      vertex -7.708905e-01 1.731448e+00 6.386031e-01
      vertex -9.289767e-01 1.609035e+00 7.402763e-01
      vertex -9.476532e-01 1.641383e+00 6.386031e-01
    endloop
  endfacet
  facet normal 5.113137e-01 -7.873541e-01 -3.444298e-01
    outer loop
      vertex -9.289767e-01 1.609035e+00 7.402763e-01
      vertex -1.092078e+00 1.503116e+00 7.402763e-01
      vertex -9.476532e-01 1.641383e+00 6.386031e-01
    endloop
  endfacet
  facet normal 5.113137e-01 -7.873541e-01 -3.444298e-01
    outer loop
      vertex -9.476532e-01 1.641383e+00 6.386031e-01
      vertex -1.092078e+00 1.503116e+00 7.402763e-01
      vertex -1.114033e+00 1.533335e+00 6.386031e-01
    endloop
  endfacet
  facet normal 5.908136e-01 -7.295940e-01 -3.444298e-01
    outer loop
      vertex -1.092078e+00 1.503116e+00 7.402763e-01
      vertex -1.243214e+00 1.380728e+00 7.402763e-01
      vertex -1.114033e+00 1.533335e+00 6.386031e-01
    endloop
  endfacet
  facet normal 5.908136e-01 -7.295940e-01 -3.444298e-01
    outer loop
      vertex -1.114033e+00 1.533335e+00 6.386031e-01
      vertex -1.243214e+00 1.380728e+00 7.402763e-01
      vertex -1.268207e+00 1.408487e+00 6.386031e-01
    endloop
  endfacet
  facet normal 6.638404e-01 -6.638404e-01 -3.444298e-01
    outer loop
      vertex -1.243214e+00 1.380728e+00 7.402763e-01
      vertex -1.380728e+00 1.243214e+00 7.402763e-01
      vertex -1.268207e+00 1.408487e+00 6.386031e-01
    endloop
  endfacet
  facet normal 6.638404e-01 -6.638404e-01 -3.444298e-01
    outer loop
      vertex -1.268207e+00 1.408487e+00 6.386031e-01
      vertex -1.380728e+00 1.243214e+00 7.402763e-01
      vertex -1.408487e+00 1.268207e+00 6.386031e-01
    endloop
  endfacet
  facet normal 7.295940e-01 -5.908136e-01 -3.444298e-01
    outer loop
      vertex -1.380728e+00 1.243214e+00 7.402763e-01
      vertex -1.503116e+00 1.092078e+00 7.402763e-01
      vertex -1.408487e+00 1.268207e+00 6.386031e-01
    endloop
  endfacet
  facet normal 7.295940e-01 -5.908136e-01 -3.444298e-01
    outer loop
      vertex -1.408487e+00 1.268207e+00 6.386031e-01
      vertex -1.503116e+00 1.092078e+00 7.402763e-01
      vertex -1.533335e+00 1.114033e+00 6.386031e-01
    endloop
  endfacet
  facet normal 7.873541e-01 -5.113137e-01 -3.444298e-01
    outer loop
      vertex -1.503116e+00 1.092078e+00 7.402763e-01
      vertex -1.609035e+00 9.289767e-01 7.402763e-01
      vertex -1.533335e+00 1.114033e+00 6.386031e-01
    endloop
  endfacet
  facet normal 7.873541e-01 -5.113137e-01 -3.444298e-01
    outer loop
      vertex -1.533335e+00 1.114033e+00 6.386031e-01
      vertex -1.609035e+00 9.289767e-01 7.402763e-01
      vertex -1.641383e+00 9.476532e-01 6.386031e-01
    endloop
  endfacet
  facet normal 8.364877e-01 -4.262118e-01 -3.444298e-01
    outer loop
      vertex -1.609035e+00 9.289767e-01 7.402763e-01
      vertex -1.697325e+00 7.556977e-01 7.402763e-01
      vertex -1.641383e+00 9.476532e-01 6.386031e-01
    endloop
  endfacet
  facet normal 8.364877e-01 -4.262118e-01 -3.444298e-01
    outer loop
      vertex -1.641383e+00 9.476532e-01 6.386031e-01
      vertex -1.697325e+00 7.556977e-01 7.402763e-01
      vertex -1.731448e+00 7.708905e-01 6.386031e-01
    endloop
  endfacet
  facet normal 8.764566e-01 -3.364402e-01 -3.444298e-01
    outer loop
      vertex -1.697325e+00 7.556977e-01 7.402763e-01
      vertex -1.767019e+00 5.741392e-01 7.402763e-01
      vertex -1.731448e+00 7.708905e-01 6.386031e-01
    endloop
  endfacet
  facet normal 8.764566e-01 -3.364402e-01 -3.444298e-01
    outer loop
      vertex -1.731448e+00 7.708905e-01 6.386031e-01
      vertex -1.767019e+00 5.741392e-01 7.402763e-01
      vertex -1.802543e+00 5.856819e-01 6.386031e-01
    endloop
  endfacet
  facet normal 9.068228e-01 -2.429824e-01 -3.444298e-01
    outer loop
      vertex -1.767019e+00 5.741392e-01 7.402763e-01
      vertex -1.817353e+00 3.862902e-01 7.402763e-01
      vertex -1.802543e+00 5.856819e-01 6.386031e-01
    endloop
  endfacet
  facet normal 9.068228e-01 -2.429824e-01 -3.444298e-01
    outer loop
      vertex -1.802543e+00 5.856819e-01 6.386031e-01
      vertex -1.817353e+00 3.862902e-01 7.402763e-01
      vertex -1.853889e+00 3.940563e-01 6.386031e-01
    endloop
  endfacet
  facet normal 9.272537e-01 -1.468626e-01 -3.444298e-01
    outer loop
      vertex -1.817353e+00 3.862902e-01 7.402763e-01
      vertex -1.847775e+00 1.942090e-01 7.402763e-01
      vertex -1.853889e+00 3.940563e-01 6.386031e-01
    endloop
  endfacet
  facet normal 9.272537e-01 -1.468626e-01 -3.444298e-01
    outer loop
      vertex -1.853889e+00 3.940563e-01 6.386031e-01
      vertex -1.847775e+00 1.942090e-01 7.402763e-01
      vertex -1.884924e+00 1.981135e-01 6.386031e-01
    endloop
  endfacet
  facet normal 9.375255e-01 -4.913363e-02 -3.444298e-01
    outer loop
      vertex -1.847775e+00 1.942090e-01 7.402763e-01
      vertex -1.857953e+00 2.275337e-16 7.402763e-01
      vertex -1.884924e+00 1.981135e-01 6.386031e-01
    endloop
  endfacet
  facet normal 9.375255e-01 -4.913363e-02 -3.444298e-01
    outer loop
      vertex -1.884924e+00 1.981135e-01 6.386031e-01
      vertex -1.857953e+00 2.275337e-16 7.402763e-01
      vertex -1.895306e+00 2.321081e-16 6.386031e-01
    endloop
  endfacet
  facet normal 9.375255e-01 4.913363e-02 -3.444298e-01
    outer loop
      vertex -1.857953e+00 2.275337e-16 7.402763e-01
      vertex -1.847775e+00 -1.942090e-01 7.402763e-01
      vertex -1.895306e+00 2.321081e-16 6.386031e-01
    endloop
  endfacet
  facet normal 9.375255e-01 4.913363e-02 -3.444298e-01
    outer loop
      vertex -1.895306e+00 2.321081e-16 6.386031e-01
      vertex -1.847775e+00 -1.942090e-01 7.402763e-01
      vertex -1.884924e+00 -1.981135e-01 6.386031e-01
    endloop
  endfacet
  facet normal 9.272537e-01 1.468626e-01 -3.444298e-01
    outer loop
      vertex -1.847775e+00 -1.942090e-01 7.402763e-01
      vertex -1.817353e+00 -3.862902e-01 7.402763e-01
      vertex -1.884924e+00 -1.981135e-01 6.386031e-01
    endloop
  endfacet
  facet normal 9.272537e-01 1.468626e-01 -3.444298e-01
    outer loop
      vertex -1.884924e+00 -1.981135e-01 6.386031e-01
      vertex -1.817353e+00 -3.862902e-01 7.402763e-01
      vertex -1.853889e+00 -3.940563e-01 6.386031e-01
    endloop
  endfacet
  facet normal 9.068228e-01 2.429824e-01 -3.444298e-01
    outer loop
      vertex -1.817353e+00 -3.862902e-01 7.402763e-01
      vertex -1.767019e+00 -5.741392e-01 7.402763e-01
      vertex -1.853889e+00 -3.940563e-01 6.386031e-01
    endloop
  endfacet
  facet normal 9.068228e-01 2.429824e-01 -3.444298e-01
    outer loop
      vertex -1.853889e+00 -3.940563e-01 6.386031e-01
      vertex -1.767019e+00 -5.741392e-01 7.402763e-01
      vertex -1.802543e+00 -5.856819e-01 6.386031e-01
    endloop
  endfacet
  facet normal 8.764566e-01 3.364402e-01 -3.444298e-01
    outer loop
      vertex -1.767019e+00 -5.741392e-01 7.402763e-01
      vertex -1.697325e+00 -7.556977e-01 7.402763e-01
      vertex -1.802543e+00 -5.856819e-01 6.386031e-01
    endloop
  endfacet
  facet normal 8.764566e-01 3.364402e-01 -3.444298e-01
    outer loop
      vertex -1.802543e+00 -5.856819e-01 6.386031e-01
      vertex -1.697325e+00 -7.556977e-01 7.402763e-01
      vertex -1.731448e+00 -7.708905e-01 6.386031e-01
    endloop
  endfacet
  facet normal 8.364877e-01 4.262118e-01 -3.444298e-01
    outer loop
      vertex -1.697325e+00 -7.556977e-01 7.402763e-01
      vertex -1.609035e+00 -9.289767e-01 7.402763e-01
      vertex -1.731448e+00 -7.708905e-01 6.386031e-01
    endloop
  endfacet
  facet normal 8.364877e-01 4.262118e-01 -3.444298e-01
    outer loop
      vertex -1.731448e+00 -7.708905e-01 6.386031e-01
      vertex -1.609035e+00 -9.289767e-01 7.402763e-01
      vertex -1.641383e+00 -9.476532e-01 6.386031e-01
    endloop
  endfacet
  facet normal 7.873541e-01 5.113137e-01 -3.444298e-01
    outer loop
      vertex -1.609035e+00 -9.289767e-01 7.402763e-01
      vertex -1.503116e+00 -1.092078e+00 7.402763e-01
      vertex -1.641383e+00 -9.476532e-01 6.386031e-01
    endloop
  endfacet
  facet normal 7.873541e-01 5.113137e-01 -3.444298e-01
    outer loop
      vertex -1.641383e+00 -9.476532e-01 6.386031e-01
      vertex -1.503116e+00 -1.092078e+00 7.402763e-01
      vertex -1.533335e+00 -1.114033e+00 6.386031e-01
    endloop
  endfacet
  facet normal 7.295940e-01 5.908136e-01 -3.444298e-01
    outer loop
      vertex -1.503116e+00 -1.092078e+00 7.402763e-01
      vertex -1.380728e+00 -1.243214e+00 7.402763e-01
      vertex -1.533335e+00 -1.114033e+00 6.386031e-01
    endloop
  endfacet
  facet normal 7.295940e-01 5.908136e-01 -3.444298e-01
    outer loop
      vertex -1.533335e+00 -1.114033e+00 6.386031e-01
      vertex -1.380728e+00 -1.243214e+00 7.402763e-01
      vertex -1.408487e+00 -1.268207e+00 6.386031e-01
    endloop
  endfacet
  facet normal 6.638404e-01 6.638404e-01 -3.444298e-01
    outer loop
      vertex -1.380728e+00 -1.243214e+00 7.402763e-01
      vertex -1.243214e+00 -1.380728e+00 7.402763e-01
      vertex -1.408487e+00 -1.268207e+00 6.386031e-01
    endloop
  endfacet
  facet normal 6.638404e-01 6.638404e-01 -3.444298e-01
    outer loop
      vertex -1.408487e+00 -1.268207e+00 6.386031e-01
      vertex -1.243214e+00 -1.380728e+00 7.402763e-01
      vertex -1.268207e+00 -1.408487e+00 6.386031e-01
    endloop
  endfacet
  facet normal 5.908136e-01 7.295940e-01 -3.444298e-01
    outer loop
      vertex -1.243214e+00 -1.380728e+00 7.402763e-01
      vertex -1.092078e+00 -1.503116e+00 7.402763e-01
      vertex -1.268207e+00 -1.408487e+00 6.386031e-01
    endloop
  endfacet
  facet normal 5.908136e-01 7.295940e-01 -3.444298e-01
    outer loop
      vertex -1.268207e+00 -1.408487e+00 6.386031e-01
      vertex -1.092078e+00 -1.503116e+00 7.402763e-01
      vertex -1.114033e+00 -1.533335e+00 6.386031e-01
    endloop
  endfacet
  facet normal 5.113137e-01 7.873541e-01 -3.444298e-01
    outer loop
      vertex -1.092078e+00 -1.503116e+00 7.402763e-01
      vertex -9.289767e-01 -1.609035e+00 7.402763e-01
      vertex -1.114033e+00 -1.533335e+00 6.386031e-01
    endloop
  endfacet
  facet normal 5.113137e-01 7.873541e-01 -3.444298e-01
    outer loop
      vertex -1.114033e+00 -1.533335e+00 6.386031e-01
      vertex -9.289767e-01 -1.609035e+00 7.402763e-01
      vertex -9.476532e-01 -1.641383e+00 6.386031e-01
    endloop
  endfacet
  facet normal 4.262118e-01 8.364877e-01 -3.444298e-01
    outer loop
      vertex -9.289767e-01 -1.609035e+00 7.402763e-01
      vertex -7.556977e-01 -1.697325e+00 7.402763e-01
      vertex -9.476532e-01 -1.641383e+00 6.386031e-01
    endloop
  endfacet
  facet normal 4.262118e-01 8.364877e-01 -3.444298e-01
    outer loop
      vertex -9.476532e-01 -1.641383e+00 6.386031e-01
      vertex -7.556977e-01 -1.697325e+00 7.402763e-01
      vertex -7.708905e-01 -1.731448e+00 6.386031e-01
    endloop
  endfacet
  facet normal 3.364402e-01 8.764566e-01 -3.444298e-01
    outer loop
      vertex -7.556977e-01 -1.697325e+00 7.402763e-01
      vertex -5.741392e-01 -1.767019e+00 7.402763e-01
      vertex -7.708905e-01 -1.731448e+00 6.386031e-01
    endloop
  endfacet
  facet normal 3.364402e-01 8.764566e-01 -3.444298e-01
    outer loop
      vertex -7.708905e-01 -1.731448e+00 6.386031e-01
      vertex -5.741392e-01 -1.767019e+00 7.402763e-01
      vertex -5.856819e-01 -1.802543e+00 6.386031e-01
    endloop
  endfacet
  facet normal 2.429824e-01 9.068228e-01 -3.444298e-01
    outer loop
      vertex -5.741392e-01 -1.767019e+00 7.402763e-01
      vertex -3.862902e-01 -1.817353e+00 7.402763e-01
      vertex -5.856819e-01 -1.802543e+00 6.386031e-01
    endloop
  endfacet
  facet normal 2.429824e-01 9.068228e-01 -3.444298e-01
    outer loop
      vertex -5.856819e-01 -1.802543e+00 6.386031e-01
      vertex -3.862902e-01 -1.817353e+00 7.402763e-01
      vertex -3.940563e-01 -1.853889e+00 6.386031e-01
    endloop
  endfacet
  facet normal 1.468626e-01 9.272537e-01 -3.444298e-01
    outer loop
      vertex -3.862902e-01 -1.817353e+00 7.402763e-01
      vertex -1.942090e-01 -1.847775e+00 7.402763e-01
      vertex -3.940563e-01 -1.853889e+00 6.386031e-01
    endloop
  endfacet
  facet normal 1.468626e-01 9.272537e-01 -3.444298e-01
    outer loop
      vertex -3.940563e-01 -1.853889e+00 6.386031e-01
      vertex -1.942090e-01 -1.847775e+00 7.402763e-01
      vertex -1.981135e-01 -1.884924e+00 6.386031e-01
    endloop
  endfacet
  facet normal 4.913363e-02 9.375255e-01 -3.444298e-01
    outer loop
      vertex -1.942090e-01 -1.847775e+00 7.402763e-01
      vertex -3.413005e-16 -1.857953e+00 7.402763e-01
      vertex -1.981135e-01 -1.884924e+00 6.386031e-01
    endloop
  endfacet
  facet normal 4.913363e-02 9.375255e-01 -3.444298e-01
    outer loop
      vertex -1.981135e-01 -1.884924e+00 6.386031e-01
      vertex -3.413005e-16 -1.857953e+00 7.402763e-01
      vertex -3.481621e-16 -1.895306e+00 6.386031e-01
    endloop
  endfacet
  facet normal -4.913363e-02 9.375255e-01 -3.444298e-01
    outer loop
      vertex -3.413005e-16 -1.857953e+00 7.402763e-01
      vertex 1.942090e-01 -1.847775e+00 7.402763e-01
      vertex -3.481621e-16 -1.895306e+00 6.386031e-01
    endloop
  endfacet
  facet normal -4.913363e-02 9.375255e-01 -3.444298e-01
    outer loop
      vertex -3.481621e-16 -1.895306e+00 6.386031e-01
      vertex 1.942090e-01 -1.847775e+00 7.402763e-01
      vertex 1.981135e-01 -1.884924e+00 6.386031e-01
    endloop
  endfacet
  facet normal -1.468626e-01 9.272537e-01 -3.444298e-01
    outer loop
      vertex 1.942090e-01 -1.847775e+00 7.402763e-01
      vertex 3.862902e-01 -1.817353e+00 7.402763e-01
      vertex 1.981135e-01 -1.884924e+00 6.386031e-01
    endloop
  endfacet
  facet normal -1.468626e-01 9.272537e-01 -3.444298e-01
    outer loop
      vertex 1.981135e-01 -1.884924e+00 6.386031e-01
      vertex 3.862902e-01 -1.817353e+00 7.402763e-01
      vertex 3.940563e-01 -1.853889e+00 6.386031e-01
    endloop
  endfacet
  facet normal -2.429824e-01 9.068228e-01 -3.444298e-01
    outer loop
      vertex 3.862902e-01 -1.817353e+00 7.402763e-01
      vertex 5.741392e-01 -1.767019e+00 7.402763e-01
      vertex 3.940563e-01 -1.853889e+00 6.386031e-01
    endloop
  endfacet
  facet normal -2.429824e-01 9.068228e-01 -3.444298e-01
    outer loop
      vertex 3.940563e-01 -1.853889e+00 6.386031e-01
      vertex 5.741392e-01 -1.767019e+00 7.402763e-01
      vertex 5.856819e-01 -1.802543e+00 6.386031e-01
    endloop
  endfacet
  facet normal -3.364402e-01 8.764566e-01 -3.444298e-01
    outer loop
      vertex 5.741392e-01 -1.767019e+00 7.402763e-01
      vertex 7.556977e-01 -1.697325e+00 7.402763e-01
      vertex 5.856819e-01 -1.802543e+00 6.386031e-01
    endloop
  endfacet
  facet normal -3.364402e-01 8.764566e-01 -3.444298e-01
    outer loop
      vertex 5.856819e-01 -1.802543e+00 6.386031e-01
      vertex 7.556977e-01 -1.697325e+00 7.402763e-01
      vertex 7.708905e-01 -1.731448e+00 6.386031e-01
    endloop
  endfacet
  facet normal -4.262118e-01 8.364877e-01 -3.444298e-01
    outer loop
      vertex 7.556977e-01 -1.697325e+00 7.402763e-01
      vertex 9.289767e-01 -1.609035e+00 7.402763e-01
      vertex 7.708905e-01 -1.731448e+00 6.386031e-01
    endloop
  endfacet
  facet normal -4.262118e-01 8.364877e-01 -3.444298e-01
    outer loop
      vertex 7.708905e-01 -1.731448e+00 6.386031e-01
      vertex 9.289767e-01 -1.609035e+00 7.402763e-01
      vertex 9.476532e-01 -1.641383e+00 6.386031e-01
    endloop
  endfacet
  facet normal -5.113137e-01 7.873541e-01 -3.444298e-01
    outer loop
      vertex 9.289767e-01 -1.609035e+00 7.402763e-01
      vertex 1.092078e+00 -1.503116e+00 7.402763e-01
      vertex 9.476532e-01 -1.641383e+00 6.386031e-01
    endloop
  endfacet
  facet normal -5.113137e-01 7.873541e-01 -3.444298e-01
    outer loop
      vertex 9.476532e-01 -1.641383e+00 6.386031e-01
      vertex 1.092078e+00 -1.503116e+00 7.402763e-01
      vertex 1.114033e+00 -1.533335e+00 6.386031e-01
    endloop
  endfacet
  facet normal -5.908136e-01 7.295940e-01 -3.444298e-01
    outer loop
      vertex 1.092078e+00 -1.503116e+00 7.402763e-01
      vertex 1.243214e+00 -1.380728e+00 7.402763e-01
      vertex 1.114033e+00 -1.533335e+00 6.386031e-01
    endloop
  endfacet
  facet normal -5.908136e-01 7.295940e-01 -3.444298e-01
    outer loop
      vertex 1.114033e+00 -1.533335e+00 6.386031e-01
      vertex 1.243214e+00 -1.380728e+00 7.402763e-01
      vertex 1.268207e+00 -1.408487e+00 6.386031e-01
    endloop
  endfacet
  facet normal -6.638404e-01 6.638404e-01 -3.444298e-01
    outer loop
      vertex 1.243214e+00 -1.380728e+00 7.402763e-01
      vertex 1.380728e+00 -1.243214e+00 7.402763e-01
      vertex 1.268207e+00 -1.408487e+00 6.386031e-01
    endloop
  endfacet
  facet normal -6.638404e-01 6.638404e-01 -3.444298e-01
    outer loop
      vertex 1.268207e+00 -1.408487e+00 6.386031e-01
      vertex 1.380728e+00 -1.243214e+00 7.402763e-01
      vertex 1.408487e+00 -1.268207e+00 6.386031e-01
    endloop
  endfacet
  facet normal -7.295940e-01 5.908136e-01 -3.444298e-01
    outer loop
      vertex 1.380728e+00 -1.243214e+00 7.402763e-01
      vertex 1.503116e+00 -1.092078e+00 7.402763e-01
      vertex 1.408487e+00 -1.268207e+00 6.386031e-01
    endloop
  endfacet
  facet normal -7.295940e-01 5.908136e-01 -3.444298e-01
    outer loop
      vertex 1.408487e+00 -1.268207e+00 6.386031e-01
      vertex 1.503116e+00 -1.092078e+00 7.402763e-01
      vertex 1.533335e+00 -1.114033e+00 6.386031e-01
    endloop
  endfacet
  facet normal -7.873541e-01 5.113137e-01 -3.444298e-01
    outer loop
      vertex 1.503116e+00 -1.092078e+00 7.402763e-01
      vertex 1.609035e+00 -9.289767e-01 7.402763e-01
      vertex 1.533335e+00 -1.114033e+00 6.386031e-01
    endloop
  endfacet
  facet normal -7.873541e-01 5.113137e-01 -3.444298e-01
    outer loop
      vertex 1.533335e+00 -1.114033e+00 6.386031e-01
      vertex 1.609035e+00 -9.289767e-01 7.402763e-01
      vertex 1.641383e+00 -9.476532e-01 6.386031e-01
    endloop
  endfacet
  facet normal -8.364877e-01 4.262118e-01 -3.444298e-01
    outer loop
      vertex 1.609035e+00 -9.289767e-01 7.402763e-01
      vertex 1.697325e+00 -7.556977e-01 7.402763e-01
      vertex 1.641383e+00 -9.476532e-01 6.386031e-01
    endloop
  endfacet
  facet normal -8.364877e-01 4.262118e-01 -3.444298e-01
    outer loop
      vertex 1.641383e+00 -9.476532e-01 6.386031e-01
      vertex 1.697325e+00 -7.556977e-01 7.402763e-01
      vertex 1.731448e+00 -7.708905e-01 6.386031e-01
    endloop
  endfacet
  facet normal -8.764566e-01 3.364402e-01 -3.444298e-01
    outer loop
      vertex 1.697325e+00 -7.556977e-01 7.402763e-01
      vertex 1.767019e+00 -5.741392e-01 7.402763e-01
      vertex 1.731448e+00 -7.708905e-01 6.386031e-01
    endloop
  endfacet
  facet normal -8.764566e-01 3.364402e-01 -3.444298e-01
    outer loop
      vertex 1.731448e+00 -7.708905e-01 6.386031e-01
      vertex 1.767019e+00 -5.741392e-01 7.402763e-01
      vertex 1.802543e+00 -5.856819e-01 6.386031e-01
    endloop
  endfacet
  facet normal -9.068228e-01 2.429824e-01 -3.444298e-01
    outer loop
      vertex 1.767019e+00 -5.741392e-01 7.402763e-01
      vertex 1.817353e+00 -3.862902e-01 7.402763e-01
      vertex 1.802543e+00 -5.856819e-01 6.386031e-01
    endloop
  endfacet
  facet normal -9.068228e-01 2.429824e-01 -3.444298e-01
    outer loop
      vertex 1.802543e+00 -5.856819e-01 6.386031e-01
      vertex 1.817353e+00 -3.862902e-01 7.402763e-01
      vertex 1.853889e+00 -3.940563e-01 6.386031e-01
    endloop
  endfacet
  facet normal -9.272537e-01 1.468626e-01 -3.444298e-01
    outer loop
      vertex 1.817353e+00 -3.862902e-01 7.402763e-01
      vertex 1.847775e+00 -1.942090e-01 7.402763e-01
      vertex 1.853889e+00 -3.940563e-01 6.386031e-01
    endloop
  endfacet
  facet normal -9.272537e-01 1.468626e-01 -3.444298e-01
    outer loop
      vertex 1.853889e+00 -3.940563e-01 6.386031e-01
      vertex 1.847775e+00 -1.942090e-01 7.402763e-01
      vertex 1.884924e+00 -1.981135e-01 6.386031e-01
    endloop
  endfacet
  facet normal -9.375255e-01 4.913363e-02 -3.444298e-01
    outer loop
      vertex 1.847775e+00 -1.942090e-01 7.402763e-01
      vertex 1.857953e+00 0.000000e+00 7.402763e-01
      vertex 1.884924e+00 -1.981135e-01 6.386031e-01
    endloop
  endfacet
  facet normal -9.375255e-01 4.913363e-02 -3.444298e-01
    outer loop
      vertex 1.884924e+00 -1.981135e-01 6.386031e-01
      vertex 1.857953e+00 0.000000e+00 7.402763e-01
      vertex 1.895306e+00 0.000000e+00 6.386031e-01
    endloop
  endfacet
  facet normal -9.547547e-01 -5.003657e-02 -2.931549e-01
    outer loop
      vertex 1.895306e+00 0.000000e+00 6.386031e-01
      vertex 1.884924e+00 1.981135e-01 6.386031e-01
      vertex 1.927100e+00 0.000000e+00 5.350567e-01
    endloop
  endfacet
  facet normal -9.547547e-01 -5.003657e-02 -2.931549e-01
    outer loop
      vertex 1.927100e+00 0.000000e+00 5.350567e-01
      vertex 1.884924e+00 1.981135e-01 6.386031e-01
      vertex 1.916543e+00 2.014368e-01 5.350567e-01
    endloop
  endfacet
  facet normal -9.442942e-01 -1.495615e-01 -2.931549e-01
    outer loop
      vertex 1.884924e+00 1.981135e-01 6.386031e-01
      vertex 1.853889e+00 3.940563e-01 6.386031e-01
      vertex 1.916543e+00 2.014368e-01 5.350567e-01
    endloop
  endfacet
  facet normal -9.442942e-01 -1.495615e-01 -2.931549e-01
    outer loop
      vertex 1.916543e+00 2.014368e-01 5.350567e-01
      vertex 1.853889e+00 3.940563e-01 6.386031e-01
      vertex 1.884988e+00 4.006666e-01 5.350567e-01
    endloop
  endfacet
  facet normal -9.234878e-01 -2.474478e-01 -2.931549e-01
    outer loop
      vertex 1.853889e+00 3.940563e-01 6.386031e-01
      vertex 1.802543e+00 5.856819e-01 6.386031e-01
      vertex 1.884988e+00 4.006666e-01 5.350567e-01
    endloop
  endfacet
  facet normal -9.234878e-01 -2.474478e-01 -2.931549e-01
    outer loop
      vertex 1.884988e+00 4.006666e-01 5.350567e-01
      vertex 1.802543e+00 5.856819e-01 6.386031e-01
      vertex 1.832781e+00 5.955066e-01 5.350567e-01
    endloop
  endfacet
  facet normal -8.925635e-01 -3.426230e-01 -2.931549e-01
    outer loop
      vertex 1.802543e+00 5.856819e-01 6.386031e-01
      vertex 1.731448e+00 7.708905e-01 6.386031e-01
      vertex 1.832781e+00 5.955066e-01 5.350567e-01
    endloop
  endfacet
  facet normal -8.925635e-01 -3.426230e-01 -2.931549e-01
    outer loop
      vertex 1.832781e+00 5.955066e-01 5.350567e-01
      vertex 1.731448e+00 7.708905e-01 6.386031e-01
      vertex 1.760493e+00 7.838222e-01 5.350567e-01
    endloop
  endfacet
  facet normal -8.518601e-01 -4.340444e-01 -2.931549e-01
    outer loop
      vertex 1.731448e+00 7.708905e-01 6.386031e-01
      vertex 1.641383e+00 9.476532e-01 6.386031e-01
      vertex 1.760493e+00 7.838222e-01 5.350567e-01
    endloop
  endfacet
  facet normal -8.518601e-01 -4.340444e-01 -2.931549e-01
    outer loop
      vertex 1.760493e+00 7.838222e-01 5.350567e-01
      vertex 1.641383e+00 9.476532e-01 6.386031e-01
      vertex 1.668918e+00 9.635500e-01 5.350567e-01
    endloop
  endfacet
  facet normal -8.018235e-01 -5.207103e-01 -2.931549e-01
    outer loop
      vertex 1.641383e+00 9.476532e-01 6.386031e-01
      vertex 1.533335e+00 1.114033e+00 6.386031e-01
      vertex 1.668918e+00 9.635500e-01 5.350567e-01
    endloop
  endfacet
  facet normal -8.018235e-01 -5.207103e-01 -2.931549e-01
    outer loop
      vertex 1.668918e+00 9.635500e-01 5.350567e-01
      vertex 1.533335e+00 1.114033e+00 6.386031e-01
      vertex 1.559057e+00 1.132721e+00 5.350567e-01
    endloop
  endfacet
  facet normal -7.430020e-01 -6.016712e-01 -2.931549e-01
    outer loop
      vertex 1.533335e+00 1.114033e+00 6.386031e-01
      vertex 1.408487e+00 1.268207e+00 6.386031e-01
      vertex 1.559057e+00 1.132721e+00 5.350567e-01
    endloop
  endfacet
  facet normal -7.430020e-01 -6.016712e-01 -2.931549e-01
    outer loop
      vertex 1.559057e+00 1.132721e+00 5.350567e-01
      vertex 1.408487e+00 1.268207e+00 6.386031e-01
      vertex 1.432114e+00 1.289482e+00 5.350567e-01
    endloop
  endfacet
  facet normal -6.760400e-01 -6.760400e-01 -2.931549e-01
    outer loop
      vertex 1.408487e+00 1.268207e+00 6.386031e-01
      vertex 1.268207e+00 1.408487e+00 6.386031e-01
      vertex 1.432114e+00 1.289482e+00 5.350567e-01
    endloop
  endfacet
  facet normal -6.760400e-01 -6.760400e-01 -2.931549e-01
    outer loop
      vertex 1.432114e+00 1.289482e+00 5.350567e-01
      vertex 1.268207e+00 1.408487e+00 6.386031e-01
      vertex 1.289482e+00 1.432114e+00 5.350567e-01
    endloop
  endfacet
  facet normal -6.016712e-01 -7.430020e-01 -2.931549e-01
    outer loop
      vertex 1.268207e+00 1.408487e+00 6.386031e-01
      vertex 1.114033e+00 1.533335e+00 6.386031e-01
      vertex 1.289482e+00 1.432114e+00 5.350567e-01
    endloop
  endfacet
  facet normal -6.016712e-01 -7.430020e-01 -2.931549e-01
    outer loop
      vertex 1.289482e+00 1.432114e+00 5.350567e-01
      vertex 1.114033e+00 1.533335e+00 6.386031e-01
      vertex 1.132721e+00 1.559057e+00 5.350567e-01
    endloop
  endfacet
  facet normal -5.207103e-01 -8.018235e-01 -2.931549e-01
    outer loop
      vertex 1.114033e+00 1.533335e+00 6.386031e-01
      vertex 9.476532e-01 1.641383e+00 6.386031e-01
      vertex 1.132721e+00 1.559057e+00 5.350567e-01
    endloop
  endfacet
  facet normal -5.207103e-01 -8.018235e-01 -2.931549e-01
    outer loop
      vertex 1.132721e+00 1.559057e+00 5.350567e-01
      vertex 9.476532e-01 1.641383e+00 6.386031e-01
      vertex 9.635500e-01 1.668918e+00 5.350567e-01
    endloop
  endfacet
  facet normal -4.340444e-01 -8.518601e-01 -2.931549e-01
    outer loop
      vertex 9.476532e-01 1.641383e+00 6.386031e-01
      vertex 7.708905e-01 1.731448e+00 6.386031e-01
      vertex 9.635500e-01 1.668918e+00 5.350567e-01
    endloop
  endfacet
  facet normal -4.340444e-01 -8.518601e-01 -2.931549e-01
    outer loop
      vertex 9.635500e-01 1.668918e+00 5.350567e-01
      vertex 7.708905e-01 1.731448e+00 6.386031e-01
      vertex 7.838222e-01 1.760493e+00 5.350567e-01
    endloop
  endfacet
  facet normal -3.426230e-01 -8.925635e-01 -2.931549e-01
    outer loop
      vertex 7.708905e-01 1.731448e+00 6.386031e-01
      vertex 5.856819e-01 1.802543e+00 6.386031e-01
      vertex 7.838222e-01 1.760493e+00 5.350567e-01
    endloop
  endfacet
  facet normal -3.426230e-01 -8.925635e-01 -2.931549e-01
    outer loop
      vertex 7.838222e-01 1.760493e+00 5.350567e-01
      vertex 5.856819e-01 1.802543e+00 6.386031e-01
      vertex 5.955066e-01 1.832781e+00 5.350567e-01
    endloop
  endfacet
  facet normal -2.474478e-01 -9.234878e-01 -2.931549e-01
    outer loop
      vertex 5.856819e-01 1.802543e+00 6.386031e-01
      vertex 3.940563e-01 1.853889e+00 6.386031e-01
      vertex 5.955066e-01 1.832781e+00 5.350567e-01
    endloop
  endfacet
  facet normal -2.474478e-01 -9.234878e-01 -2.931549e-01
    outer loop
      vertex 5.955066e-01 1.832781e+00 5.350567e-01
      vertex 3.940563e-01 1.853889e+00 6.386031e-01
      vertex 4.006666e-01 1.884988e+00 5.350567e-01
    endloop
  endfacet
  facet normal -1.495615e-01 -9.442942e-01 -2.931549e-01
    outer loop
      vertex 3.940563e-01 1.853889e+00 6.386031e-01
      vertex 1.981135e-01 1.884924e+00 6.386031e-01
      vertex 4.006666e-01 1.884988e+00 5.350567e-01
    endloop
  endfacet
  facet normal -1.495615e-01 -9.442942e-01 -2.931549e-01
    outer loop
      vertex 4.006666e-01 1.884988e+00 5.350567e-01
      vertex 1.981135e-01 1.884924e+00 6.386031e-01
      vertex 2.014368e-01 1.916543e+00 5.350567e-01
    endloop
  endfacet
  facet normal -5.003657e-02 -9.547547e-01 -2.931549e-01
    outer loop
      vertex 1.981135e-01 1.884924e+00 6.386031e-01
      vertex 1.160540e-16 1.895306e+00 6.386031e-01
      vertex 2.014368e-01 1.916543e+00 5.350567e-01
    endloop
  endfacet
  facet normal -5.003657e-02 -9.547547e-01 -2.931549e-01
    outer loop
      vertex 2.014368e-01 1.916543e+00 5.350567e-01
      vertex 1.160540e-16 1.895306e+00 6.386031e-01
      vertex 1.180008e-16 1.927100e+00 5.350567e-01
    endloop
  endfacet
  facet normal 5.003657e-02 -9.547547e-01 -2.931549e-01
    outer loop
      vertex 1.160540e-16 1.895306e+00 6.386031e-01
      vertex -1.981135e-01 1.884924e+00 6.386031e-01
      vertex 1.180008e-16 1.927100e+00 5.350567e-01
    endloop
  endfacet
  facet normal 5.003657e-02 -9.547547e-01 -2.931549e-01
    outer loop
      vertex 1.180008e-16 1.927100e+00 5.350567e-01
      vertex -1.981135e-01 1.884924e+00 6.386031e-01
      vertex -2.014368e-01 1.916543e+00 5.350567e-01
    endloop
  endfacet
  facet normal 1.495615e-01 -9.442942e-01 -2.931549e-01
    outer loop
      vertex -1.981135e-01 1.884924e+00 6.386031e-01
      vertex -3.940563e-01 1.853889e+00 6.386031e-01
      vertex -2.014368e-01 1.916543e+00 5.350567e-01
    endloop
  endfacet
  facet normal 1.495615e-01 -9.442942e-01 -2.931549e-01
    outer loop
      vertex -2.014368e-01 1.916543e+00 5.350567e-01
      vertex -3.940563e-01 1.853889e+00 6.386031e-01
      vertex -4.006666e-01 1.884988e+00 5.350567e-01
    endloop
  endfacet
  facet normal 2.474478e-01 -9.234878e-01 -2.931549e-01
    outer loop
      vertex -3.940563e-01 1.853889e+00 6.386031e-01
      vertex -5.856819e-01 1.802543e+00 6.386031e-01
      vertex -4.006666e-01 1.884988e+00 5.350567e-01
    endloop
  endfacet
  facet normal 2.474478e-01 -9.234878e-01 -2.931549e-01
    outer loop
      vertex -4.006666e-01 1.884988e+00 5.350567e-01
      vertex -5.856819e-01 1.802543e+00 6.386031e-01
      vertex -5.955066e-01 1.832781e+00 5.350567e-01
    endloop
  endfacet
  facet normal 3.426230e-01 -8.925635e-01 -2.931549e-01
    outer loop
      vertex -5.856819e-01 1.802543e+00 6.386031e-01
      vertex -7.708905e-01 1.731448e+00 6.386031e-01
      vertex -5.955066e-01 1.832781e+00 5.350567e-01
    endloop
  endfacet
  facet normal 3.426230e-01 -8.925635e-01 -2.931549e-01
    outer loop
      vertex -5.955066e-01 1.832781e+00 5.350567e-01
      vertex -7.708905e-01 1.731448e+00 6.386031e-01
      vertex -7.838222e-01 1.760493e+00 5.350567e-01
    endloop
  endfacet
  facet normal 4.340444e-01 -8.518601e-01 -2.931549e-01
    outer loop
      vertex -7.708905e-01 1.731448e+00 6.386031e-01
      vertex -9.476532e-01 1.641383e+00 6.386031e-01
      vertex -7.838222e-01 1.760493e+00 5.350567e-01
    endloop
  endfacet
  facet normal 4.340444e-01 -8.518601e-01 -2.931549e-01
    outer loop
      vertex -7.838222e-01 1.760493e+00 5.350567e-01
      vertex -9.476532e-01 1.641383e+00 6.386031e-01
      vertex -9.635500e-01 1.668918e+00 5.350567e-01
    endloop
  endfacet
  facet normal 5.207103e-01 -8.018235e-01 -2.931549e-01
    outer loop
      vertex -9.476532e-01 1.641383e+00 6.386031e-01
      vertex -1.114033e+00 1.533335e+00 6.386031e-01
      vertex -9.635500e-01 1.668918e+00 5.350567e-01
    endloop
  endfacet
  facet normal 5.207103e-01 -8.018235e-01 -2.931549e-01
    outer loop
      vertex -9.635500e-01 1.668918e+00 5.350567e-01
      vertex -1.114033e+00 1.533335e+00 6.386031e-01
      vertex -1.132721e+00 1.559057e+00 5.350567e-01
    endloop
  endfacet
  facet normal 6.016712e-01 -7.430020e-01 -2.931549e-01
    outer loop
      vertex -1.114033e+00 1.533335e+00 6.386031e-01
      vertex -1.268207e+00 1.408487e+00 6.386031e-01
      vertex -1.132721e+00 1.559057e+00 5.350567e-01
    endloop
  endfacet
  facet normal 6.016712e-01 -7.430020e-01 -2.931549e-01
    outer loop
      vertex -1.132721e+00 1.559057e+00 5.350567e-01
      vertex -1.268207e+00 1.408487e+00 6.386031e-01
      vertex -1.289482e+00 1.432114e+00 5.350567e-01
    endloop
  endfacet
  facet normal 6.760400e-01 -6.760400e-01 -2.931549e-01
    outer loop
      vertex -1.268207e+00 1.408487e+00 6.386031e-01
      vertex -1.408487e+00 1.268207e+00 6.386031e-01
      vertex -1.289482e+00 1.432114e+00 5.350567e-01
    endloop
  endfacet
  facet normal 6.760400e-01 -6.760400e-01 -2.931549e-01
    outer loop
      vertex -1.289482e+00 1.432114e+00 5.350567e-01
      vertex -1.408487e+00 1.268207e+00 6.386031e-01
      vertex -1.432114e+00 1.289482e+00 5.350567e-01
    endloop
  endfacet
  facet normal 7.430020e-01 -6.016712e-01 -2.931549e-01
    outer loop
      vertex -1.408487e+00 1.268207e+00 6.386031e-01
      vertex -1.533335e+00 1.114033e+00 6.386031e-01
      vertex -1.432114e+00 1.289482e+00 5.350567e-01
    endloop
  endfacet
  facet normal 7.430020e-01 -6.016712e-01 -2.931549e-01
    outer loop
      vertex -1.432114e+00 1.289482e+00 5.350567e-01
      vertex -1.533335e+00 1.114033e+00 6.386031e-01
      vertex -1.559057e+00 1.132721e+00 5.350567e-01
    endloop
  endfacet
  facet normal 8.018235e-01 -5.207103e-01 -2.931549e-01
    outer loop
      vertex -1.533335e+00 1.114033e+00 6.386031e-01
      vertex -1.641383e+00 9.476532e-01 6.386031e-01
      vertex -1.559057e+00 1.132721e+00 5.350567e-01
    endloop
  endfacet
  facet normal 8.018235e-01 -5.207103e-01 -2.931549e-01
    outer loop
      vertex -1.559057e+00 1.132721e+00 5.350567e-01
      vertex -1.641383e+00 9.476532e-01 6.386031e-01
      vertex -1.668918e+00 9.635500e-01 5.350567e-01
    endloop
  endfacet
  facet normal 8.518601e-01 -4.340444e-01 -2.931549e-01
    outer loop
      vertex -1.641383e+00 9.476532e-01 6.386031e-01
      vertex -1.731448e+00 7.708905e-01 6.386031e-01
      vertex -1.668918e+00 9.635500e-01 5.350567e-01
    endloop
  endfacet
  facet normal 8.518601e-01 -4.340444e-01 -2.931549e-01
    outer loop
      vertex -1.668918e+00 9.635500e-01 5.350567e-01
      vertex -1.731448e+00 7.708905e-01 6.386031e-01
      vertex -1.760493e+00 7.838222e-01 5.350567e-01
    endloop
  endfacet
  facet normal 8.925635e-01 -3.426230e-01 -2.931549e-01
    outer loop
      vertex -1.731448e+00 7.708905e-01 6.386031e-01
      vertex -1.802543e+00 5.856819e-01 6.386031e-01
      vertex -1.760493e+00 7.838222e-01 5.350567e-01
    endloop
  endfacet
  facet normal 8.925635e-01 -3.426230e-01 -2.931549e-01
    outer loop
      vertex -1.760493e+00 7.838222e-01 5.350567e-01
      vertex -1.802543e+00 5.856819e-01 6.386031e-01
      vertex -1.832781e+00 5.955066e-01 5.350567e-01
    endloop
  endfacet
  facet normal 9.234878e-01 -2.474478e-01 -2.931549e-01
    outer loop
      vertex -1.802543e+00 5.856819e-01 6.386031e-01
      vertex -1.853889e+00 3.940563e-01 6.386031e-01
      vertex -1.832781e+00 5.955066e-01 5.350567e-01
    endloop
  endfacet
  facet normal 9.234878e-01 -2.474478e-01 -2.931549e-01
    outer loop
      vertex -1.832781e+00 5.955066e-01 5.350567e-01
      vertex -1.853889e+00 3.940563e-01 6.386031e-01
      vertex -1.884988e+00 4.006666e-01 5.350567e-01
    endloop
  endfacet
  facet normal 9.442942e-01 -1.495615e-01 -2.931549e-01
    outer loop
      vertex -1.853889e+00 3.940563e-01 6.386031e-01
      vertex -1.884924e+00 1.981135e-01 6.386031e-01
      vertex -1.884988e+00 4.006666e-01 5.350567e-01
    endloop
  endfacet
  facet normal 9.442942e-01 -1.495615e-01 -2.931549e-01
    outer loop
      vertex -1.884988e+00 4.006666e-01 5.350567e-01
      vertex -1.884924e+00 1.981135e-01 6.386031e-01
      vertex -1.916543e+00 2.014368e-01 5.350567e-01
    endloop
  endfacet
  facet normal 9.547547e-01 -5.003657e-02 -2.931549e-01
    outer loop
      vertex -1.884924e+00 1.981135e-01 6.386031e-01
      vertex -1.895306e+00 2.321081e-16 6.386031e-01
      vertex -1.916543e+00 2.014368e-01 5.350567e-01
    endloop
  endfacet
  facet normal 9.547547e-01 -5.003657e-02 -2.931549e-01
    outer loop
      vertex -1.916543e+00 2.014368e-01 5.350567e-01
      vertex -1.895306e+00 2.321081e-16 6.386031e-01
      vertex -1.927100e+00 2.360017e-16 5.350567e-01
    endloop
  endfacet
  facet normal 9.547547e-01 5.003657e-02 -2.931549e-01
    outer loop
      vertex -1.895306e+00 2.321081e-16 6.386031e-01
      vertex -1.884924e+00 -1.981135e-01 6.386031e-01
      vertex -1.927100e+00 2.360017e-16 5.350567e-01
    endloop
  endfacet
  facet normal 9.547547e-01 5.003657e-02 -2.931549e-01
    outer loop
      vertex -1.927100e+00 2.360017e-16 5.350567e-01
      vertex -1.884924e+00 -1.981135e-01 6.386031e-01
      vertex -1.916543e+00 -2.014368e-01 5.350567e-01
    endloop
  endfacet
  facet normal 9.442942e-01 1.495615e-01 -2.931549e-01
    outer loop
      vertex -1.884924e+00 -1.981135e-01 6.386031e-01
      vertex -1.853889e+00 -3.940563e-01 6.386031e-01
      vertex -1.916543e+00 -2.014368e-01 5.350567e-01
    endloop
  endfacet
  facet normal 9.442942e-01 1.495615e-01 -2.931549e-01
    outer loop
      vertex -1.916543e+00 -2.014368e-01 5.350567e-01
      vertex -1.853889e+00 -3.940563e-01 6.386031e-01
      vertex -1.884988e+00 -4.006666e-01 5.350567e-01
    endloop
  endfacet
  facet normal 9.234878e-01 2.474478e-01 -2.931549e-01
    outer loop
      vertex -1.853889e+00 -3.940563e-01 6.386031e-01
      vertex -1.802543e+00 -5.856819e-01 6.386031e-01
      vertex -1.884988e+00 -4.006666e-01 5.350567e-01
    endloop
  endfacet
  facet normal 9.234878e-01 2.474478e-01 -2.931549e-01
    outer loop
      vertex -1.884988e+00 -4.006666e-01 5.350567e-01
      vertex -1.802543e+00 -5.856819e-01 6.386031e-01
      vertex -1.832781e+00 -5.955066e-01 5.350567e-01
    endloop
  endfacet
  facet normal 8.925635e-01 3.426230e-01 -2.931549e-01
    outer loop
      vertex -1.802543e+00 -5.856819e-01 6.386031e-01
      vertex -1.731448e+00 -7.708905e-01 6.386031e-01
      vertex -1.832781e+00 -5.955066e-01 5.350567e-01
    endloop
  endfacet
  facet normal 8.925635e-01 3.426230e-01 -2.931549e-01
    outer loop
      vertex -1.832781e+00 -5.955066e-01 5.350567e-01
      vertex -1.731448e+00 -7.708905e-01 6.386031e-01
      vertex -1.760493e+00 -7.838222e-01 5.350567e-01
    endloop
  endfacet
  facet normal 8.518601e-01 4.340444e-01 -2.931549e-01
    outer loop
      vertex -1.731448e+00 -7.708905e-01 6.386031e-01
      vertex -1.641383e+00 -9.476532e-01 6.386031e-01
      vertex -1.760493e+00 -7.838222e-01 5.350567e-01
    endloop
  endfacet
  facet normal 8.518601e-01 4.340444e-01 -2.931549e-01
    outer loop
      vertex -1.760493e+00 -7.838222e-01 5.350567e-01
      vertex -1.641383e+00 -9.476532e-01 6.386031e-01
      vertex -1.668918e+00 -9.635500e-01 5.350567e-01
    endloop
  endfacet
  facet normal 8.018235e-01 5.207103e-01 -2.931549e-01
    outer loop
      vertex -1.641383e+00 -9.476532e-01 6.386031e-01
      vertex -1.533335e+00 -1.114033e+00 6.386031e-01
      vertex -1.668918e+00 -9.635500e-01 5.350567e-01
    endloop
  endfacet
  facet normal 8.018235e-01 5.207103e-01 -2.931549e-01
    outer loop
      vertex -1.668918e+00 -9.635500e-01 5.350567e-01
      vertex -1.533335e+00 -1.114033e+00 6.386031e-01
      vertex -1.559057e+00 -1.132721e+00 5.350567e-01
    endloop
  endfacet
  facet normal 7.430020e-01 6.016712e-01 -2.931549e-01
    outer loop
      vertex -1.533335e+00 -1.114033e+00 6.386031e-01
      vertex -1.408487e+00 -1.268207e+00 6.386031e-01
      vertex -1.559057e+00 -1.132721e+00 5.350567e-01
    endloop
  endfacet
  facet normal 7.430020e-01 6.016712e-01 -2.931549e-01
    outer loop
      vertex -1.559057e+00 -1.132721e+00 5.350567e-01
      vertex -1.408487e+00 -1.268207e+00 6.386031e-01
      vertex -1.432114e+00 -1.289482e+00 5.350567e-01
    endloop
  endfacet
  facet normal 6.760400e-01 6.760400e-01 -2.931549e-01
    outer loop
      vertex -1.408487e+00 -1.268207e+00 6.386031e-01
      vertex -1.268207e+00 -1.408487e+00 6.386031e-01
      vertex -1.432114e+00 -1.289482e+00 5.350567e-01
    endloop
  endfacet
  facet normal 6.760400e-01 6.760400e-01 -2.931549e-01
    outer loop
      vertex -1.432114e+00 -1.289482e+00 5.350567e-01
      vertex -1.268207e+00 -1.408487e+00 6.386031e-01
      vertex -1.289482e+00 -1.432114e+00 5.350567e-01
    endloop
  endfacet
  facet normal 6.016712e-01 7.430020e-01 -2.931549e-01
    outer loop
      vertex -1.268207e+00 -1.408487e+00 6.386031e-01
      vertex -1.114033e+00 -1.533335e+00 6.386031e-01
      vertex -1.289482e+00 -1.432114e+00 5.350567e-01
    endloop
  endfacet
  facet normal 6.016712e-01 7.430020e-01 -2.931549e-01
    outer loop
      vertex -1.289482e+00 -1.432114e+00 5.350567e-01
      vertex -1.114033e+00 -1.533335e+00 6.386031e-01
      vertex -1.132721e+00 -1.559057e+00 5.350567e-01
    endloop
  endfacet
  facet normal 5.207103e-01 8.018235e-01 -2.931549e-01
    outer loop
      vertex -1.114033e+00 -1.533335e+00 6.386031e-01
      vertex -9.476532e-01 -1.641383e+00 6.386031e-01
      vertex -1.132721e+00 -1.559057e+00 5.350567e-01
    endloop
  endfacet
  facet normal 5.207103e-01 8.018235e-01 -2.931549e-01
    outer loop
      vertex -1.132721e+00 -1.559057e+00 5.350567e-01
      vertex -9.476532e-01 -1.641383e+00 6.386031e-01
      vertex -9.635500e-01 -1.668918e+00 5.350567e-01
    endloop
  endfacet
  facet normal 4.340444e-01 8.518601e-01 -2.931549e-01
    outer loop
      vertex -9.476532e-01 -1.641383e+00 6.386031e-01
      vertex -7.708905e-01 -1.731448e+00 6.386031e-01
      vertex -9.635500e-01 -1.668918e+00 5.350567e-01
    endloop
  endfacet
  facet normal 4.340444e-01 8.518601e-01 -2.931549e-01
    outer loop
      vertex -9.635500e-01 -1.668918e+00 5.350567e-01
      vertex -7.708905e-01 -1.731448e+00 6.386031e-01
      vertex -7.838222e-01 -1.760493e+00 5.350567e-01
    endloop
  endfacet
  facet normal 3.426230e-01 8.925635e-01 -2.931549e-01
    outer loop
      vertex -7.708905e-01 -1.731448e+00 6.386031e-01
      vertex -5.856819e-01 -1.802543e+00 6.386031e-01
      vertex -7.838222e-01 -1.760493e+00 5.350567e-01
    endloop
  endfacet
  facet normal 3.426230e-01 8.925635e-01 -2.931549e-01
    outer loop
      vertex -7.838222e-01 -1.760493e+00 5.350567e-01
      vertex -5.856819e-01 -1.802543e+00 6.386031e-01
      vertex -5.955066e-01 -1.832781e+00 5.350567e-01
    endloop
  endfacet
  facet normal 2.474478e-01 9.234878e-01 -2.931549e-01
    outer loop
      vertex -5.856819e-01 -1.802543e+00 6.386031e-01
      vertex -3.940563e-01 -1.853889e+00 6.386031e-01
      vertex -5.955066e-01 -1.832781e+00 5.350567e-01
    endloop
  endfacet
  facet normal 2.474478e-01 9.234878e-01 -2.931549e-01
    outer loop
      vertex -5.955066e-01 -1.832781e+00 5.350567e-01
      vertex -3.940563e-01 -1.853889e+00 6.386031e-01
      vertex -4.006666e-01 -1.884988e+00 5.350567e-01
    endloop
  endfacet
  facet normal 1.495615e-01 9.442942e-01 -2.931549e-01
    outer loop
      vertex -3.940563e-01 -1.853889e+00 6.386031e-01
      vertex -1.981135e-01 -1.884924e+00 6.386031e-01
      vertex -4.006666e-01 -1.884988e+00 5.350567e-01
    endloop
  endfacet
  facet normal 1.495615e-01 9.442942e-01 -2.931549e-01
    outer loop
      vertex -4.006666e-01 -1.884988e+00 5.350567e-01
      vertex -1.981135e-01 -1.884924e+00 6.386031e-01
      vertex -2.014368e-01 -1.916543e+00 5.350567e-01
    endloop
  endfacet
  facet normal 5.003657e-02 9.547547e-01 -2.931549e-01
    outer loop
      vertex -1.981135e-01 -1.884924e+00 6.386031e-01
      vertex -3.481621e-16 -1.895306e+00 6.386031e-01
      vertex -2.014368e-01 -1.916543e+00 5.350567e-01
    endloop
  endfacet
  facet normal 5.003657e-02 9.547547e-01 -2.931549e-01
    outer loop
      vertex -2.014368e-01 -1.916543e+00 5.350567e-01
      vertex -3.481621e-16 -1.895306e+00 6.386031e-01
      vertex -3.540025e-16 -1.927100e+00 5.350567e-01
    endloop
  endfacet
  facet normal -5.003657e-02 9.547547e-01 -2.931549e-01
    outer loop
      vertex -3.481621e-16 -1.895306e+00 6.386031e-01
      vertex 1.981135e-01 -1.884924e+00 6.386031e-01
      vertex -3.540025e-16 -1.927100e+00 5.350567e-01
    endloop
  endfacet
  facet normal -5.003657e-02 9.547547e-01 -2.931549e-01
    outer loop
      vertex -3.540025e-16 -1.927100e+00 5.350567e-01
      vertex 1.981135e-01 -1.884924e+00 6.386031e-01
      vertex 2.014368e-01 -1.916543e+00 5.350567e-01
    endloop
  endfacet
  facet normal -1.495615e-01 9.442942e-01 -2.931549e-01
    outer loop
      vertex 1.981135e-01 -1.884924e+00 6.386031e-01
      vertex 3.940563e-01 -1.853889e+00 6.386031e-01
      vertex 2.014368e-01 -1.916543e+00 5.350567e-01
    endloop
  endfacet
  facet normal -1.495615e-01 9.442942e-01 -2.931549e-01
    outer loop
      vertex 2.014368e-01 -1.916543e+00 5.350567e-01
      vertex 3.940563e-01 -1.853889e+00 6.386031e-01
      vertex 4.006666e-01 -1.884988e+00 5.350567e-01
    endloop
  endfacet
  facet normal -2.474478e-01 9.234878e-01 -2.931549e-01
    outer loop
      vertex 3.940563e-01 -1.853889e+00 6.386031e-01
      vertex 5.856819e-01 -1.802543e+00 6.386031e-01
      vertex 4.006666e-01 -1.884988e+00 5.350567e-01
    endloop
  endfacet
  facet normal -2.474478e-01 9.234878e-01 -2.931549e-01
    outer loop
      vertex 4.006666e-01 -1.884988e+00 5.350567e-01
      vertex 5.856819e-01 -1.802543e+00 6.386031e-01
      vertex 5.955066e-01 -1.832781e+00 5.350567e-01
    endloop
  endfacet
  facet normal -3.426230e-01 8.925635e-01 -2.931549e-01
    outer loop
      vertex 5.856819e-01 -1.802543e+00 6.386031e-01
      vertex 7.708905e-01 -1.731448e+00 6.386031e-01
      vertex 5.955066e-01 -1.832781e+00 5.350567e-01
    endloop
  endfacet
  facet normal -3.426230e-01 8.925635e-01 -2.931549e-01
    outer loop
      vertex 5.955066e-01 -1.832781e+00 5.350567e-01
      vertex 7.708905e-01 -1.731448e+00 6.386031e-01
      vertex 7.838222e-01 -1.760493e+00 5.350567e-01
    endloop
  endfacet
  facet normal -4.340444e-01 8.518601e-01 -2.931549e-01
    outer loop
      vertex 7.708905e-01 -1.731448e+00 6.386031e-01
      vertex 9.476532e-01 -1.641383e+00 6.386031e-01
      vertex 7.838222e-01 -1.760493e+00 5.350567e-01
    endloop
  endfacet
  facet normal -4.340444e-01 8.518601e-01 -2.931549e-01
    outer loop
      vertex 7.838222e-01 -1.760493e+00 5.350567e-01
      vertex 9.476532e-01 -1.641383e+00 6.386031e-01
      vertex 9.635500e-01 -1.668918e+00 5.350567e-01
    endloop
  endfacet
  facet normal -5.207103e-01 8.018235e-01 -2.931549e-01
    outer loop
      vertex 9.476532e-01 -1.641383e+00 6.386031e-01
      vertex 1.114033e+00 -1.533335e+00 6.386031e-01
      vertex 9.635500e-01 -1.668918e+00 5.350567e-01
    endloop
  endfacet
  facet normal -5.207103e-01 8.018235e-01 -2.931549e-01
    outer loop
      vertex 9.635500e-01 -1.668918e+00 5.350567e-01
      vertex 1.114033e+00 -1.533335e+00 6.386031e-01
      vertex 1.132721e+00 -1.559057e+00 5.350567e-01
    endloop
  endfacet
  facet normal -6.016712e-01 7.430020e-01 -2.931549e-01
    outer loop
      vertex 1.114033e+00 -1.533335e+00 6.386031e-01
      vertex 1.268207e+00 -1.408487e+00 6.386031e-01
      vertex 1.132721e+00 -1.559057e+00 5.350567e-01
    endloop
  endfacet
  facet normal -6.016712e-01 7.430020e-01 -2.931549e-01
    outer loop
      vertex 1.132721e+00 -1.559057e+00 5.350567e-01
      vertex 1.268207e+00 -1.408487e+00 6.386031e-01
      vertex 1.289482e+00 -1.432114e+00 5.350567e-01
    endloop
  endfacet
  facet normal -6.760400e-01 6.760400e-01 -2.931549e-01
    outer loop
      vertex 1.268207e+00 -1.408487e+00 6.386031e-01
      vertex 1.408487e+00 -1.268207e+00 6.386031e-01
      vertex 1.289482e+00 -1.432114e+00 5.350567e-01
    endloop
  endfacet
  facet normal -6.760400e-01 6.760400e-01 -2.931549e-01
    outer loop
      vertex 1.289482e+00 -1.432114e+00 5.350567e-01
      vertex 1.408487e+00 -1.268207e+00 6.386031e-01
      vertex 1.432114e+00 -1.289482e+00 5.350567e-01
    endloop
  endfacet
  facet normal -7.430020e-01 6.016712e-01 -2.931549e-01
    outer loop
      vertex 1.408487e+00 -1.268207e+00 6.386031e-01
      vertex 1.533335e+00 -1.114033e+00 6.386031e-01
      vertex 1.432114e+00 -1.289482e+00 5.350567e-01
    endloop
  endfacet
  facet normal -7.430020e-01 6.016712e-01 -2.931549e-01
    outer loop
      vertex 1.432114e+00 -1.289482e+00 5.350567e-01
      vertex 1.533335e+00 -1.114033e+00 6.386031e-01
      vertex 1.559057e+00 -1.132721e+00 5.350567e-01
    endloop
  endfacet
  facet normal -8.018235e-01 5.207103e-01 -2.931549e-01
    outer loop
      vertex 1.533335e+00 -1.114033e+00 6.386031e-01
      vertex 1.641383e+00 -9.476532e-01 6.386031e-01
      vertex 1.559057e+00 -1.132721e+00 5.350567e-01
    endloop
  endfacet
  facet normal -8.018235e-01 5.207103e-01 -2.931549e-01
    outer loop
      vertex 1.559057e+00 -1.132721e+00 5.350567e-01
      vertex 1.641383e+00 -9.476532e-01 6.386031e-01
      vertex 1.668918e+00 -9.635500e-01 5.350567e-01
    endloop
  endfacet
  facet normal -8.518601e-01 4.340444e-01 -2.931549e-01
    outer loop
      vertex 1.641383e+00 -9.476532e-01 6.386031e-01
      vertex 1.731448e+00 -7.708905e-01 6.386031e-01
      vertex 1.668918e+00 -9.635500e-01 5.350567e-01
    endloop
  endfacet
  facet normal -8.518601e-01 4.340444e-01 -2.931549e-01
    outer loop
      vertex 1.668918e+00 -9.635500e-01 5.350567e-01
      vertex 1.731448e+00 -7.708905e-01 6.386031e-01
      vertex 1.760493e+00 -7.838222e-01 5.350567e-01
    endloop
  endfacet
  facet normal -8.925635e-01 3.426230e-01 -2.931549e-01
    outer loop
      vertex 1.731448e+00 -7.708905e-01 6.386031e-01
      vertex 1.802543e+00 -5.856819e-01 6.386031e-01
      vertex 1.760493e+00 -7.838222e-01 5.350567e-01
    endloop
  endfacet
  facet normal -8.925635e-01 3.426230e-01 -2.931549e-01
    outer loop
      vertex 1.760493e+00 -7.838222e-01 5.350567e-01
      vertex 1.802543e+00 -5.856819e-01 6.386031e-01
      vertex 1.832781e+00 -5.955066e-01 5.350567e-01
    endloop
  endfacet
  facet normal -9.234878e-01 2.474478e-01 -2.931549e-01
    outer loop
      vertex 1.802543e+00 -5.856819e-01 6.386031e-01
      vertex 1.853889e+00 -3.940563e-01 6.386031e-01
      vertex 1.832781e+00 -5.955066e-01 5.350567e-01
    endloop
  endfacet
  facet normal -9.234878e-01 2.474478e-01 -2.931549e-01
    outer loop
      vertex 1.832781e+00 -5.955066e-01 5.350567e-01
      vertex 1.853889e+00 -3.940563e-01 6.386031e-01
      vertex 1.884988e+00 -4.006666e-01 5.350567e-01
    endloop
  endfacet
  facet normal -9.442942e-01 1.495615e-01 -2.931549e-01
    outer loop
      vertex 1.853889e+00 -3.940563e-01 6.386031e-01
      vertex 1.884924e+00 -1.981135e-01 6.386031e-01
      vertex 1.884988e+00 -4.006666e-01 5.350567e-01
    endloop
  endfacet
  facet normal -9.442942e-01 1.495615e-01 -2.931549e-01
    outer loop
      vertex 1.884988e+00 -4.006666e-01 5.350567e-01
      vertex 1.884924e+00 -1.981135e-01 6.386031e-01
      vertex 1.916543e+00 -2.014368e-01 5.350567e-01
    endloop
  endfacet
  facet normal -9.547547e-01 5.003657e-02 -2.931549e-01
    outer loop
      vertex 1.884924e+00 -1.981135e-01 6.386031e-01
      vertex 1.895306e+00 0.000000e+00 6.386031e-01
      vertex 1.916543e+00 -2.014368e-01 5.350567e-01
    endloop
  endfacet
  facet normal -9.547547e-01 5.003657e-02 -2.931549e-01
    outer loop
      vertex 1.916543e+00 -2.014368e-01 5.350567e-01
      vertex 1.895306e+00 0.000000e+00 6.386031e-01
      vertex 1.927100e+00 0.000000e+00 5.350567e-01
    endloop
  endfacet
  facet normal -9.691885e-01 -5.079302e-02 -2.410264e-01
    outer loop
      vertex 1.927100e+00 0.000000e+00 5.350567e-01
      vertex 1.916543e+00 2.014368e-01 5.350567e-01
      vertex 1.953241e+00 0.000000e+00 4.299409e-01
    endloop
  endfacet
  facet normal -9.691885e-01 -5.079302e-02 -2.410264e-01
    outer loop
      vertex 1.953241e+00 0.000000e+00 4.299409e-01
      vertex 1.916543e+00 2.014368e-01 5.350567e-01
      vertex 1.942541e+00 2.041693e-01 4.299409e-01
    endloop
  endfacet
  facet normal -9.585699e-01 -1.518226e-01 -2.410264e-01
    outer loop
      vertex 1.916543e+00 2.014368e-01 5.350567e-01
      vertex 1.884988e+00 4.006666e-01 5.350567e-01
      vertex 1.942541e+00 2.041693e-01 4.299409e-01
    endloop
  endfacet
  facet normal -9.585699e-01 -1.518226e-01 -2.410264e-01
    outer loop
      vertex 1.942541e+00 2.041693e-01 4.299409e-01
      vertex 1.884988e+00 4.006666e-01 5.350567e-01
      vertex 1.910558e+00 4.061017e-01 4.299409e-01
    endloop
  endfacet
  facet normal -9.374489e-01 -2.511887e-01 -2.410264e-01
    outer loop
      vertex 1.884988e+00 4.006666e-01 5.350567e-01
      vertex 1.832781e+00 5.955066e-01 5.350567e-01
      vertex 1.910558e+00 4.061017e-01 4.299409e-01
    endloop
  endfacet
  facet normal -9.374489e-01 -2.511887e-01 -2.410264e-01
    outer loop
      vertex 1.910558e+00 4.061017e-01 4.299409e-01
      vertex 1.832781e+00 5.955066e-01 5.350567e-01
      vertex 1.857643e+00 6.035847e-01 4.299409e-01
    endloop
  endfacet
  facet normal -9.060571e-01 -3.478027e-01 -2.410264e-01
    outer loop
      vertex 1.832781e+00 5.955066e-01 5.350567e-01
      vertex 1.760493e+00 7.838222e-01 5.350567e-01
      vertex 1.857643e+00 6.035847e-01 4.299409e-01
    endloop
  endfacet
  facet normal -9.060571e-01 -3.478027e-01 -2.410264e-01
    outer loop
      vertex 1.857643e+00 6.035847e-01 4.299409e-01
      vertex 1.760493e+00 7.838222e-01 5.350567e-01
      vertex 1.784375e+00 7.944547e-01 4.299409e-01
    endloop
  endfacet
  facet normal -8.647384e-01 -4.406062e-01 -2.410264e-01
    outer loop
      vertex 1.760493e+00 7.838222e-01 5.350567e-01
      vertex 1.668918e+00 9.635500e-01 5.350567e-01
      vertex 1.784375e+00 7.944547e-01 4.299409e-01
    endloop
  endfacet
  facet normal -8.647384e-01 -4.406062e-01 -2.410264e-01
    outer loop
      vertex 1.784375e+00 7.944547e-01 4.299409e-01
      vertex 1.668918e+00 9.635500e-01 5.350567e-01
      vertex 1.691556e+00 9.766206e-01 4.299409e-01
    endloop
  endfacet
  facet normal -8.139454e-01 -5.285823e-01 -2.410264e-01
    outer loop
      vertex 1.668918e+00 9.635500e-01 5.350567e-01
      vertex 1.559057e+00 1.132721e+00 5.350567e-01
      vertex 1.691556e+00 9.766206e-01 4.299409e-01
    endloop
  endfacet
  facet normal -8.139454e-01 -5.285823e-01 -2.410264e-01
    outer loop
      vertex 1.691556e+00 9.766206e-01 4.299409e-01
      vertex 1.559057e+00 1.132721e+00 5.350567e-01
      vertex 1.580205e+00 1.148086e+00 4.299409e-01
    endloop
  endfacet
  facet normal -7.542346e-01 -6.107671e-01 -2.410264e-01
    outer loop
      vertex 1.559057e+00 1.132721e+00 5.350567e-01
      vertex 1.432114e+00 1.289482e+00 5.350567e-01
      vertex 1.580205e+00 1.148086e+00 4.299409e-01
    endloop
  endfacet
  facet normal -7.542346e-01 -6.107671e-01 -2.410264e-01
    outer loop
      vertex 1.580205e+00 1.148086e+00 4.299409e-01
      vertex 1.432114e+00 1.289482e+00 5.350567e-01
      vertex 1.451541e+00 1.306973e+00 4.299409e-01
    endloop
  endfacet
  facet normal -6.862603e-01 -6.862603e-01 -2.410264e-01
    outer loop
      vertex 1.432114e+00 1.289482e+00 5.350567e-01
      vertex 1.289482e+00 1.432114e+00 5.350567e-01
      vertex 1.451541e+00 1.306973e+00 4.299409e-01
    endloop
  endfacet
  facet normal -6.862603e-01 -6.862603e-01 -2.410264e-01
    outer loop
      vertex 1.451541e+00 1.306973e+00 4.299409e-01
      vertex 1.289482e+00 1.432114e+00 5.350567e-01
      vertex 1.306973e+00 1.451541e+00 4.299409e-01
    endloop
  endfacet
  facet normal -6.107671e-01 -7.542346e-01 -2.410264e-01
    outer loop
      vertex 1.289482e+00 1.432114e+00 5.350567e-01
      vertex 1.132721e+00 1.559057e+00 5.350567e-01
      vertex 1.306973e+00 1.451541e+00 4.299409e-01
    endloop
  endfacet
  facet normal -6.107671e-01 -7.542346e-01 -2.410264e-01
    outer loop
      vertex 1.306973e+00 1.451541e+00 4.299409e-01
      vertex 1.132721e+00 1.559057e+00 5.350567e-01
      vertex 1.148086e+00 1.580205e+00 4.299409e-01
    endloop
  endfacet
  facet normal -5.285823e-01 -8.139454e-01 -2.410264e-01
    outer loop
      vertex 1.132721e+00 1.559057e+00 5.350567e-01
      vertex 9.635500e-01 1.668918e+00 5.350567e-01
      vertex 1.148086e+00 1.580205e+00 4.299409e-01
    endloop
  endfacet
  facet normal -5.285823e-01 -8.139454e-01 -2.410264e-01
    outer loop
      vertex 1.148086e+00 1.580205e+00 4.299409e-01
      vertex 9.635500e-01 1.668918e+00 5.350567e-01
      vertex 9.766206e-01 1.691556e+00 4.299409e-01
    endloop
  endfacet
  facet normal -4.406062e-01 -8.647384e-01 -2.410264e-01
    outer loop
      vertex 9.635500e-01 1.668918e+00 5.350567e-01
      vertex 7.838222e-01 1.760493e+00 5.350567e-01
      vertex 9.766206e-01 1.691556e+00 4.299409e-01
    endloop
  endfacet
  facet normal -4.406062e-01 -8.647384e-01 -2.410264e-01
    outer loop
      vertex 9.766206e-01 1.691556e+00 4.299409e-01
      vertex 7.838222e-01 1.760493e+00 5.350567e-01
      vertex 7.944547e-01 1.784375e+00 4.299409e-01
    endloop
  endfacet
  facet normal -3.478027e-01 -9.060571e-01 -2.410264e-01
    outer loop
      vertex 7.838222e-01 1.760493e+00 5.350567e-01
      vertex 5.955066e-01 1.832781e+00 5.350567e-01
      vertex 7.944547e-01 1.784375e+00 4.299409e-01
    endloop
  endfacet
  facet normal -3.478027e-01 -9.060571e-01 -2.410264e-01
    outer loop
      vertex 7.944547e-01 1.784375e+00 4.299409e-01
      vertex 5.955066e-01 1.832781e+00 5.350567e-01
      vertex 6.035847e-01 1.857643e+00 4.299409e-01
    endloop
  endfacet
  facet normal -2.511887e-01 -9.374489e-01 -2.410264e-01
    outer loop
      vertex 5.955066e-01 1.832781e+00 5.350567e-01
      vertex 4.006666e-01 1.884988e+00 5.350567e-01
      vertex 6.035847e-01 1.857643e+00 4.299409e-01
    endloop
  endfacet
  facet normal -2.511887e-01 -9.374489e-01 -2.410264e-01
    outer loop
      vertex 6.035847e-01 1.857643e+00 4.299409e-01
      vertex 4.006666e-01 1.884988e+00 5.350567e-01
      vertex 4.061017e-01 1.910558e+00 4.299409e-01
    endloop
  endfacet
  facet normal -1.518226e-01 -9.585699e-01 -2.410264e-01
    outer loop
      vertex 4.006666e-01 1.884988e+00 5.350567e-01
      vertex 2.014368e-01 1.916543e+00 5.350567e-01
      vertex 4.061017e-01 1.910558e+00 4.299409e-01
    endloop
  endfacet
  facet normal -1.518226e-01 -9.585699e-01 -2.410264e-01
    outer loop
      vertex 4.061017e-01 1.910558e+00 4.299409e-01
      vertex 2.014368e-01 1.916543e+00 5.350567e-01
      vertex 2.041693e-01 1.942541e+00 4.299409e-01
    endloop
  endfacet
  facet normal -5.079302e-02 -9.691885e-01 -2.410264e-01
    outer loop
      vertex 2.014368e-01 1.916543e+00 5.350567e-01
      vertex 1.180008e-16 1.927100e+00 5.350567e-01
      vertex 2.041693e-01 1.942541e+00 4.299409e-01
    endloop
  endfacet
  facet normal -5.079302e-02 -9.691885e-01 -2.410264e-01
    outer loop
      vertex 2.041693e-01 1.942541e+00 4.299409e-01
      vertex 1.180008e-16 1.927100e+00 5.350567e-01
      vertex 1.196015e-16 1.953241e+00 4.299409e-01
    endloop
  endfacet
  facet normal 5.079302e-02 -9.691885e-01 -2.410264e-01
    outer loop
      vertex 1.180008e-16 1.927100e+00 5.350567e-01
      vertex -2.014368e-01 1.916543e+00 5.350567e-01
      vertex 1.196015e-16 1.953241e+00 4.299409e-01
    endloop
  endfacet
  facet normal 5.079302e-02 -9.691885e-01 -2.410264e-01
    outer loop
      vertex 1.196015e-16 1.953241e+00 4.299409e-01
      vertex -2.014368e-01 1.916543e+00 5.350567e-01
      vertex -2.041693e-01 1.942541e+00 4.299409e-01
    endloop
  endfacet
  facet normal 1.518226e-01 -9.585699e-01 -2.410264e-01
    outer loop
      vertex -2.014368e-01 1.916543e+00 5.350567e-01
      vertex -4.006666e-01 1.884988e+00 5.350567e-01
      vertex -2.041693e-01 1.942541e+00 4.299409e-01
    endloop
  endfacet
  facet normal 1.518226e-01 -9.585699e-01 -2.410264e-01
    outer loop
      vertex -2.041693e-01 1.942541e+00 4.299409e-01
      vertex -4.006666e-01 1.884988e+00 5.350567e-01
      vertex -4.061017e-01 1.910558e+00 4.299409e-01
    endloop
  endfacet
  facet normal 2.511887e-01 -9.374489e-01 -2.410264e-01
    outer loop
      vertex -4.006666e-01 1.884988e+00 5.350567e-01
      vertex -5.955066e-01 1.832781e+00 5.350567e-01
      vertex -4.061017e-01 1.910558e+00 4.299409e-01
    endloop
  endfacet
  facet normal 2.511887e-01 -9.374489e-01 -2.410264e-01
    outer loop
      vertex -4.061017e-01 1.910558e+00 4.299409e-01
      vertex -5.955066e-01 1.832781e+00 5.350567e-01
      vertex -6.035847e-01 1.857643e+00 4.299409e-01
    endloop
  endfacet
  facet normal 3.478027e-01 -9.060571e-01 -2.410264e-01
    outer loop
      vertex -5.955066e-01 1.832781e+00 5.350567e-01
      vertex -7.838222e-01 1.760493e+00 5.350567e-01
      vertex -6.035847e-01 1.857643e+00 4.299409e-01
    endloop
  endfacet
  facet normal 3.478027e-01 -9.060571e-01 -2.410264e-01
    outer loop
      vertex -6.035847e-01 1.857643e+00 4.299409e-01
      vertex -7.838222e-01 1.760493e+00 5.350567e-01
      vertex -7.944547e-01 1.784375e+00 4.299409e-01
    endloop
  endfacet
  facet normal 4.406062e-01 -8.647384e-01 -2.410264e-01
    outer loop
      vertex -7.838222e-01 1.760493e+00 5.350567e-01
      vertex -9.635500e-01 1.668918e+00 5.350567e-01
      vertex -7.944547e-01 1.784375e+00 4.299409e-01
    endloop
  endfacet
  facet normal 4.406062e-01 -8.647384e-01 -2.410264e-01
    outer loop
      vertex -7.944547e-01 1.784375e+00 4.299409e-01
      vertex -9.635500e-01 1.668918e+00 5.350567e-01
      vertex -9.766206e-01 1.691556e+00 4.299409e-01
    endloop
  endfacet
  facet normal 5.285823e-01 -8.139454e-01 -2.410264e-01
    outer loop
      vertex -9.635500e-01 1.668918e+00 5.350567e-01
      vertex -1.132721e+00 1.559057e+00 5.350567e-01
      vertex -9.766206e-01 1.691556e+00 4.299409e-01
    endloop
  endfacet
  facet normal 5.285823e-01 -8.139454e-01 -2.410264e-01
    outer loop
      vertex -9.766206e-01 1.691556e+00 4.299409e-01
      vertex -1.132721e+00 1.559057e+00 5.350567e-01
      vertex -1.148086e+00 1.580205e+00 4.299409e-01
    endloop
  endfacet
  facet normal 6.107671e-01 -7.542346e-01 -2.410264e-01
    outer loop
      vertex -1.132721e+00 1.559057e+00 5.350567e-01
      vertex -1.289482e+00 1.432114e+00 5.350567e-01
      vertex -1.148086e+00 1.580205e+00 4.299409e-01
    endloop
  endfacet
  facet normal 6.107671e-01 -7.542346e-01 -2.410264e-01
    outer loop
      vertex -1.148086e+00 1.580205e+00 4.299409e-01
      vertex -1.289482e+00 1.432114e+00 5.350567e-01
      vertex -1.306973e+00 1.451541e+00 4.299409e-01
    endloop
  endfacet
  facet normal 6.862603e-01 -6.862603e-01 -2.410264e-01
    outer loop
      vertex -1.289482e+00 1.432114e+00 5.350567e-01
      vertex -1.432114e+00 1.289482e+00 5.350567e-01
      vertex -1.306973e+00 1.451541e+00 4.299409e-01
    endloop
  endfacet
  facet normal 6.862603e-01 -6.862603e-01 -2.410264e-01
    outer loop
      vertex -1.306973e+00 1.451541e+00 4.299409e-01
      vertex -1.432114e+00 1.289482e+00 5.350567e-01
      vertex -1.451541e+00 1.306973e+00 4.299409e-01
    endloop
  endfacet
  facet normal 7.542346e-01 -6.107671e-01 -2.410264e-01
    outer loop
      vertex -1.432114e+00 1.289482e+00 5.350567e-01
      vertex -1.559057e+00 1.132721e+00 5.350567e-01
      vertex -1.451541e+00 1.306973e+00 4.299409e-01
    endloop
  endfacet
  facet normal 7.542346e-01 -6.107671e-01 -2.410264e-01
    outer loop
      vertex -1.451541e+00 1.306973e+00 4.299409e-01
      vertex -1.559057e+00 1.132721e+00 5.350567e-01
      vertex -1.580205e+00 1.148086e+00 4.299409e-01
    endloop
  endfacet
  facet normal 8.139454e-01 -5.285823e-01 -2.410264e-01
    outer loop
      vertex -1.559057e+00 1.132721e+00 5.350567e-01
      vertex -1.668918e+00 9.635500e-01 5.350567e-01
      vertex -1.580205e+00 1.148086e+00 4.299409e-01
    endloop
  endfacet
  facet normal 8.139454e-01 -5.285823e-01 -2.410264e-01
    outer loop
      vertex -1.580205e+00 1.148086e+00 4.299409e-01
      vertex -1.668918e+00 9.635500e-01 5.350567e-01
      vertex -1.691556e+00 9.766206e-01 4.299409e-01
    endloop
  endfacet
  facet normal 8.647384e-01 -4.406062e-01 -2.410264e-01
    outer loop
      vertex -1.668918e+00 9.635500e-01 5.350567e-01
      vertex -1.760493e+00 7.838222e-01 5.350567e-01
      vertex -1.691556e+00 9.766206e-01 4.299409e-01
    endloop
  endfacet
  facet normal 8.647384e-01 -4.406062e-01 -2.410264e-01
    outer loop
      vertex -1.691556e+00 9.766206e-01 4.299409e-01
      vertex -1.760493e+00 7.838222e-01 5.350567e-01
      vertex -1.784375e+00 7.944547e-01 4.299409e-01
    endloop
  endfacet
  facet normal 9.060571e-01 -3.478027e-01 -2.410264e-01
    outer loop
      vertex -1.760493e+00 7.838222e-01 5.350567e-01
      vertex -1.832781e+00 5.955066e-01 5.350567e-01
      vertex -1.784375e+00 7.944547e-01 4.299409e-01
    endloop
  endfacet
  facet normal 9.060571e-01 -3.478027e-01 -2.410264e-01
    outer loop
      vertex -1.784375e+00 7.944547e-01 4.299409e-01
      vertex -1.832781e+00 5.955066e-01 5.350567e-01
      vertex -1.857643e+00 6.035847e-01 4.299409e-01
    endloop
  endfacet
  facet normal 9.374489e-01 -2.511887e-01 -2.410264e-01
    outer loop
      vertex -1.832781e+00 5.955066e-01 5.350567e-01
      vertex -1.884988e+00 4.006666e-01 5.350567e-01
      vertex -1.857643e+00 6.035847e-01 4.299409e-01
    endloop
  endfacet
  facet normal 9.374489e-01 -2.511887e-01 -2.410264e-01
    outer loop
      vertex -1.857643e+00 6.035847e-01 4.299409e-01
      vertex -1.884988e+00 4.006666e-01 5.350567e-01
      vertex -1.910558e+00 4.061017e-01 4.299409e-01
    endloop
  endfacet
  facet normal 9.585699e-01 -1.518226e-01 -2.410264e-01
    outer loop
      vertex -1.884988e+00 4.006666e-01 5.350567e-01
      vertex -1.916543e+00 2.014368e-01 5.350567e-01
      vertex -1.910558e+00 4.061017e-01 4.299409e-01
    endloop
  endfacet
  facet normal 9.585699e-01 -1.518226e-01 -2.410264e-01
    outer loop
      vertex -1.910558e+00 4.061017e-01 4.299409e-01
      vertex -1.916543e+00 2.014368e-01 5.350567e-01
      vertex -1.942541e+00 2.041693e-01 4.299409e-01
    endloop
  endfacet
  facet normal 9.691885e-01 -5.079302e-02 -2.410264e-01
    outer loop
      vertex -1.916543e+00 2.014368e-01 5.350567e-01
      vertex -1.927100e+00 2.360017e-16 5.350567e-01
      vertex -1.942541e+00 2.041693e-01 4.299409e-01
    endloop
  endfacet
  facet normal 9.691885e-01 -5.079302e-02 -2.410264e-01
    outer loop
      vertex -1.942541e+00 2.041693e-01 4.299409e-01
      vertex -1.927100e+00 2.360017e-16 5.350567e-01
      vertex -1.953241e+00 2.392030e-16 4.299409e-01
    endloop
  endfacet
  facet normal 9.691885e-01 5.079302e-02 -2.410264e-01
    outer loop
      vertex -1.927100e+00 2.360017e-16 5.350567e-01
      vertex -1.916543e+00 -2.014368e-01 5.350567e-01
      vertex -1.953241e+00 2.392030e-16 4.299409e-01
    endloop
  endfacet
  facet normal 9.691885e-01 5.079302e-02 -2.410264e-01
    outer loop
      vertex -1.953241e+00 2.392030e-16 4.299409e-01
      vertex -1.916543e+00 -2.014368e-01 5.350567e-01
      vertex -1.942541e+00 -2.041693e-01 4.299409e-01
    endloop
  endfacet
  facet normal 9.585699e-01 1.518226e-01 -2.410264e-01
    outer loop
      vertex -1.916543e+00 -2.014368e-01 5.350567e-01
      vertex -1.884988e+00 -4.006666e-01 5.350567e-01
      vertex -1.942541e+00 -2.041693e-01 4.299409e-01
    endloop
  endfacet
  facet normal 9.585699e-01 1.518226e-01 -2.410264e-01
    outer loop
      vertex -1.942541e+00 -2.041693e-01 4.299409e-01
      vertex -1.884988e+00 -4.006666e-01 5.350567e-01
      vertex -1.910558e+00 -4.061017e-01 4.299409e-01
    endloop
  endfacet
  facet normal 9.374489e-01 2.511887e-01 -2.410264e-01
    outer loop
      vertex -1.884988e+00 -4.006666e-01 5.350567e-01
      vertex -1.832781e+00 -5.955066e-01 5.350567e-01
      vertex -1.910558e+00 -4.061017e-01 4.299409e-01
    endloop
  endfacet
  facet normal 9.374489e-01 2.511887e-01 -2.410264e-01
    outer loop
      vertex -1.910558e+00 -4.061017e-01 4.299409e-01
      vertex -1.832781e+00 -5.955066e-01 5.350567e-01
      vertex -1.857643e+00 -6.035847e-01 4.299409e-01
    endloop
  endfacet
  facet normal 9.060571e-01 3.478027e-01 -2.410264e-01
    outer loop
      vertex -1.832781e+00 -5.955066e-01 5.350567e-01
      vertex -1.760493e+00 -7.838222e-01 5.350567e-01
      vertex -1.857643e+00 -6.035847e-01 4.299409e-01
    endloop
  endfacet
  facet normal 9.060571e-01 3.478027e-01 -2.410264e-01
    outer loop
      vertex -1.857643e+00 -6.035847e-01 4.299409e-01
      vertex -1.760493e+00 -7.838222e-01 5.350567e-01
      vertex -1.784375e+00 -7.944547e-01 4.299409e-01
    endloop
  endfacet
  facet normal 8.647384e-01 4.406062e-01 -2.410264e-01
    outer loop
      vertex -1.760493e+00 -7.838222e-01 5.350567e-01
      vertex -1.668918e+00 -9.635500e-01 5.350567e-01
      vertex -1.784375e+00 -7.944547e-01 4.299409e-01
    endloop
  endfacet
  facet normal 8.647384e-01 4.406062e-01 -2.410264e-01
    outer loop
      vertex -1.784375e+00 -7.944547e-01 4.299409e-01
      vertex -1.668918e+00 -9.635500e-01 5.350567e-01
      vertex -1.691556e+00 -9.766206e-01 4.299409e-01
    endloop
  endfacet
  facet normal 8.139454e-01 5.285823e-01 -2.410264e-01
    outer loop
      vertex -1.668918e+00 -9.635500e-01 5.350567e-01
      vertex -1.559057e+00 -1.132721e+00 5.350567e-01
      vertex -1.691556e+00 -9.766206e-01 4.299409e-01
    endloop
  endfacet
  facet normal 8.139454e-01 5.285823e-01 -2.410264e-01
    outer loop
      vertex -1.691556e+00 -9.766206e-01 4.299409e-01
      vertex -1.559057e+00 -1.132721e+00 5.350567e-01
      vertex -1.580205e+00 -1.148086e+00 4.299409e-01
    endloop
  endfacet
  facet normal 7.542346e-01 6.107671e-01 -2.410264e-01
    outer loop
      vertex -1.559057e+00 -1.132721e+00 5.350567e-01
      vertex -1.432114e+00 -1.289482e+00 5.350567e-01
      vertex -1.580205e+00 -1.148086e+00 4.299409e-01
    endloop
  endfacet
  facet normal 7.542346e-01 6.107671e-01 -2.410264e-01
    outer loop
      vertex -1.580205e+00 -1.148086e+00 4.299409e-01
      vertex -1.432114e+00 -1.289482e+00 5.350567e-01
      vertex -1.451541e+00 -1.306973e+00 4.299409e-01
    endloop
  endfacet
  facet normal 6.862603e-01 6.862603e-01 -2.410264e-01
    outer loop
      vertex -1.432114e+00 -1.289482e+00 5.350567e-01
      vertex -1.289482e+00 -1.432114e+00 5.350567e-01
      vertex -1.451541e+00 -1.306973e+00 4.299409e-01
    endloop
  endfacet
  facet normal 6.862603e-01 6.862603e-01 -2.410264e-01
    outer loop
      vertex -1.451541e+00 -1.306973e+00 4.299409e-01
      vertex -1.289482e+00 -1.432114e+00 5.350567e-01
      vertex -1.306973e+00 -1.451541e+00 4.299409e-01
    endloop
  endfacet
  facet normal 6.107671e-01 7.542346e-01 -2.410264e-01
    outer loop
      vertex -1.289482e+00 -1.432114e+00 5.350567e-01
      vertex -1.132721e+00 -1.559057e+00 5.350567e-01
      vertex -1.306973e+00 -1.451541e+00 4.299409e-01
    endloop
  endfacet
  facet normal 6.107671e-01 7.542346e-01 -2.410264e-01
    outer loop
      vertex -1.306973e+00 -1.451541e+00 4.299409e-01
      vertex -1.132721e+00 -1.559057e+00 5.350567e-01
      vertex -1.148086e+00 -1.580205e+00 4.299409e-01
    endloop
  endfacet
  facet normal 5.285823e-01 8.139454e-01 -2.410264e-01
    outer loop
      vertex -1.132721e+00 -1.559057e+00 5.350567e-01
      vertex -9.635500e-01 -1.668918e+00 5.350567e-01
      vertex -1.148086e+00 -1.580205e+00 4.299409e-01
    endloop
  endfacet
  facet normal 5.285823e-01 8.139454e-01 -2.410264e-01
    outer loop
      vertex -1.148086e+00 -1.580205e+00 4.299409e-01
      vertex -9.635500e-01 -1.668918e+00 5.350567e-01
      vertex -9.766206e-01 -1.691556e+00 4.299409e-01
    endloop
  endfacet
  facet normal 4.406062e-01 8.647384e-01 -2.410264e-01
    outer loop
      vertex -9.635500e-01 -1.668918e+00 5.350567e-01
      vertex -7.838222e-01 -1.760493e+00 5.350567e-01
      vertex -9.766206e-01 -1.691556e+00 4.299409e-01
    endloop
  endfacet
  facet normal 4.406062e-01 8.647384e-01 -2.410264e-01
    outer loop
      vertex -9.766206e-01 -1.691556e+00 4.299409e-01
      vertex -7.838222e-01 -1.760493e+00 5.350567e-01
      vertex -7.944547e-01 -1.784375e+00 4.299409e-01
    endloop
  endfacet
  facet normal 3.478027e-01 9.060571e-01 -2.410264e-01
    outer loop
      vertex -7.838222e-01 -1.760493e+00 5.350567e-01
      vertex -5.955066e-01 -1.832781e+00 5.350567e-01
      vertex -7.944547e-01 -1.784375e+00 4.299409e-01
    endloop
  endfacet
  facet normal 3.478027e-01 9.060571e-01 -2.410264e-01
    outer loop
      vertex -7.944547e-01 -1.784375e+00 4.299409e-01
      vertex -5.955066e-01 -1.832781e+00 5.350567e-01
      vertex -6.035847e-01 -1.857643e+00 4.299409e-01
    endloop
  endfacet
  facet normal 2.511887e-01 9.374489e-01 -2.410264e-01
    outer loop
      vertex -5.955066e-01 -1.832781e+00 5.350567e-01
      vertex -4.006666e-01 -1.884988e+00 5.350567e-01
      vertex -6.035847e-01 -1.857643e+00 4.299409e-01
    endloop
  endfacet
  facet normal 2.511887e-01 9.374489e-01 -2.410264e-01
    outer loop
      vertex -6.035847e-01 -1.857643e+00 4.299409e-01
      vertex -4.006666e-01 -1.884988e+00 5.350567e-01
      vertex -4.061017e-01 -1.910558e+00 4.299409e-01
    endloop
  endfacet
  facet normal 1.518226e-01 9.585699e-01 -2.410264e-01
    outer loop
      vertex -4.006666e-01 -1.884988e+00 5.350567e-01
      vertex -2.014368e-01 -1.916543e+00 5.350567e-01
      vertex -4.061017e-01 -1.910558e+00 4.299409e-01
    endloop
  endfacet
  facet normal 1.518226e-01 9.585699e-01 -2.410264e-01
    outer loop
      vertex -4.061017e-01 -1.910558e+00 4.299409e-01
      vertex -2.014368e-01 -1.916543e+00 5.350567e-01
      vertex -2.041693e-01 -1.942541e+00 4.299409e-01
    endloop
  endfacet
  facet normal 5.079302e-02 9.691885e-01 -2.410264e-01
    outer loop
      vertex -2.014368e-01 -1.916543e+00 5.350567e-01
      vertex -3.540025e-16 -1.927100e+00 5.350567e-01
      vertex -2.041693e-01 -1.942541e+00 4.299409e-01
    endloop
  endfacet
  facet normal 5.079302e-02 9.691885e-01 -2.410264e-01
    outer loop
      vertex -2.041693e-01 -1.942541e+00 4.299409e-01
      vertex -3.540025e-16 -1.927100e+00 5.350567e-01
      vertex -3.588046e-16 -1.953241e+00 4.299409e-01
    endloop
  endfacet
  facet normal -5.079302e-02 9.691885e-01 -2.410264e-01
    outer loop
      vertex -3.540025e-16 -1.927100e+00 5.350567e-01
      vertex 2.014368e-01 -1.916543e+00 5.350567e-01
      vertex -3.588046e-16 -1.953241e+00 4.299409e-01
    endloop
  endfacet
  facet normal -5.079302e-02 9.691885e-01 -2.410264e-01
    outer loop
      vertex -3.588046e-16 -1.953241e+00 4.299409e-01
      vertex 2.014368e-01 -1.916543e+00 5.350567e-01
      vertex 2.041693e-01 -1.942541e+00 4.299409e-01
    endloop
  endfacet
  facet normal -1.518226e-01 9.585699e-01 -2.410264e-01
    outer loop
      vertex 2.014368e-01 -1.916543e+00 5.350567e-01
      vertex 4.006666e-01 -1.884988e+00 5.350567e-01
      vertex 2.041693e-01 -1.942541e+00 4.299409e-01
    endloop
  endfacet
  facet normal -1.518226e-01 9.585699e-01 -2.410264e-01
    outer loop
      vertex 2.041693e-01 -1.942541e+00 4.299409e-01
      vertex 4.006666e-01 -1.884988e+00 5.350567e-01
      vertex 4.061017e-01 -1.910558e+00 4.299409e-01
    endloop
  endfacet
  facet normal -2.511887e-01 9.374489e-01 -2.410264e-01
    outer loop
      vertex 4.006666e-01 -1.884988e+00 5.350567e-01
      vertex 5.955066e-01 -1.832781e+00 5.350567e-01
      vertex 4.061017e-01 -1.910558e+00 4.299409e-01
    endloop
  endfacet
  facet normal -2.511887e-01 9.374489e-01 -2.410264e-01
    outer loop
      vertex 4.061017e-01 -1.910558e+00 4.299409e-01
      vertex 5.955066e-01 -1.832781e+00 5.350567e-01
      vertex 6.035847e-01 -1.857643e+00 4.299409e-01
    endloop
  endfacet
  facet normal -3.478027e-01 9.060571e-01 -2.410264e-01
    outer loop
      vertex 5.955066e-01 -1.832781e+00 5.350567e-01
      vertex 7.838222e-01 -1.760493e+00 5.350567e-01
      vertex 6.035847e-01 -1.857643e+00 4.299409e-01
    endloop
  endfacet
  facet normal -3.478027e-01 9.060571e-01 -2.410264e-01
    outer loop
      vertex 6.035847e-01 -1.857643e+00 4.299409e-01
      vertex 7.838222e-01 -1.760493e+00 5.350567e-01
      vertex 7.944547e-01 -1.784375e+00 4.299409e-01
    endloop
  endfacet
  facet normal -4.406062e-01 8.647384e-01 -2.410264e-01
    outer loop
      vertex 7.838222e-01 -1.760493e+00 5.350567e-01
      vertex 9.635500e-01 -1.668918e+00 5.350567e-01
      vertex 7.944547e-01 -1.784375e+00 4.299409e-01
    endloop
  endfacet
  facet normal -4.406062e-01 8.647384e-01 -2.410264e-01
    outer loop
      vertex 7.944547e-01 -1.784375e+00 4.299409e-01
      vertex 9.635500e-01 -1.668918e+00 5.350567e-01
      vertex 9.766206e-01 -1.691556e+00 4.299409e-01
    endloop
  endfacet
  facet normal -5.285823e-01 8.139454e-01 -2.410264e-01
    outer loop
      vertex 9.635500e-01 -1.668918e+00 5.350567e-01
      vertex 1.132721e+00 -1.559057e+00 5.350567e-01
      vertex 9.766206e-01 -1.691556e+00 4.299409e-01
    endloop
  endfacet
  facet normal -5.285823e-01 8.139454e-01 -2.410264e-01
    outer loop
      vertex 9.766206e-01 -1.691556e+00 4.299409e-01
      vertex 1.132721e+00 -1.559057e+00 5.350567e-01
      vertex 1.148086e+00 -1.580205e+00 4.299409e-01
    endloop
  endfacet
  facet normal -6.107671e-01 7.542346e-01 -2.410264e-01
    outer loop
      vertex 1.132721e+00 -1.559057e+00 5.350567e-01
      vertex 1.289482e+00 -1.432114e+00 5.350567e-01
      vertex 1.148086e+00 -1.580205e+00 4.299409e-01
    endloop
  endfacet
  facet normal -6.107671e-01 7.542346e-01 -2.410264e-01
    outer loop
      vertex 1.148086e+00 -1.580205e+00 4.299409e-01
      vertex 1.289482e+00 -1.432114e+00 5.350567e-01
      vertex 1.306973e+00 -1.451541e+00 4.299409e-01
    endloop
  endfacet
  facet normal -6.862603e-01 6.862603e-01 -2.410264e-01
    outer loop
      vertex 1.289482e+00 -1.432114e+00 5.350567e-01
      vertex 1.432114e+00 -1.289482e+00 5.350567e-01
      vertex 1.306973e+00 -1.451541e+00 4.299409e-01
    endloop
  endfacet
  facet normal -6.862603e-01 6.862603e-01 -2.410264e-01
    outer loop
      vertex 1.306973e+00 -1.451541e+00 4.299409e-01
      vertex 1.432114e+00 -1.289482e+00 5.350567e-01
      vertex 1.451541e+00 -1.306973e+00 4.299409e-01
    endloop
  endfacet
  facet normal -7.542346e-01 6.107671e-01 -2.410264e-01
    outer loop
      vertex 1.432114e+00 -1.289482e+00 5.350567e-01
      vertex 1.559057e+00 -1.132721e+00 5.350567e-01
      vertex 1.451541e+00 -1.306973e+00 4.299409e-01
    endloop
  endfacet
  facet normal -7.542346e-01 6.107671e-01 -2.410264e-01
    outer loop
      vertex 1.451541e+00 -1.306973e+00 4.299409e-01
      vertex 1.559057e+00 -1.132721e+00 5.350567e-01
      vertex 1.580205e+00 -1.148086e+00 4.299409e-01
    endloop
  endfacet
  facet normal -8.139454e-01 5.285823e-01 -2.410264e-01
    outer loop
      vertex 1.559057e+00 -1.132721e+00 5.350567e-01
      vertex 1.668918e+00 -9.635500e-01 5.350567e-01
      vertex 1.580205e+00 -1.148086e+00 4.299409e-01
    endloop
  endfacet
  facet normal -8.139454e-01 5.285823e-01 -2.410264e-01
    outer loop
      vertex 1.580205e+00 -1.148086e+00 4.299409e-01
      vertex 1.668918e+00 -9.635500e-01 5.350567e-01
      vertex 1.691556e+00 -9.766206e-01 4.299409e-01
    endloop
  endfacet
  facet normal -8.647384e-01 4.406062e-01 -2.410264e-01
    outer loop
      vertex 1.668918e+00 -9.635500e-01 5.350567e-01
      vertex 1.760493e+00 -7.838222e-01 5.350567e-01
      vertex 1.691556e+00 -9.766206e-01 4.299409e-01
    endloop
  endfacet
  facet normal -8.647384e-01 4.406062e-01 -2.410264e-01
    outer loop
      vertex 1.691556e+00 -9.766206e-01 4.299409e-01
      vertex 1.760493e+00 -7.838222e-01 5.350567e-01
      vertex 1.784375e+00 -7.944547e-01 4.299409e-01
    endloop
  endfacet
  facet normal -9.060571e-01 3.478027e-01 -2.410264e-01
    outer loop
      vertex 1.760493e+00 -7.838222e-01 5.350567e-01
      vertex 1.832781e+00 -5.955066e-01 5.350567e-01
      vertex 1.784375e+00 -7.944547e-01 4.299409e-01
    endloop
  endfacet
  facet normal -9.060571e-01 3.478027e-01 -2.410264e-01
    outer loop
      vertex 1.784375e+00 -7.944547e-01 4.299409e-01
      vertex 1.832781e+00 -5.955066e-01 5.350567e-01
      vertex 1.857643e+00 -6.035847e-01 4.299409e-01
    endloop
  endfacet
  facet normal -9.374489e-01 2.511887e-01 -2.410264e-01
    outer loop
      vertex 1.832781e+00 -5.955066e-01 5.350567e-01
      vertex 1.884988e+00 -4.006666e-01 5.350567e-01
      vertex 1.857643e+00 -6.035847e-01 4.299409e-01
    endloop
  endfacet
  facet normal -9.374489e-01 2.511887e-01 -2.410264e-01
    outer loop
      vertex 1.857643e+00 -6.035847e-01 4.299409e-01
      vertex 1.884988e+00 -4.006666e-01 5.350567e-01
      vertex 1.910558e+00 -4.061017e-01 4.299409e-01
    endloop
  endfacet
  facet normal -9.585699e-01 1.518226e-01 -2.410264e-01
    outer loop
      vertex 1.884988e+00 -4.006666e-01 5.350567e-01
      vertex 1.916543e+00 -2.014368e-01 5.350567e-01
      vertex 1.910558e+00 -4.061017e-01 4.299409e-01
    endloop
  endfacet
  facet normal -9.585699e-01 1.518226e-01 -2.410264e-01
    outer loop
      vertex 1.910558e+00 -4.061017e-01 4.299409e-01
      vertex 1.916543e+00 -2.014368e-01 5.350567e-01
      vertex 1.942541e+00 -2.041693e-01 4.299409e-01
    endloop
  endfacet
  facet normal -9.691885e-01 5.079302e-02 -2.410264e-01
    outer loop
      vertex 1.916543e+00 -2.014368e-01 5.350567e-01
      vertex 1.927100e+00 0.000000e+00 5.350567e-01
      vertex 1.942541e+00 -2.041693e-01 4.299409e-01
    endloop
  endfacet
  facet normal -9.691885e-01 5.079302e-02 -2.410264e-01
    outer loop
      vertex 1.942541e+00 -2.041693e-01 4.299409e-01
      vertex 1.927100e+00 0.000000e+00 5.350567e-01
      vertex 1.953241e+00 0.000000e+00 4.299409e-01
    endloop
  endfacet
  facet normal -9.807855e-01 -5.140079e-02 -1.881962e-01
    outer loop
      vertex 1.953241e+00 0.000000e+00 4.299409e-01
      vertex 1.942541e+00 2.041693e-01 4.299409e-01
      vertex 1.973653e+00 0.000000e+00 3.235640e-01
    endloop
  endfacet
  facet normal -9.807855e-01 -5.140079e-02 -1.881962e-01
    outer loop
      vertex 1.973653e+00 0.000000e+00 3.235640e-01
      vertex 1.942541e+00 2.041693e-01 4.299409e-01
      vertex 1.962841e+00 2.063029e-01 3.235640e-01
    endloop
  endfacet
  facet normal -9.700398e-01 -1.536392e-01 -1.881962e-01
    outer loop
      vertex 1.942541e+00 2.041693e-01 4.299409e-01
      vertex 1.910558e+00 4.061017e-01 4.299409e-01
      vertex 1.962841e+00 2.063029e-01 3.235640e-01
    endloop
  endfacet
  facet normal -9.700398e-01 -1.536392e-01 -1.881962e-01
    outer loop
      vertex 1.962841e+00 2.063029e-01 3.235640e-01
      vertex 1.910558e+00 4.061017e-01 4.299409e-01
      vertex 1.930524e+00 4.103455e-01 3.235640e-01
    endloop
  endfacet
  facet normal -9.486661e-01 -2.541943e-01 -1.881962e-01
    outer loop
      vertex 1.910558e+00 4.061017e-01 4.299409e-01
      vertex 1.857643e+00 6.035847e-01 4.299409e-01
      vertex 1.930524e+00 4.103455e-01 3.235640e-01
    endloop
  endfacet
  facet normal -9.486661e-01 -2.541943e-01 -1.881962e-01
    outer loop
      vertex 1.930524e+00 4.103455e-01 3.235640e-01
      vertex 1.857643e+00 6.035847e-01 4.299409e-01
      vertex 1.877056e+00 6.098923e-01 3.235640e-01
    endloop
  endfacet
  facet normal -9.168987e-01 -3.519644e-01 -1.881962e-01
    outer loop
      vertex 1.857643e+00 6.035847e-01 4.299409e-01
      vertex 1.784375e+00 7.944547e-01 4.299409e-01
      vertex 1.877056e+00 6.098923e-01 3.235640e-01
    endloop
  endfacet
  facet normal -9.168987e-01 -3.519644e-01 -1.881962e-01
    outer loop
      vertex 1.877056e+00 6.098923e-01 3.235640e-01
      vertex 1.784375e+00 7.944547e-01 4.299409e-01
      vertex 1.803022e+00 8.027570e-01 3.235640e-01
    endloop
  endfacet
  facet normal -8.750855e-01 -4.458783e-01 -1.881962e-01
    outer loop
      vertex 1.784375e+00 7.944547e-01 4.299409e-01
      vertex 1.691556e+00 9.766206e-01 4.299409e-01
      vertex 1.803022e+00 8.027570e-01 3.235640e-01
    endloop
  endfacet
  facet normal -8.750855e-01 -4.458783e-01 -1.881962e-01
    outer loop
      vertex 1.803022e+00 8.027570e-01 3.235640e-01
      vertex 1.691556e+00 9.766206e-01 4.299409e-01
      vertex 1.709234e+00 9.868265e-01 3.235640e-01
    endloop
  endfacet
  facet normal -8.236847e-01 -5.349071e-01 -1.881962e-01
    outer loop
      vertex 1.691556e+00 9.766206e-01 4.299409e-01
      vertex 1.580205e+00 1.148086e+00 4.299409e-01
      vertex 1.709234e+00 9.868265e-01 3.235640e-01
    endloop
  endfacet
  facet normal -8.236847e-01 -5.349071e-01 -1.881962e-01
    outer loop
      vertex 1.709234e+00 9.868265e-01 3.235640e-01
      vertex 1.580205e+00 1.148086e+00 4.299409e-01
      vertex 1.596719e+00 1.160084e+00 3.235640e-01
    endloop
  endfacet
  facet normal -7.632595e-01 -6.180753e-01 -1.881962e-01
    outer loop
      vertex 1.580205e+00 1.148086e+00 4.299409e-01
      vertex 1.451541e+00 1.306973e+00 4.299409e-01
      vertex 1.596719e+00 1.160084e+00 3.235640e-01
    endloop
  endfacet
  facet normal -7.632595e-01 -6.180753e-01 -1.881962e-01
    outer loop
      vertex 1.596719e+00 1.160084e+00 3.235640e-01
      vertex 1.451541e+00 1.306973e+00 4.299409e-01
      vertex 1.466710e+00 1.320632e+00 3.235640e-01
    endloop
  endfacet
  facet normal -6.944718e-01 -6.944718e-01 -1.881962e-01
    outer loop
      vertex 1.451541e+00 1.306973e+00 4.299409e-01
      vertex 1.306973e+00 1.451541e+00 4.299409e-01
      vertex 1.466710e+00 1.320632e+00 3.235640e-01
    endloop
  endfacet
  facet normal -6.944718e-01 -6.944718e-01 -1.881962e-01
    outer loop
      vertex 1.466710e+00 1.320632e+00 3.235640e-01
      vertex 1.306973e+00 1.451541e+00 4.299409e-01
      vertex 1.320632e+00 1.466710e+00 3.235640e-01
    endloop
  endfacet
  facet normal -6.180753e-01 -7.632595e-01 -1.881962e-01
    outer loop
      vertex 1.306973e+00 1.451541e+00 4.299409e-01
      vertex 1.148086e+00 1.580205e+00 4.299409e-01
      vertex 1.320632e+00 1.466710e+00 3.235640e-01
    endloop
  endfacet
  facet normal -6.180753e-01 -7.632595e-01 -1.881962e-01
    outer loop
      vertex 1.320632e+00 1.466710e+00 3.235640e-01
      vertex 1.148086e+00 1.580205e+00 4.299409e-01
      vertex 1.160084e+00 1.596719e+00 3.235640e-01
    endloop
  endfacet
  facet normal -5.349071e-01 -8.236847e-01 -1.881962e-01
    outer loop
      vertex 1.148086e+00 1.580205e+00 4.299409e-01
      vertex 9.766206e-01 1.691556e+00 4.299409e-01
      vertex 1.160084e+00 1.596719e+00 3.235640e-01
    endloop
  endfacet
  facet normal -5.349071e-01 -8.236847e-01 -1.881962e-01
    outer loop
      vertex 1.160084e+00 1.596719e+00 3.235640e-01
      vertex 9.766206e-01 1.691556e+00 4.299409e-01
      vertex 9.868265e-01 1.709234e+00 3.235640e-01
    endloop
  endfacet
  facet normal -4.458783e-01 -8.750855e-01 -1.881962e-01
    outer loop
      vertex 9.766206e-01 1.691556e+00 4.299409e-01
      vertex 7.944547e-01 1.784375e+00 4.299409e-01
      vertex 9.868265e-01 1.709234e+00 3.235640e-01
    endloop
  endfacet
  facet normal -4.458783e-01 -8.750855e-01 -1.881962e-01
    outer loop
      vertex 9.868265e-01 1.709234e+00 3.235640e-01
      vertex 7.944547e-01 1.784375e+00 4.299409e-01
      vertex 8.027570e-01 1.803022e+00 3.235640e-01
    endloop
  endfacet
  facet normal -3.519644e-01 -9.168987e-01 -1.881962e-01
    outer loop
      vertex 7.944547e-01 1.784375e+00 4.299409e-01
      vertex 6.035847e-01 1.857643e+00 4.299409e-01
      vertex 8.027570e-01 1.803022e+00 3.235640e-01
    endloop
  endfacet
  facet normal -3.519644e-01 -9.168987e-01 -1.881962e-01
    outer loop
      vertex 8.027570e-01 1.803022e+00 3.235640e-01
      vertex 6.035847e-01 1.857643e+00 4.299409e-01
      vertex 6.098923e-01 1.877056e+00 3.235640e-01
    endloop
  endfacet
  facet normal -2.541943e-01 -9.486661e-01 -1.881962e-01
    outer loop
      vertex 6.035847e-01 1.857643e+00 4.299409e-01
      vertex 4.061017e-01 1.910558e+00 4.299409e-01
      vertex 6.098923e-01 1.877056e+00 3.235640e-01
    endloop
  endfacet
  facet normal -2.541943e-01 -9.486661e-01 -1.881962e-01
    outer loop
      vertex 6.098923e-01 1.877056e+00 3.235640e-01
      vertex 4.061017e-01 1.910558e+00 4.299409e-01
      vertex 4.103455e-01 1.930524e+00 3.235640e-01
    endloop
  endfacet
  facet normal -1.536392e-01 -9.700398e-01 -1.881962e-01
    outer loop
      vertex 4.061017e-01 1.910558e+00 4.299409e-01
      vertex 2.041693e-01 1.942541e+00 4.299409e-01
      vertex 4.103455e-01 1.930524e+00 3.235640e-01
    endloop
  endfacet
  facet normal -1.536392e-01 -9.700398e-01 -1.881962e-01
    outer loop
      vertex 4.103455e-01 1.930524e+00 3.235640e-01
      vertex 2.041693e-01 1.942541e+00 4.299409e-01
      vertex 2.063029e-01 1.962841e+00 3.235640e-01
    endloop
  endfacet
  facet normal -5.140079e-02 -9.807855e-01 -1.881962e-01
    outer loop
      vertex 2.041693e-01 1.942541e+00 4.299409e-01
      vertex 1.196015e-16 1.953241e+00 4.299409e-01
      vertex 2.063029e-01 1.962841e+00 3.235640e-01
    endloop
  endfacet
  facet normal -5.140079e-02 -9.807855e-01 -1.881962e-01
    outer loop
      vertex 2.063029e-01 1.962841e+00 3.235640e-01
      vertex 1.196015e-16 1.953241e+00 4.299409e-01
      vertex 1.208514e-16 1.973653e+00 3.235640e-01
    endloop
  endfacet
  facet normal 5.140079e-02 -9.807855e-01 -1.881962e-01
    outer loop
      vertex 1.196015e-16 1.953241e+00 4.299409e-01
      vertex -2.041693e-01 1.942541e+00 4.299409e-01
      vertex 1.208514e-16 1.973653e+00 3.235640e-01
    endloop
  endfacet
  facet normal 5.140079e-02 -9.807855e-01 -1.881962e-01
    outer loop
      vertex 1.208514e-16 1.973653e+00 3.235640e-01
      vertex -2.041693e-01 1.942541e+00 4.299409e-01
      vertex -2.063029e-01 1.962841e+00 3.235640e-01
    endloop
  endfacet
  facet normal 1.536392e-01 -9.700398e-01 -1.881962e-01
    outer loop
      vertex -2.041693e-01 1.942541e+00 4.299409e-01
      vertex -4.061017e-01 1.910558e+00 4.299409e-01
      vertex -2.063029e-01 1.962841e+00 3.235640e-01
    endloop
  endfacet
  facet normal 1.536392e-01 -9.700398e-01 -1.881962e-01
    outer loop
      vertex -2.063029e-01 1.962841e+00 3.235640e-01
      vertex -4.061017e-01 1.910558e+00 4.299409e-01
      vertex -4.103455e-01 1.930524e+00 3.235640e-01
    endloop
  endfacet
  facet normal 2.541943e-01 -9.486661e-01 -1.881962e-01
    outer loop
      vertex -4.061017e-01 1.910558e+00 4.299409e-01
      vertex -6.035847e-01 1.857643e+00 4.299409e-01
      vertex -4.103455e-01 1.930524e+00 3.235640e-01
    endloop
  endfacet
  facet normal 2.541943e-01 -9.486661e-01 -1.881962e-01
    outer loop
      vertex -4.103455e-01 1.930524e+00 3.235640e-01
      vertex -6.035847e-01 1.857643e+00 4.299409e-01
      vertex -6.098923e-01 1.877056e+00 3.235640e-01
    endloop
  endfacet
  facet normal 3.519644e-01 -9.168987e-01 -1.881962e-01
    outer loop
      vertex -6.035847e-01 1.857643e+00 4.299409e-01
      vertex -7.944547e-01 1.784375e+00 4.299409e-01
      vertex -6.098923e-01 1.877056e+00 3.235640e-01
    endloop
  endfacet
  facet normal 3.519644e-01 -9.168987e-01 -1.881962e-01
    outer loop
      vertex -6.098923e-01 1.877056e+00 3.235640e-01
      vertex -7.944547e-01 1.784375e+00 4.299409e-01
      vertex -8.027570e-01 1.803022e+00 3.235640e-01
    endloop
  endfacet
  facet normal 4.458783e-01 -8.750855e-01 -1.881962e-01
    outer loop
      vertex -7.944547e-01 1.784375e+00 4.299409e-01
      vertex -9.766206e-01 1.691556e+00 4.299409e-01
      vertex -8.027570e-01 1.803022e+00 3.235640e-01
    endloop
  endfacet
  facet normal 4.458783e-01 -8.750855e-01 -1.881962e-01
    outer loop
      vertex -8.027570e-01 1.803022e+00 3.235640e-01
      vertex -9.766206e-01 1.691556e+00 4.299409e-01
      vertex -9.868265e-01 1.709234e+00 3.235640e-01
    endloop
  endfacet
  facet normal 5.349071e-01 -8.236847e-01 -1.881962e-01
    outer loop
      vertex -9.766206e-01 1.691556e+00 4.299409e-01
      vertex -1.148086e+00 1.580205e+00 4.299409e-01
      vertex -9.868265e-01 1.709234e+00 3.235640e-01
    endloop
  endfacet
  facet normal 5.349071e-01 -8.236847e-01 -1.881962e-01
    outer loop
      vertex -9.868265e-01 1.709234e+00 3.235640e-01
      vertex -1.148086e+00 1.580205e+00 4.299409e-01
      vertex -1.160084e+00 1.596719e+00 3.235640e-01
    endloop
  endfacet
  facet normal 6.180753e-01 -7.632595e-01 -1.881962e-01
    outer loop
      vertex -1.148086e+00 1.580205e+00 4.299409e-01
      vertex -1.306973e+00 1.451541e+00 4.299409e-01
      vertex -1.160084e+00 1.596719e+00 3.235640e-01
    endloop
  endfacet
  facet normal 6.180753e-01 -7.632595e-01 -1.881962e-01
    outer loop
      vertex -1.160084e+00 1.596719e+00 3.235640e-01
      vertex -1.306973e+00 1.451541e+00 4.299409e-01
      vertex -1.320632e+00 1.466710e+00 3.235640e-01
    endloop
  endfacet
  facet normal 6.944718e-01 -6.944718e-01 -1.881962e-01
    outer loop
      vertex -1.306973e+00 1.451541e+00 4.299409e-01
      vertex -1.451541e+00 1.306973e+00 4.299409e-01
      vertex -1.320632e+00 1.466710e+00 3.235640e-01
    endloop
  endfacet
  facet normal 6.944718e-01 -6.944718e-01 -1.881962e-01
    outer loop
      vertex -1.320632e+00 1.466710e+00 3.235640e-01
      vertex -1.451541e+00 1.306973e+00 4.299409e-01
      vertex -1.466710e+00 1.320632e+00 3.235640e-01
    endloop
  endfacet
  facet normal 7.632595e-01 -6.180753e-01 -1.881962e-01
    outer loop
      vertex -1.451541e+00 1.306973e+00 4.299409e-01
      vertex -1.580205e+00 1.148086e+00 4.299409e-01
      vertex -1.466710e+00 1.320632e+00 3.235640e-01
    endloop
  endfacet
  facet normal 7.632595e-01 -6.180753e-01 -1.881962e-01
    outer loop
      vertex -1.466710e+00 1.320632e+00 3.235640e-01
      vertex -1.580205e+00 1.148086e+00 4.299409e-01
      vertex -1.596719e+00 1.160084e+00 3.235640e-01
    endloop
  endfacet
  facet normal 8.236847e-01 -5.349071e-01 -1.881962e-01
    outer loop
      vertex -1.580205e+00 1.148086e+00 4.299409e-01
      vertex -1.691556e+00 9.766206e-01 4.299409e-01
      vertex -1.596719e+00 1.160084e+00 3.235640e-01
    endloop
  endfacet
  facet normal 8.236847e-01 -5.349071e-01 -1.881962e-01
    outer loop
      vertex -1.596719e+00 1.160084e+00 3.235640e-01
      vertex -1.691556e+00 9.766206e-01 4.299409e-01
      vertex -1.709234e+00 9.868265e-01 3.235640e-01
    endloop
  endfacet
  facet normal 8.750855e-01 -4.458783e-01 -1.881962e-01
    outer loop
      vertex -1.691556e+00 9.766206e-01 4.299409e-01
      vertex -1.784375e+00 7.944547e-01 4.299409e-01
      vertex -1.709234e+00 9.868265e-01 3.235640e-01
    endloop
  endfacet
  facet normal 8.750855e-01 -4.458783e-01 -1.881962e-01
    outer loop
      vertex -1.709234e+00 9.868265e-01 3.235640e-01
      vertex -1.784375e+00 7.944547e-01 4.299409e-01
      vertex -1.803022e+00 8.027570e-01 3.235640e-01
    endloop
  endfacet
  facet normal 9.168987e-01 -3.519644e-01 -1.881962e-01
    outer loop
      vertex -1.784375e+00 7.944547e-01 4.299409e-01
      vertex -1.857643e+00 6.035847e-01 4.299409e-01
      vertex -1.803022e+00 8.027570e-01 3.235640e-01
    endloop
  endfacet
  facet normal 9.168987e-01 -3.519644e-01 -1.881962e-01
    outer loop
      vertex -1.803022e+00 8.027570e-01 3.235640e-01
      vertex -1.857643e+00 6.035847e-01 4.299409e-01
      vertex -1.877056e+00 6.098923e-01 3.235640e-01
    endloop
  endfacet
  facet normal 9.486661e-01 -2.541943e-01 -1.881962e-01
    outer loop
      vertex -1.857643e+00 6.035847e-01 4.299409e-01
      vertex -1.910558e+00 4.061017e-01 4.299409e-01
      vertex -1.877056e+00 6.098923e-01 3.235640e-01
    endloop
  endfacet
  facet normal 9.486661e-01 -2.541943e-01 -1.881962e-01
    outer loop
      vertex -1.877056e+00 6.098923e-01 3.235640e-01
      vertex -1.910558e+00 4.061017e-01 4.299409e-01
      vertex -1.930524e+00 4.103455e-01 3.235640e-01
    endloop
  endfacet
  facet normal 9.700398e-01 -1.536392e-01 -1.881962e-01
    outer loop
      vertex -1.910558e+00 4.061017e-01 4.299409e-01
      vertex -1.942541e+00 2.041693e-01 4.299409e-01
      vertex -1.930524e+00 4.103455e-01 3.235640e-01
    endloop
  endfacet
  facet normal 9.700398e-01 -1.536392e-01 -1.881962e-01
    outer loop
      vertex -1.930524e+00 4.103455e-01 3.235640e-01
      vertex -1.942541e+00 2.041693e-01 4.299409e-01
      vertex -1.962841e+00 2.063029e-01 3.235640e-01
    endloop
  endfacet
  facet normal 9.807855e-01 -5.140079e-02 -1.881962e-01
    outer loop
      vertex -1.942541e+00 2.041693e-01 4.299409e-01
      vertex -1.953241e+00 2.392030e-16 4.299409e-01
      vertex -1.962841e+00 2.063029e-01 3.235640e-01
    endloop
  endfacet
  facet normal 9.807855e-01 -5.140079e-02 -1.881962e-01
    outer loop
      vertex -1.962841e+00 2.063029e-01 3.235640e-01
      vertex -1.953241e+00 2.392030e-16 4.299409e-01
      vertex -1.973653e+00 2.417028e-16 3.235640e-01
    endloop
  endfacet
  facet normal 9.807855e-01 5.140079e-02 -1.881962e-01
    outer loop
      vertex -1.953241e+00 2.392030e-16 4.299409e-01
      vertex -1.942541e+00 -2.041693e-01 4.299409e-01
      vertex -1.973653e+00 2.417028e-16 3.235640e-01
    endloop
  endfacet
  facet normal 9.807855e-01 5.140079e-02 -1.881962e-01
    outer loop
      vertex -1.973653e+00 2.417028e-16 3.235640e-01
      vertex -1.942541e+00 -2.041693e-01 4.299409e-01
      vertex -1.962841e+00 -2.063029e-01 3.235640e-01
    endloop
  endfacet
  facet normal 9.700398e-01 1.536392e-01 -1.881962e-01
    outer loop
      vertex -1.942541e+00 -2.041693e-01 4.299409e-01
      vertex -1.910558e+00 -4.061017e-01 4.299409e-01
      vertex -1.962841e+00 -2.063029e-01 3.235640e-01
    endloop
  endfacet
  facet normal 9.700398e-01 1.536392e-01 -1.881962e-01
    outer loop
      vertex -1.962841e+00 -2.063029e-01 3.235640e-01
      vertex -1.910558e+00 -4.061017e-01 4.299409e-01
      vertex -1.930524e+00 -4.103455e-01 3.235640e-01
    endloop
  endfacet
  facet normal 9.486661e-01 2.541943e-01 -1.881962e-01
    outer loop
      vertex -1.910558e+00 -4.061017e-01 4.299409e-01
      vertex -1.857643e+00 -6.035847e-01 4.299409e-01
      vertex -1.930524e+00 -4.103455e-01 3.235640e-01
    endloop
  endfacet
  facet normal 9.486661e-01 2.541943e-01 -1.881962e-01
    outer loop
      vertex -1.930524e+00 -4.103455e-01 3.235640e-01
      vertex -1.857643e+00 -6.035847e-01 4.299409e-01
      vertex -1.877056e+00 -6.098923e-01 3.235640e-01
    endloop
  endfacet
  facet normal 9.168987e-01 3.519644e-01 -1.881962e-01
    outer loop
      vertex -1.857643e+00 -6.035847e-01 4.299409e-01
      vertex -1.784375e+00 -7.944547e-01 4.299409e-01
      vertex -1.877056e+00 -6.098923e-01 3.235640e-01
    endloop
  endfacet
  facet normal 9.168987e-01 3.519644e-01 -1.881962e-01
    outer loop
      vertex -1.877056e+00 -6.098923e-01 3.235640e-01
      vertex -1.784375e+00 -7.944547e-01 4.299409e-01
      vertex -1.803022e+00 -8.027570e-01 3.235640e-01
    endloop
  endfacet
  facet normal 8.750855e-01 4.458783e-01 -1.881962e-01
    outer loop
      vertex -1.784375e+00 -7.944547e-01 4.299409e-01
      vertex -1.691556e+00 -9.766206e-01 4.299409e-01
      vertex -1.803022e+00 -8.027570e-01 3.235640e-01
    endloop
  endfacet
  facet normal 8.750855e-01 4.458783e-01 -1.881962e-01
    outer loop
      vertex -1.803022e+00 -8.027570e-01 3.235640e-01
      vertex -1.691556e+00 -9.766206e-01 4.299409e-01
      vertex -1.709234e+00 -9.868265e-01 3.235640e-01
    endloop
  endfacet
  facet normal 8.236847e-01 5.349071e-01 -1.881962e-01
    outer loop
      vertex -1.691556e+00 -9.766206e-01 4.299409e-01
      vertex -1.580205e+00 -1.148086e+00 4.299409e-01
      vertex -1.709234e+00 -9.868265e-01 3.235640e-01
    endloop
  endfacet
  facet normal 8.236847e-01 5.349071e-01 -1.881962e-01
    outer loop
      vertex -1.709234e+00 -9.868265e-01 3.235640e-01
      vertex -1.580205e+00 -1.148086e+00 4.299409e-01
      vertex -1.596719e+00 -1.160084e+00 3.235640e-01
    endloop
  endfacet
  facet normal 7.632595e-01 6.180753e-01 -1.881962e-01
    outer loop
      vertex -1.580205e+00 -1.148086e+00 4.299409e-01
      vertex -1.451541e+00 -1.306973e+00 4.299409e-01
      vertex -1.596719e+00 -1.160084e+00 3.235640e-01
    endloop
  endfacet
  facet normal 7.632595e-01 6.180753e-01 -1.881962e-01
    outer loop
      vertex -1.596719e+00 -1.160084e+00 3.235640e-01
      vertex -1.451541e+00 -1.306973e+00 4.299409e-01
      vertex -1.466710e+00 -1.320632e+00 3.235640e-01
    endloop
  endfacet
  facet normal 6.944718e-01 6.944718e-01 -1.881962e-01
    outer loop
      vertex -1.451541e+00 -1.306973e+00 4.299409e-01
      vertex -1.306973e+00 -1.451541e+00 4.299409e-01
      vertex -1.466710e+00 -1.320632e+00 3.235640e-01
    endloop
  endfacet
  facet normal 6.944718e-01 6.944718e-01 -1.881962e-01
    outer loop
      vertex -1.466710e+00 -1.320632e+00 3.235640e-01
      vertex -1.306973e+00 -1.451541e+00 4.299409e-01
      vertex -1.320632e+00 -1.466710e+00 3.235640e-01
    endloop
  endfacet
  facet normal 6.180753e-01 7.632595e-01 -1.881962e-01
    outer loop
      vertex -1.306973e+00 -1.451541e+00 4.299409e-01
      vertex -1.148086e+00 -1.580205e+00 4.299409e-01
      vertex -1.320632e+00 -1.466710e+00 3.235640e-01
    endloop
  endfacet
  facet normal 6.180753e-01 7.632595e-01 -1.881962e-01
    outer loop
      vertex -1.320632e+00 -1.466710e+00 3.235640e-01
      vertex -1.148086e+00 -1.580205e+00 4.299409e-01
      vertex -1.160084e+00 -1.596719e+00 3.235640e-01
    endloop
  endfacet
  facet normal 5.349071e-01 8.236847e-01 -1.881962e-01
    outer loop
      vertex -1.148086e+00 -1.580205e+00 4.299409e-01
      vertex -9.766206e-01 -1.691556e+00 4.299409e-01
      vertex -1.160084e+00 -1.596719e+00 3.235640e-01
    endloop
  endfacet
  facet normal 5.349071e-01 8.236847e-01 -1.881962e-01
    outer loop
      vertex -1.160084e+00 -1.596719e+00 3.235640e-01
      vertex -9.766206e-01 -1.691556e+00 4.299409e-01
      vertex -9.868265e-01 -1.709234e+00 3.235640e-01
    endloop
  endfacet
  facet normal 4.458783e-01 8.750855e-01 -1.881962e-01
    outer loop
      vertex -9.766206e-01 -1.691556e+00 4.299409e-01
      vertex -7.944547e-01 -1.784375e+00 4.299409e-01
      vertex -9.868265e-01 -1.709234e+00 3.235640e-01
    endloop
  endfacet
  facet normal 4.458783e-01 8.750855e-01 -1.881962e-01
    outer loop
      vertex -9.868265e-01 -1.709234e+00 3.235640e-01
      vertex -7.944547e-01 -1.784375e+00 4.299409e-01
      vertex -8.027570e-01 -1.803022e+00 3.235640e-01
    endloop
  endfacet
  facet normal 3.519644e-01 9.168987e-01 -1.881962e-01
    outer loop
      vertex -7.944547e-01 -1.784375e+00 4.299409e-01
      vertex -6.035847e-01 -1.857643e+00 4.299409e-01
      vertex -8.027570e-01 -1.803022e+00 3.235640e-01
    endloop
  endfacet
  facet normal 3.519644e-01 9.168987e-01 -1.881962e-01
    outer loop
      vertex -8.027570e-01 -1.803022e+00 3.235640e-01
      vertex -6.035847e-01 -1.857643e+00 4.299409e-01
      vertex -6.098923e-01 -1.877056e+00 3.235640e-01
    endloop
  endfacet
  facet normal 2.541943e-01 9.486661e-01 -1.881962e-01
    outer loop
      vertex -6.035847e-01 -1.857643e+00 4.299409e-01
      vertex -4.061017e-01 -1.910558e+00 4.299409e-01
      vertex -6.098923e-01 -1.877056e+00 3.235640e-01
    endloop
  endfacet
  facet normal 2.541943e-01 9.486661e-01 -1.881962e-01
    outer loop
      vertex -6.098923e-01 -1.877056e+00 3.235640e-01
      vertex -4.061017e-01 -1.910558e+00 4.299409e-01
      vertex -4.103455e-01 -1.930524e+00 3.235640e-01
    endloop
  endfacet
  facet normal 1.536392e-01 9.700398e-01 -1.881962e-01
    outer loop
      vertex -4.061017e-01 -1.910558e+00 4.299409e-01
      vertex -2.041693e-01 -1.942541e+00 4.299409e-01
      vertex -4.103455e-01 -1.930524e+00 3.235640e-01
    endloop
  endfacet
  facet normal 1.536392e-01 9.700398e-01 -1.881962e-01
    outer loop
      vertex -4.103455e-01 -1.930524e+00 3.235640e-01
      vertex -2.041693e-01 -1.942541e+00 4.299409e-01
      vertex -2.063029e-01 -1.962841e+00 3.235640e-01
    endloop
  endfacet
  facet normal 5.140079e-02 9.807855e-01 -1.881962e-01
    outer loop
      vertex -2.041693e-01 -1.942541e+00 4.299409e-01
      vertex -3.588046e-16 -1.953241e+00 4.299409e-01
      vertex -2.063029e-01 -1.962841e+00 3.235640e-01
    endloop
  endfacet
  facet normal 5.140079e-02 9.807855e-01 -1.881962e-01
    outer loop
      vertex -2.063029e-01 -1.962841e+00 3.235640e-01
      vertex -3.588046e-16 -1.953241e+00 4.299409e-01
      vertex -3.625542e-16 -1.973653e+00 3.235640e-01
    endloop
  endfacet
  facet normal -5.140079e-02 9.807855e-01 -1.881962e-01
    outer loop
      vertex -3.588046e-16 -1.953241e+00 4.299409e-01
      vertex 2.041693e-01 -1.942541e+00 4.299409e-01
      vertex -3.625542e-16 -1.973653e+00 3.235640e-01
    endloop
  endfacet
  facet normal -5.140079e-02 9.807855e-01 -1.881962e-01
    outer loop
      vertex -3.625542e-16 -1.973653e+00 3.235640e-01
      vertex 2.041693e-01 -1.942541e+00 4.299409e-01
      vertex 2.063029e-01 -1.962841e+00 3.235640e-01
    endloop
  endfacet
  facet normal -1.536392e-01 9.700398e-01 -1.881962e-01
    outer loop
      vertex 2.041693e-01 -1.942541e+00 4.299409e-01
      vertex 4.061017e-01 -1.910558e+00 4.299409e-01
      vertex 2.063029e-01 -1.962841e+00 3.235640e-01
    endloop
  endfacet
  facet normal -1.536392e-01 9.700398e-01 -1.881962e-01
    outer loop
      vertex 2.063029e-01 -1.962841e+00 3.235640e-01
      vertex 4.061017e-01 -1.910558e+00 4.299409e-01
      vertex 4.103455e-01 -1.930524e+00 3.235640e-01
    endloop
  endfacet
  facet normal -2.541943e-01 9.486661e-01 -1.881962e-01
    outer loop
      vertex 4.061017e-01 -1.910558e+00 4.299409e-01
      vertex 6.035847e-01 -1.857643e+00 4.299409e-01
      vertex 4.103455e-01 -1.930524e+00 3.235640e-01
    endloop
  endfacet
  facet normal -2.541943e-01 9.486661e-01 -1.881962e-01
    outer loop
      vertex 4.103455e-01 -1.930524e+00 3.235640e-01
      vertex 6.035847e-01 -1.857643e+00 4.299409e-01
      vertex 6.098923e-01 -1.877056e+00 3.235640e-01
    endloop
  endfacet
  facet normal -3.519644e-01 9.168987e-01 -1.881962e-01
    outer loop
      vertex 6.035847e-01 -1.857643e+00 4.299409e-01
      vertex 7.944547e-01 -1.784375e+00 4.299409e-01
      vertex 6.098923e-01 -1.877056e+00 3.235640e-01
    endloop
  endfacet
  facet normal -3.519644e-01 9.168987e-01 -1.881962e-01
    outer loop
      vertex 6.098923e-01 -1.877056e+00 3.235640e-01
      vertex 7.944547e-01 -1.784375e+00 4.299409e-01
      vertex 8.027570e-01 -1.803022e+00 3.235640e-01
    endloop
  endfacet
  facet normal -4.458783e-01 8.750855e-01 -1.881962e-01
    outer loop
      vertex 7.944547e-01 -1.784375e+00 4.299409e-01
      vertex 9.766206e-01 -1.691556e+00 4.299409e-01
      vertex 8.027570e-01 -1.803022e+00 3.235640e-01
    endloop
  endfacet
  facet normal -4.458783e-01 8.750855e-01 -1.881962e-01
    outer loop
      vertex 8.027570e-01 -1.803022e+00 3.235640e-01
      vertex 9.766206e-01 -1.691556e+00 4.299409e-01
      vertex 9.868265e-01 -1.709234e+00 3.235640e-01
    endloop
  endfacet
  facet normal -5.349071e-01 8.236847e-01 -1.881962e-01
    outer loop
      vertex 9.766206e-01 -1.691556e+00 4.299409e-01
      vertex 1.148086e+00 -1.580205e+00 4.299409e-01
      vertex 9.868265e-01 -1.709234e+00 3.235640e-01
    endloop
  endfacet
  facet normal -5.349071e-01 8.236847e-01 -1.881962e-01
    outer loop
      vertex 9.868265e-01 -1.709234e+00 3.235640e-01
      vertex 1.148086e+00 -1.580205e+00 4.299409e-01
      vertex 1.160084e+00 -1.596719e+00 3.235640e-01
    endloop
  endfacet
  facet normal -6.180753e-01 7.632595e-01 -1.881962e-01
    outer loop
      vertex 1.148086e+00 -1.580205e+00 4.299409e-01
      vertex 1.306973e+00 -1.451541e+00 4.299409e-01
      vertex 1.160084e+00 -1.596719e+00 3.235640e-01
    endloop
  endfacet
  facet normal -6.180753e-01 7.632595e-01 -1.881962e-01
    outer loop
      vertex 1.160084e+00 -1.596719e+00 3.235640e-01
      vertex 1.306973e+00 -1.451541e+00 4.299409e-01
      vertex 1.320632e+00 -1.466710e+00 3.235640e-01
    endloop
  endfacet
  facet normal -6.944718e-01 6.944718e-01 -1.881962e-01
    outer loop
      vertex 1.306973e+00 -1.451541e+00 4.299409e-01
      vertex 1.451541e+00 -1.306973e+00 4.299409e-01
      vertex 1.320632e+00 -1.466710e+00 3.235640e-01
    endloop
  endfacet
  facet normal -6.944718e-01 6.944718e-01 -1.881962e-01
    outer loop
      vertex 1.320632e+00 -1.466710e+00 3.235640e-01
      vertex 1.451541e+00 -1.306973e+00 4.299409e-01
      vertex 1.466710e+00 -1.320632e+00 3.235640e-01
    endloop
  endfacet
  facet normal -7.632595e-01 6.180753e-01 -1.881962e-01
    outer loop
      vertex 1.451541e+00 -1.306973e+00 4.299409e-01
      vertex 1.580205e+00 -1.148086e+00 4.299409e-01
      vertex 1.466710e+00 -1.320632e+00 3.235640e-01
    endloop
  endfacet
  facet normal -7.632595e-01 6.180753e-01 -1.881962e-01
    outer loop
      vertex 1.466710e+00 -1.320632e+00 3.235640e-01
      vertex 1.580205e+00 -1.148086e+00 4.299409e-01
      vertex 1.596719e+00 -1.160084e+00 3.235640e-01
    endloop
  endfacet
  facet normal -8.236847e-01 5.349071e-01 -1.881962e-01
    outer loop
      vertex 1.580205e+00 -1.148086e+00 4.299409e-01
      vertex 1.691556e+00 -9.766206e-01 4.299409e-01
      vertex 1.596719e+00 -1.160084e+00 3.235640e-01
    endloop
  endfacet
  facet normal -8.236847e-01 5.349071e-01 -1.881962e-01
    outer loop
      vertex 1.596719e+00 -1.160084e+00 3.235640e-01
      vertex 1.691556e+00 -9.766206e-01 4.299409e-01
      vertex 1.709234e+00 -9.868265e-01 3.235640e-01
    endloop
  endfacet
  facet normal -8.750855e-01 4.458783e-01 -1.881962e-01
    outer loop
      vertex 1.691556e+00 -9.766206e-01 4.299409e-01
      vertex 1.784375e+00 -7.944547e-01 4.299409e-01
      vertex 1.709234e+00 -9.868265e-01 3.235640e-01
    endloop
  endfacet
  facet normal -8.750855e-01 4.458783e-01 -1.881962e-01
    outer loop
      vertex 1.709234e+00 -9.868265e-01 3.235640e-01
      vertex 1.784375e+00 -7.944547e-01 4.299409e-01
      vertex 1.803022e+00 -8.027570e-01 3.235640e-01
    endloop
  endfacet
  facet normal -9.168987e-01 3.519644e-01 -1.881962e-01
    outer loop
      vertex 1.784375e+00 -7.944547e-01 4.299409e-01
      vertex 1.857643e+00 -6.035847e-01 4.299409e-01
      vertex 1.803022e+00 -8.027570e-01 3.235640e-01
    endloop
  endfacet
  facet normal -9.168987e-01 3.519644e-01 -1.881962e-01
    outer loop
      vertex 1.803022e+00 -8.027570e-01 3.235640e-01
      vertex 1.857643e+00 -6.035847e-01 4.299409e-01
      vertex 1.877056e+00 -6.098923e-01 3.235640e-01
    endloop
  endfacet
  facet normal -9.486661e-01 2.541943e-01 -1.881962e-01
    outer loop
      vertex 1.857643e+00 -6.035847e-01 4.299409e-01
      vertex 1.910558e+00 -4.061017e-01 4.299409e-01
      vertex 1.877056e+00 -6.098923e-01 3.235640e-01
    endloop
  endfacet
  facet normal -9.486661e-01 2.541943e-01 -1.881962e-01
    outer loop
      vertex 1.877056e+00 -6.098923e-01 3.235640e-01
      vertex 1.910558e+00 -4.061017e-01 4.299409e-01
      vertex 1.930524e+00 -4.103455e-01 3.235640e-01
    endloop
  endfacet
  facet normal -9.700398e-01 1.536392e-01 -1.881962e-01
    outer loop
      vertex 1.910558e+00 -4.061017e-01 4.299409e-01
      vertex 1.942541e+00 -2.041693e-01 4.299409e-01
      vertex 1.930524e+00 -4.103455e-01 3.235640e-01
    endloop
  endfacet
  facet normal -9.700398e-01 1.536392e-01 -1.881962e-01
    outer loop
      vertex 1.930524e+00 -4.103455e-01 3.235640e-01
      vertex 1.942541e+00 -2.041693e-01 4.299409e-01
      vertex 1.962841e+00 -2.063029e-01 3.235640e-01
    endloop
  endfacet
  facet normal -9.807855e-01 5.140079e-02 -1.881962e-01
    outer loop
      vertex 1.942541e+00 -2.041693e-01 4.299409e-01
      vertex 1.953241e+00 0.000000e+00 4.299409e-01
      vertex 1.962841e+00 -2.063029e-01 3.235640e-01
    endloop
  endfacet
  facet normal -9.807855e-01 5.140079e-02 -1.881962e-01
    outer loop
      vertex 1.962841e+00 -2.063029e-01 3.235640e-01
      vertex 1.953241e+00 0.000000e+00 4.299409e-01
      vertex 1.973653e+00 0.000000e+00 3.235640e-01
    endloop
  endfacet
  facet normal -9.895124e-01 -5.185815e-02 -1.348184e-01
    outer loop
      vertex 1.973653e+00 0.000000e+00 3.235640e-01
      vertex 1.962841e+00 2.063029e-01 3.235640e-01
      vertex 1.988276e+00 0.000000e+00 2.162380e-01
    endloop
  endfacet
  facet normal -9.895124e-01 -5.185815e-02 -1.348184e-01
    outer loop
      vertex 1.988276e+00 0.000000e+00 2.162380e-01
      vertex 1.962841e+00 2.063029e-01 3.235640e-01
      vertex 1.977384e+00 2.078314e-01 2.162380e-01
    endloop
  endfacet
  facet normal -9.786711e-01 -1.550063e-01 -1.348184e-01
    outer loop
      vertex 1.962841e+00 2.063029e-01 3.235640e-01
      vertex 1.930524e+00 4.103455e-01 3.235640e-01
      vertex 1.977384e+00 2.078314e-01 2.162380e-01
    endloop
  endfacet
  facet normal -9.786711e-01 -1.550063e-01 -1.348184e-01
    outer loop
      vertex 1.977384e+00 2.078314e-01 2.162380e-01
      vertex 1.930524e+00 4.103455e-01 3.235640e-01
      vertex 1.944827e+00 4.133858e-01 2.162380e-01
    endloop
  endfacet
  facet normal -9.571072e-01 -2.564561e-01 -1.348184e-01
    outer loop
      vertex 1.930524e+00 4.103455e-01 3.235640e-01
      vertex 1.877056e+00 6.098923e-01 3.235640e-01
      vertex 1.944827e+00 4.133858e-01 2.162380e-01
    endloop
  endfacet
  facet normal -9.571072e-01 -2.564561e-01 -1.348184e-01
    outer loop
      vertex 1.944827e+00 4.133858e-01 2.162380e-01
      vertex 1.877056e+00 6.098923e-01 3.235640e-01
      vertex 1.890963e+00 6.144110e-01 2.162380e-01
    endloop
  endfacet
  facet normal -9.250571e-01 -3.550962e-01 -1.348184e-01
    outer loop
      vertex 1.877056e+00 6.098923e-01 3.235640e-01
      vertex 1.803022e+00 8.027570e-01 3.235640e-01
      vertex 1.890963e+00 6.144110e-01 2.162380e-01
    endloop
  endfacet
  facet normal -9.250571e-01 -3.550962e-01 -1.348184e-01
    outer loop
      vertex 1.890963e+00 6.144110e-01 2.162380e-01
      vertex 1.803022e+00 8.027570e-01 3.235640e-01
      vertex 1.816380e+00 8.087047e-01 2.162380e-01
    endloop
  endfacet
  facet normal -8.828719e-01 -4.498457e-01 -1.348184e-01
    outer loop
      vertex 1.803022e+00 8.027570e-01 3.235640e-01
      vertex 1.709234e+00 9.868265e-01 3.235640e-01
      vertex 1.816380e+00 8.087047e-01 2.162380e-01
    endloop
  endfacet
  facet normal -8.828719e-01 -4.498457e-01 -1.348184e-01
    outer loop
      vertex 1.816380e+00 8.087047e-01 2.162380e-01
      vertex 1.709234e+00 9.868265e-01 3.235640e-01
      vertex 1.721897e+00 9.941380e-01 2.162380e-01
    endloop
  endfacet
  facet normal -8.310138e-01 -5.396667e-01 -1.348184e-01
    outer loop
      vertex 1.709234e+00 9.868265e-01 3.235640e-01
      vertex 1.596719e+00 1.160084e+00 3.235640e-01
      vertex 1.721897e+00 9.941380e-01 2.162380e-01
    endloop
  endfacet
  facet normal -8.310138e-01 -5.396667e-01 -1.348184e-01
    outer loop
      vertex 1.721897e+00 9.941380e-01 2.162380e-01
      vertex 1.596719e+00 1.160084e+00 3.235640e-01
      vertex 1.608549e+00 1.168679e+00 2.162380e-01
    endloop
  endfacet
  facet normal -7.700509e-01 -6.235749e-01 -1.348184e-01
    outer loop
      vertex 1.596719e+00 1.160084e+00 3.235640e-01
      vertex 1.466710e+00 1.320632e+00 3.235640e-01
      vertex 1.608549e+00 1.168679e+00 2.162380e-01
    endloop
  endfacet
  facet normal -7.700509e-01 -6.235749e-01 -1.348184e-01
    outer loop
      vertex 1.608549e+00 1.168679e+00 2.162380e-01
      vertex 1.466710e+00 1.320632e+00 3.235640e-01
      vertex 1.477577e+00 1.330416e+00 2.162380e-01
    endloop
  endfacet
  facet normal -7.006511e-01 -7.006511e-01 -1.348184e-01
    outer loop
      vertex 1.466710e+00 1.320632e+00 3.235640e-01
      vertex 1.320632e+00 1.466710e+00 3.235640e-01
      vertex 1.477577e+00 1.330416e+00 2.162380e-01
    endloop
  endfacet
  facet normal -7.006511e-01 -7.006511e-01 -1.348184e-01
    outer loop
      vertex 1.477577e+00 1.330416e+00 2.162380e-01
      vertex 1.320632e+00 1.466710e+00 3.235640e-01
      vertex 1.330416e+00 1.477577e+00 2.162380e-01
    endloop
  endfacet
  facet normal -6.235749e-01 -7.700509e-01 -1.348184e-01
    outer loop
      vertex 1.320632e+00 1.466710e+00 3.235640e-01
      vertex 1.160084e+00 1.596719e+00 3.235640e-01
      vertex 1.330416e+00 1.477577e+00 2.162380e-01
    endloop
  endfacet
  facet normal -6.235749e-01 -7.700509e-01 -1.348184e-01
    outer loop
      vertex 1.330416e+00 1.477577e+00 2.162380e-01
      vertex 1.160084e+00 1.596719e+00 3.235640e-01
      vertex 1.168679e+00 1.608549e+00 2.162380e-01
    endloop
  endfacet
  facet normal -5.396667e-01 -8.310138e-01 -1.348184e-01
    outer loop
      vertex 1.160084e+00 1.596719e+00 3.235640e-01
      vertex 9.868265e-01 1.709234e+00 3.235640e-01
      vertex 1.168679e+00 1.608549e+00 2.162380e-01
    endloop
  endfacet
  facet normal -5.396667e-01 -8.310138e-01 -1.348184e-01
    outer loop
      vertex 1.168679e+00 1.608549e+00 2.162380e-01
      vertex 9.868265e-01 1.709234e+00 3.235640e-01
      vertex 9.941380e-01 1.721897e+00 2.162380e-01
    endloop
  endfacet
  facet normal -4.498457e-01 -8.828719e-01 -1.348184e-01
    outer loop
      vertex 9.868265e-01 1.709234e+00 3.235640e-01
      vertex 8.027570e-01 1.803022e+00 3.235640e-01
      vertex 9.941380e-01 1.721897e+00 2.162380e-01
    endloop
  endfacet
  facet normal -4.498457e-01 -8.828719e-01 -1.348184e-01
    outer loop
      vertex 9.941380e-01 1.721897e+00 2.162380e-01
      vertex 8.027570e-01 1.803022e+00 3.235640e-01
      vertex 8.087047e-01 1.816380e+00 2.162380e-01
    endloop
  endfacet
  facet normal -3.550962e-01 -9.250571e-01 -1.348184e-01
    outer loop
      vertex 8.027570e-01 1.803022e+00 3.235640e-01
      vertex 6.098923e-01 1.877056e+00 3.235640e-01
      vertex 8.087047e-01 1.816380e+00 2.162380e-01
    endloop
  endfacet
  facet normal -3.550962e-01 -9.250571e-01 -1.348184e-01
    outer loop
      vertex 8.087047e-01 1.816380e+00 2.162380e-01
      vertex 6.098923e-01 1.877056e+00 3.235640e-01
      vertex 6.144110e-01 1.890963e+00 2.162380e-01
    endloop
  endfacet
  facet normal -2.564561e-01 -9.571072e-01 -1.348184e-01
    outer loop
      vertex 6.098923e-01 1.877056e+00 3.235640e-01
      vertex 4.103455e-01 1.930524e+00 3.235640e-01
      vertex 6.144110e-01 1.890963e+00 2.162380e-01
    endloop
  endfacet
  facet normal -2.564561e-01 -9.571072e-01 -1.348184e-01
    outer loop
      vertex 6.144110e-01 1.890963e+00 2.162380e-01
      vertex 4.103455e-01 1.930524e+00 3.235640e-01
      vertex 4.133858e-01 1.944827e+00 2.162380e-01
    endloop
  endfacet
  facet normal -1.550063e-01 -9.786711e-01 -1.348184e-01
    outer loop
      vertex 4.103455e-01 1.930524e+00 3.235640e-01
      vertex 2.063029e-01 1.962841e+00 3.235640e-01
      vertex 4.133858e-01 1.944827e+00 2.162380e-01
    endloop
  endfacet
  facet normal -1.550063e-01 -9.786711e-01 -1.348184e-01
    outer loop
      vertex 4.133858e-01 1.944827e+00 2.162380e-01
      vertex 2.063029e-01 1.962841e+00 3.235640e-01
      vertex 2.078314e-01 1.977384e+00 2.162380e-01
    endloop
  endfacet
  facet normal -5.185815e-02 -9.895124e-01 -1.348184e-01
    outer loop
      vertex 2.063029e-01 1.962841e+00 3.235640e-01
      vertex 1.208514e-16 1.973653e+00 3.235640e-01
      vertex 2.078314e-01 1.977384e+00 2.162380e-01
    endloop
  endfacet
  facet normal -5.185815e-02 -9.895124e-01 -1.348184e-01
    outer loop
      vertex 2.078314e-01 1.977384e+00 2.162380e-01
      vertex 1.208514e-16 1.973653e+00 3.235640e-01
      vertex 1.217468e-16 1.988276e+00 2.162380e-01
    endloop
  endfacet
  facet normal 5.185815e-02 -9.895124e-01 -1.348184e-01
    outer loop
      vertex 1.208514e-16 1.973653e+00 3.235640e-01
      vertex -2.063029e-01 1.962841e+00 3.235640e-01
      vertex 1.217468e-16 1.988276e+00 2.162380e-01
    endloop
  endfacet
  facet normal 5.185815e-02 -9.895124e-01 -1.348184e-01
    outer loop
      vertex 1.217468e-16 1.988276e+00 2.162380e-01
      vertex -2.063029e-01 1.962841e+00 3.235640e-01
      vertex -2.078314e-01 1.977384e+00 2.162380e-01
    endloop
  endfacet
  facet normal 1.550063e-01 -9.786711e-01 -1.348184e-01
    outer loop
      vertex -2.063029e-01 1.962841e+00 3.235640e-01
      vertex -4.103455e-01 1.930524e+00 3.235640e-01
      vertex -2.078314e-01 1.977384e+00 2.162380e-01
    endloop
  endfacet
  facet normal 1.550063e-01 -9.786711e-01 -1.348184e-01
    outer loop
      vertex -2.078314e-01 1.977384e+00 2.162380e-01
      vertex -4.103455e-01 1.930524e+00 3.235640e-01
      vertex -4.133858e-01 1.944827e+00 2.162380e-01
    endloop
  endfacet
  facet normal 2.564561e-01 -9.571072e-01 -1.348184e-01
    outer loop
      vertex -4.103455e-01 1.930524e+00 3.235640e-01
      vertex -6.098923e-01 1.877056e+00 3.235640e-01
      vertex -4.133858e-01 1.944827e+00 2.162380e-01
    endloop
  endfacet
  facet normal 2.564561e-01 -9.571072e-01 -1.348184e-01
    outer loop
      vertex -4.133858e-01 1.944827e+00 2.162380e-01
      vertex -6.098923e-01 1.877056e+00 3.235640e-01
      vertex -6.144110e-01 1.890963e+00 2.162380e-01
    endloop
  endfacet
  facet normal 3.550962e-01 -9.250571e-01 -1.348184e-01
    outer loop
      vertex -6.098923e-01 1.877056e+00 3.235640e-01
      vertex -8.027570e-01 1.803022e+00 3.235640e-01
      vertex -6.144110e-01 1.890963e+00 2.162380e-01
    endloop
  endfacet
  facet normal 3.550962e-01 -9.250571e-01 -1.348184e-01
    outer loop
      vertex -6.144110e-01 1.890963e+00 2.162380e-01
      vertex -8.027570e-01 1.803022e+00 3.235640e-01
      vertex -8.087047e-01 1.816380e+00 2.162380e-01
    endloop
  endfacet
  facet normal 4.498457e-01 -8.828719e-01 -1.348184e-01
    outer loop
      vertex -8.027570e-01 1.803022e+00 3.235640e-01
      vertex -9.868265e-01 1.709234e+00 3.235640e-01
      vertex -8.087047e-01 1.816380e+00 2.162380e-01
    endloop
  endfacet
  facet normal 4.498457e-01 -8.828719e-01 -1.348184e-01
    outer loop
      vertex -8.087047e-01 1.816380e+00 2.162380e-01
      vertex -9.868265e-01 1.709234e+00 3.235640e-01
      vertex -9.941380e-01 1.721897e+00 2.162380e-01
    endloop
  endfacet
  facet normal 5.396667e-01 -8.310138e-01 -1.348184e-01
    outer loop
      vertex -9.868265e-01 1.709234e+00 3.235640e-01
      vertex -1.160084e+00 1.596719e+00 3.235640e-01
      vertex -9.941380e-01 1.721897e+00 2.162380e-01
    endloop
  endfacet
  facet normal 5.396667e-01 -8.310138e-01 -1.348184e-01
    outer loop
      vertex -9.941380e-01 1.721897e+00 2.162380e-01
      vertex -1.160084e+00 1.596719e+00 3.235640e-01
      vertex -1.168679e+00 1.608549e+00 2.162380e-01
    endloop
  endfacet
  facet normal 6.235749e-01 -7.700509e-01 -1.348184e-01
    outer loop
      vertex -1.160084e+00 1.596719e+00 3.235640e-01
      vertex -1.320632e+00 1.466710e+00 3.235640e-01
      vertex -1.168679e+00 1.608549e+00 2.162380e-01
    endloop
  endfacet
  facet normal 6.235749e-01 -7.700509e-01 -1.348184e-01
    outer loop
      vertex -1.168679e+00 1.608549e+00 2.162380e-01
      vertex -1.320632e+00 1.466710e+00 3.235640e-01
      vertex -1.330416e+00 1.477577e+00 2.162380e-01
    endloop
  endfacet
  facet normal 7.006511e-01 -7.006511e-01 -1.348184e-01
    outer loop
      vertex -1.320632e+00 1.466710e+00 3.235640e-01
      vertex -1.466710e+00 1.320632e+00 3.235640e-01
      vertex -1.330416e+00 1.477577e+00 2.162380e-01
    endloop
  endfacet
  facet normal 7.006511e-01 -7.006511e-01 -1.348184e-01
    outer loop
      vertex -1.330416e+00 1.477577e+00 2.162380e-01
      vertex -1.466710e+00 1.320632e+00 3.235640e-01
      vertex -1.477577e+00 1.330416e+00 2.162380e-01
    endloop
  endfacet
  facet normal 7.700509e-01 -6.235749e-01 -1.348184e-01
    outer loop
      vertex -1.466710e+00 1.320632e+00 3.235640e-01
      vertex -1.596719e+00 1.160084e+00 3.235640e-01
      vertex -1.477577e+00 1.330416e+00 2.162380e-01
    endloop
  endfacet
  facet normal 7.700509e-01 -6.235749e-01 -1.348184e-01
    outer loop
      vertex -1.477577e+00 1.330416e+00 2.162380e-01
      vertex -1.596719e+00 1.160084e+00 3.235640e-01
      vertex -1.608549e+00 1.168679e+00 2.162380e-01
    endloop
  endfacet
  facet normal 8.310138e-01 -5.396667e-01 -1.348184e-01
    outer loop
      vertex -1.596719e+00 1.160084e+00 3.235640e-01
      vertex -1.709234e+00 9.868265e-01 3.235640e-01
      vertex -1.608549e+00 1.168679e+00 2.162380e-01
    endloop
  endfacet
  facet normal 8.310138e-01 -5.396667e-01 -1.348184e-01
    outer loop
      vertex -1.608549e+00 1.168679e+00 2.162380e-01
      vertex -1.709234e+00 9.868265e-01 3.235640e-01
      vertex -1.721897e+00 9.941380e-01 2.162380e-01
    endloop
  endfacet
  facet normal 8.828719e-01 -4.498457e-01 -1.348184e-01
    outer loop
      vertex -1.709234e+00 9.868265e-01 3.235640e-01
      vertex -1.803022e+00 8.027570e-01 3.235640e-01
      vertex -1.721897e+00 9.941380e-01 2.162380e-01
    endloop
  endfacet
  facet normal 8.828719e-01 -4.498457e-01 -1.348184e-01
    outer loop
      vertex -1.721897e+00 9.941380e-01 2.162380e-01
      vertex -1.803022e+00 8.027570e-01 3.235640e-01
      vertex -1.816380e+00 8.087047e-01 2.162380e-01
    endloop
  endfacet
  facet normal 9.250571e-01 -3.550962e-01 -1.348184e-01
    outer loop
      vertex -1.803022e+00 8.027570e-01 3.235640e-01
      vertex -1.877056e+00 6.098923e-01 3.235640e-01
      vertex -1.816380e+00 8.087047e-01 2.162380e-01
    endloop
  endfacet
  facet normal 9.250571e-01 -3.550962e-01 -1.348184e-01
    outer loop
      vertex -1.816380e+00 8.087047e-01 2.162380e-01
      vertex -1.877056e+00 6.098923e-01 3.235640e-01
      vertex -1.890963e+00 6.144110e-01 2.162380e-01
    endloop
  endfacet
  facet normal 9.571072e-01 -2.564561e-01 -1.348184e-01
    outer loop
      vertex -1.877056e+00 6.098923e-01 3.235640e-01
      vertex -1.930524e+00 4.103455e-01 3.235640e-01
      vertex -1.890963e+00 6.144110e-01 2.162380e-01
    endloop
  endfacet
  facet normal 9.571072e-01 -2.564561e-01 -1.348184e-01
    outer loop
      vertex -1.890963e+00 6.144110e-01 2.162380e-01
      vertex -1.930524e+00 4.103455e-01 3.235640e-01
      vertex -1.944827e+00 4.133858e-01 2.162380e-01
    endloop
  endfacet
  facet normal 9.786711e-01 -1.550063e-01 -1.348184e-01
    outer loop
      vertex -1.930524e+00 4.103455e-01 3.235640e-01
      vertex -1.962841e+00 2.063029e-01 3.235640e-01
      vertex -1.944827e+00 4.133858e-01 2.162380e-01
    endloop
  endfacet
  facet normal 9.786711e-01 -1.550063e-01 -1.348184e-01
    outer loop
      vertex -1.944827e+00 4.133858e-01 2.162380e-01
      vertex -1.962841e+00 2.063029e-01 3.235640e-01
      vertex -1.977384e+00 2.078314e-01 2.162380e-01
    endloop
  endfacet
  facet normal 9.895124e-01 -5.185815e-02 -1.348184e-01
    outer loop
      vertex -1.962841e+00 2.063029e-01 3.235640e-01
      vertex -1.973653e+00 2.417028e-16 3.235640e-01
      vertex -1.977384e+00 2.078314e-01 2.162380e-01
    endloop
  endfacet
  facet normal 9.895124e-01 -5.185815e-02 -1.348184e-01
    outer loop
      vertex -1.977384e+00 2.078314e-01 2.162380e-01
      vertex -1.973653e+00 2.417028e-16 3.235640e-01
      vertex -1.988276e+00 2.434936e-16 2.162380e-01
    endloop
  endfacet
  facet normal 9.895124e-01 5.185815e-02 -1.348184e-01
    outer loop
      vertex -1.973653e+00 2.417028e-16 3.235640e-01
      vertex -1.962841e+00 -2.063029e-01 3.235640e-01
      vertex -1.988276e+00 2.434936e-16 2.162380e-01
    endloop
  endfacet
  facet normal 9.895124e-01 5.185815e-02 -1.348184e-01
    outer loop
      vertex -1.988276e+00 2.434936e-16 2.162380e-01
      vertex -1.962841e+00 -2.063029e-01 3.235640e-01
      vertex -1.977384e+00 -2.078314e-01 2.162380e-01
    endloop
  endfacet
  facet normal 9.786711e-01 1.550063e-01 -1.348184e-01
    outer loop
      vertex -1.962841e+00 -2.063029e-01 3.235640e-01
      vertex -1.930524e+00 -4.103455e-01 3.235640e-01
      vertex -1.977384e+00 -2.078314e-01 2.162380e-01
    endloop
  endfacet
  facet normal 9.786711e-01 1.550063e-01 -1.348184e-01
    outer loop
      vertex -1.977384e+00 -2.078314e-01 2.162380e-01
      vertex -1.930524e+00 -4.103455e-01 3.235640e-01
      vertex -1.944827e+00 -4.133858e-01 2.162380e-01
    endloop
  endfacet
  facet normal 9.571072e-01 2.564561e-01 -1.348184e-01
    outer loop
      vertex -1.930524e+00 -4.103455e-01 3.235640e-01
      vertex -1.877056e+00 -6.098923e-01 3.235640e-01
      vertex -1.944827e+00 -4.133858e-01 2.162380e-01
    endloop
  endfacet
  facet normal 9.571072e-01 2.564561e-01 -1.348184e-01
    outer loop
      vertex -1.944827e+00 -4.133858e-01 2.162380e-01
      vertex -1.877056e+00 -6.098923e-01 3.235640e-01
      vertex -1.890963e+00 -6.144110e-01 2.162380e-01
    endloop
  endfacet
  facet normal 9.250571e-01 3.550962e-01 -1.348184e-01
    outer loop
      vertex -1.877056e+00 -6.098923e-01 3.235640e-01
      vertex -1.803022e+00 -8.027570e-01 3.235640e-01
      vertex -1.890963e+00 -6.144110e-01 2.162380e-01
    endloop
  endfacet
  facet normal 9.250571e-01 3.550962e-01 -1.348184e-01
    outer loop
      vertex -1.890963e+00 -6.144110e-01 2.162380e-01
      vertex -1.803022e+00 -8.027570e-01 3.235640e-01
      vertex -1.816380e+00 -8.087047e-01 2.162380e-01
    endloop
  endfacet
  facet normal 8.828719e-01 4.498457e-01 -1.348184e-01
    outer loop
      vertex -1.803022e+00 -8.027570e-01 3.235640e-01
      vertex -1.709234e+00 -9.868265e-01 3.235640e-01
      vertex -1.816380e+00 -8.087047e-01 2.162380e-01
    endloop
  endfacet
  facet normal 8.828719e-01 4.498457e-01 -1.348184e-01
    outer loop
      vertex -1.816380e+00 -8.087047e-01 2.162380e-01
      vertex -1.709234e+00 -9.868265e-01 3.235640e-01
      vertex -1.721897e+00 -9.941380e-01 2.162380e-01
    endloop
  endfacet
  facet normal 8.310138e-01 5.396667e-01 -1.348184e-01
    outer loop
      vertex -1.709234e+00 -9.868265e-01 3.235640e-01
      vertex -1.596719e+00 -1.160084e+00 3.235640e-01
      vertex -1.721897e+00 -9.941380e-01 2.162380e-01
    endloop
  endfacet
  facet normal 8.310138e-01 5.396667e-01 -1.348184e-01
    outer loop
      vertex -1.721897e+00 -9.941380e-01 2.162380e-01
      vertex -1.596719e+00 -1.160084e+00 3.235640e-01
      vertex -1.608549e+00 -1.168679e+00 2.162380e-01
    endloop
  endfacet
  facet normal 7.700509e-01 6.235749e-01 -1.348184e-01
    outer loop
      vertex -1.596719e+00 -1.160084e+00 3.235640e-01
      vertex -1.466710e+00 -1.320632e+00 3.235640e-01
      vertex -1.608549e+00 -1.168679e+00 2.162380e-01
    endloop
  endfacet
  facet normal 7.700509e-01 6.235749e-01 -1.348184e-01
    outer loop
      vertex -1.608549e+00 -1.168679e+00 2.162380e-01
      vertex -1.466710e+00 -1.320632e+00 3.235640e-01
      vertex -1.477577e+00 -1.330416e+00 2.162380e-01
    endloop
  endfacet
  facet normal 7.006511e-01 7.006511e-01 -1.348184e-01
    outer loop
      vertex -1.466710e+00 -1.320632e+00 3.235640e-01
      vertex -1.320632e+00 -1.466710e+00 3.235640e-01
      vertex -1.477577e+00 -1.330416e+00 2.162380e-01
    endloop
  endfacet
  facet normal 7.006511e-01 7.006511e-01 -1.348184e-01
    outer loop
      vertex -1.477577e+00 -1.330416e+00 2.162380e-01
      vertex -1.320632e+00 -1.466710e+00 3.235640e-01
      vertex -1.330416e+00 -1.477577e+00 2.162380e-01
    endloop
  endfacet
  facet normal 6.235749e-01 7.700509e-01 -1.348184e-01
    outer loop
      vertex -1.320632e+00 -1.466710e+00 3.235640e-01
      vertex -1.160084e+00 -1.596719e+00 3.235640e-01
      vertex -1.330416e+00 -1.477577e+00 2.162380e-01
    endloop
  endfacet
  facet normal 6.235749e-01 7.700509e-01 -1.348184e-01
    outer loop
      vertex -1.330416e+00 -1.477577e+00 2.162380e-01
      vertex -1.160084e+00 -1.596719e+00 3.235640e-01
      vertex -1.168679e+00 -1.608549e+00 2.162380e-01
    endloop
  endfacet
  facet normal 5.396667e-01 8.310138e-01 -1.348184e-01
    outer loop
      vertex -1.160084e+00 -1.596719e+00 3.235640e-01
      vertex -9.868265e-01 -1.709234e+00 3.235640e-01
      vertex -1.168679e+00 -1.608549e+00 2.162380e-01
    endloop
  endfacet
  facet normal 5.396667e-01 8.310138e-01 -1.348184e-01
    outer loop
      vertex -1.168679e+00 -1.608549e+00 2.162380e-01
      vertex -9.868265e-01 -1.709234e+00 3.235640e-01
      vertex -9.941380e-01 -1.721897e+00 2.162380e-01
    endloop
  endfacet
  facet normal 4.498457e-01 8.828719e-01 -1.348184e-01
    outer loop
      vertex -9.868265e-01 -1.709234e+00 3.235640e-01
      vertex -8.027570e-01 -1.803022e+00 3.235640e-01
      vertex -9.941380e-01 -1.721897e+00 2.162380e-01
    endloop
  endfacet
  facet normal 4.498457e-01 8.828719e-01 -1.348184e-01
    outer loop
      vertex -9.941380e-01 -1.721897e+00 2.162380e-01
      vertex -8.027570e-01 -1.803022e+00 3.235640e-01
      vertex -8.087047e-01 -1.816380e+00 2.162380e-01
    endloop
  endfacet
  facet normal 3.550962e-01 9.250571e-01 -1.348184e-01
    outer loop
      vertex -8.027570e-01 -1.803022e+00 3.235640e-01
      vertex -6.098923e-01 -1.877056e+00 3.235640e-01
      vertex -8.087047e-01 -1.816380e+00 2.162380e-01
    endloop
  endfacet
  facet normal 3.550962e-01 9.250571e-01 -1.348184e-01
    outer loop
      vertex -8.087047e-01 -1.816380e+00 2.162380e-01
      vertex -6.098923e-01 -1.877056e+00 3.235640e-01
      vertex -6.144110e-01 -1.890963e+00 2.162380e-01
    endloop
  endfacet
  facet normal 2.564561e-01 9.571072e-01 -1.348184e-01
    outer loop
      vertex -6.098923e-01 -1.877056e+00 3.235640e-01
      vertex -4.103455e-01 -1.930524e+00 3.235640e-01
      vertex -6.144110e-01 -1.890963e+00 2.162380e-01
    endloop
  endfacet
  facet normal 2.564561e-01 9.571072e-01 -1.348184e-01
    outer loop
      vertex -6.144110e-01 -1.890963e+00 2.162380e-01
      vertex -4.103455e-01 -1.930524e+00 3.235640e-01
      vertex -4.133858e-01 -1.944827e+00 2.162380e-01
    endloop
  endfacet
  facet normal 1.550063e-01 9.786711e-01 -1.348184e-01
    outer loop
      vertex -4.103455e-01 -1.930524e+00 3.235640e-01
      vertex -2.063029e-01 -1.962841e+00 3.235640e-01
      vertex -4.133858e-01 -1.944827e+00 2.162380e-01
    endloop
  endfacet
  facet normal 1.550063e-01 9.786711e-01 -1.348184e-01
    outer loop
      vertex -4.133858e-01 -1.944827e+00 2.162380e-01
      vertex -2.063029e-01 -1.962841e+00 3.235640e-01
      vertex -2.078314e-01 -1.977384e+00 2.162380e-01
    endloop
  endfacet
  facet normal 5.185815e-02 9.895124e-01 -1.348184e-01
    outer loop
      vertex -2.063029e-01 -1.962841e+00 3.235640e-01
      vertex -3.625542e-16 -1.973653e+00 3.235640e-01
      vertex -2.078314e-01 -1.977384e+00 2.162380e-01
    endloop
  endfacet
  facet normal 5.185815e-02 9.895124e-01 -1.348184e-01
    outer loop
      vertex -2.078314e-01 -1.977384e+00 2.162380e-01
      vertex -3.625542e-16 -1.973653e+00 3.235640e-01
      vertex -3.652404e-16 -1.988276e+00 2.162380e-01
    endloop
  endfacet
  facet normal -5.185815e-02 9.895124e-01 -1.348184e-01
    outer loop
      vertex -3.625542e-16 -1.973653e+00 3.235640e-01
      vertex 2.063029e-01 -1.962841e+00 3.235640e-01
      vertex -3.652404e-16 -1.988276e+00 2.162380e-01
    endloop
  endfacet
  facet normal -5.185815e-02 9.895124e-01 -1.348184e-01
    outer loop
      vertex -3.652404e-16 -1.988276e+00 2.162380e-01
      vertex 2.063029e-01 -1.962841e+00 3.235640e-01
      vertex 2.078314e-01 -1.977384e+00 2.162380e-01
    endloop
  endfacet
  facet normal -1.550063e-01 9.786711e-01 -1.348184e-01
    outer loop
      vertex 2.063029e-01 -1.962841e+00 3.235640e-01
      vertex 4.103455e-01 -1.930524e+00 3.235640e-01
      vertex 2.078314e-01 -1.977384e+00 2.162380e-01
    endloop
  endfacet
  facet normal -1.550063e-01 9.786711e-01 -1.348184e-01
    outer loop
      vertex 2.078314e-01 -1.977384e+00 2.162380e-01
      vertex 4.103455e-01 -1.930524e+00 3.235640e-01
      vertex 4.133858e-01 -1.944827e+00 2.162380e-01
    endloop
  endfacet
  facet normal -2.564561e-01 9.571072e-01 -1.348184e-01
    outer loop
      vertex 4.103455e-01 -1.930524e+00 3.235640e-01
      vertex 6.098923e-01 -1.877056e+00 3.235640e-01
      vertex 4.133858e-01 -1.944827e+00 2.162380e-01
    endloop
  endfacet
  facet normal -2.564561e-01 9.571072e-01 -1.348184e-01
    outer loop
      vertex 4.133858e-01 -1.944827e+00 2.162380e-01
      vertex 6.098923e-01 -1.877056e+00 3.235640e-01
      vertex 6.144110e-01 -1.890963e+00 2.162380e-01
    endloop
  endfacet
  facet normal -3.550962e-01 9.250571e-01 -1.348184e-01
    outer loop
      vertex 6.098923e-01 -1.877056e+00 3.235640e-01
      vertex 8.027570e-01 -1.803022e+00 3.235640e-01
      vertex 6.144110e-01 -1.890963e+00 2.162380e-01
    endloop
  endfacet
  facet normal -3.550962e-01 9.250571e-01 -1.348184e-01
    outer loop
      vertex 6.144110e-01 -1.890963e+00 2.162380e-01
      vertex 8.027570e-01 -1.803022e+00 3.235640e-01
      vertex 8.087047e-01 -1.816380e+00 2.162380e-01
    endloop
  endfacet
  facet normal -4.498457e-01 8.828719e-01 -1.348184e-01
    outer loop
      vertex 8.027570e-01 -1.803022e+00 3.235640e-01
      vertex 9.868265e-01 -1.709234e+00 3.235640e-01
      vertex 8.087047e-01 -1.816380e+00 2.162380e-01
    endloop
  endfacet
  facet normal -4.498457e-01 8.828719e-01 -1.348184e-01
    outer loop
      vertex 8.087047e-01 -1.816380e+00 2.162380e-01
      vertex 9.868265e-01 -1.709234e+00 3.235640e-01
      vertex 9.941380e-01 -1.721897e+00 2.162380e-01
    endloop
  endfacet
  facet normal -5.396667e-01 8.310138e-01 -1.348184e-01
    outer loop
      vertex 9.868265e-01 -1.709234e+00 3.235640e-01
      vertex 1.160084e+00 -1.596719e+00 3.235640e-01
      vertex 9.941380e-01 -1.721897e+00 2.162380e-01
    endloop
  endfacet
  facet normal -5.396667e-01 8.310138e-01 -1.348184e-01
    outer loop
      vertex 9.941380e-01 -1.721897e+00 2.162380e-01
      vertex 1.160084e+00 -1.596719e+00 3.235640e-01
      vertex 1.168679e+00 -1.608549e+00 2.162380e-01
    endloop
  endfacet
  facet normal -6.235749e-01 7.700509e-01 -1.348184e-01
    outer loop
      vertex 1.160084e+00 -1.596719e+00 3.235640e-01
      vertex 1.320632e+00 -1.466710e+00 3.235640e-01
      vertex 1.168679e+00 -1.608549e+00 2.162380e-01
    endloop
  endfacet
  facet normal -6.235749e-01 7.700509e-01 -1.348184e-01
    outer loop
      vertex 1.168679e+00 -1.608549e+00 2.162380e-01
      vertex 1.320632e+00 -1.466710e+00 3.235640e-01
      vertex 1.330416e+00 -1.477577e+00 2.162380e-01
    endloop
  endfacet
  facet normal -7.006511e-01 7.006511e-01 -1.348184e-01
    outer loop
      vertex 1.320632e+00 -1.466710e+00 3.235640e-01
      vertex 1.466710e+00 -1.320632e+00 3.235640e-01
      vertex 1.330416e+00 -1.477577e+00 2.162380e-01
    endloop
  endfacet
  facet normal -7.006511e-01 7.006511e-01 -1.348184e-01
    outer loop
      vertex 1.330416e+00 -1.477577e+00 2.162380e-01
      vertex 1.466710e+00 -1.320632e+00 3.235640e-01
      vertex 1.477577e+00 -1.330416e+00 2.162380e-01
    endloop
  endfacet
  facet normal -7.700509e-01 6.235749e-01 -1.348184e-01
    outer loop
      vertex 1.466710e+00 -1.320632e+00 3.235640e-01
      vertex 1.596719e+00 -1.160084e+00 3.235640e-01
      vertex 1.477577e+00 -1.330416e+00 2.162380e-01
    endloop
  endfacet
  facet normal -7.700509e-01 6.235749e-01 -1.348184e-01
    outer loop
      vertex 1.477577e+00 -1.330416e+00 2.162380e-01
      vertex 1.596719e+00 -1.160084e+00 3.235640e-01
      vertex 1.608549e+00 -1.168679e+00 2.162380e-01
    endloop
  endfacet
  facet normal -8.310138e-01 5.396667e-01 -1.348184e-01
    outer loop
      vertex 1.596719e+00 -1.160084e+00 3.235640e-01
      vertex 1.709234e+00 -9.868265e-01 3.235640e-01
      vertex 1.608549e+00 -1.168679e+00 2.162380e-01
    endloop
  endfacet
  facet normal -8.310138e-01 5.396667e-01 -1.348184e-01
    outer loop
      vertex 1.608549e+00 -1.168679e+00 2.162380e-01
      vertex 1.709234e+00 -9.868265e-01 3.235640e-01
      vertex 1.721897e+00 -9.941380e-01 2.162380e-01
    endloop
  endfacet
  facet normal -8.828719e-01 4.498457e-01 -1.348184e-01
    outer loop
      vertex 1.709234e+00 -9.868265e-01 3.235640e-01
      vertex 1.803022e+00 -8.027570e-01 3.235640e-01
      vertex 1.721897e+00 -9.941380e-01 2.162380e-01
    endloop
  endfacet
  facet normal -8.828719e-01 4.498457e-01 -1.348184e-01
    outer loop
      vertex 1.721897e+00 -9.941380e-01 2.162380e-01
      vertex 1.803022e+00 -8.027570e-01 3.235640e-01
      vertex 1.816380e+00 -8.087047e-01 2.162380e-01
    endloop
  endfacet
  facet normal -9.250571e-01 3.550962e-01 -1.348184e-01
    outer loop
      vertex 1.803022e+00 -8.027570e-01 3.235640e-01
      vertex 1.877056e+00 -6.098923e-01 3.235640e-01
      vertex 1.816380e+00 -8.087047e-01 2.162380e-01
    endloop
  endfacet
  facet normal -9.250571e-01 3.550962e-01 -1.348184e-01
    outer loop
      vertex 1.816380e+00 -8.087047e-01 2.162380e-01
      vertex 1.877056e+00 -6.098923e-01 3.235640e-01
      vertex 1.890963e+00 -6.144110e-01 2.162380e-01
    endloop
  endfacet
  facet normal -9.571072e-01 2.564561e-01 -1.348184e-01
    outer loop
      vertex 1.877056e+00 -6.098923e-01 3.235640e-01
      vertex 1.930524e+00 -4.103455e-01 3.235640e-01
      vertex 1.890963e+00 -6.144110e-01 2.162380e-01
    endloop
  endfacet
  facet normal -9.571072e-01 2.564561e-01 -1.348184e-01
    outer loop
      vertex 1.890963e+00 -6.144110e-01 2.162380e-01
      vertex 1.930524e+00 -4.103455e-01 3.235640e-01
      vertex 1.944827e+00 -4.133858e-01 2.162380e-01
    endloop
  endfacet
  facet normal -9.786711e-01 1.550063e-01 -1.348184e-01
    outer loop
      vertex 1.930524e+00 -4.103455e-01 3.235640e-01
      vertex 1.962841e+00 -2.063029e-01 3.235640e-01
      vertex 1.944827e+00 -4.133858e-01 2.162380e-01
    endloop
  endfacet
  facet normal -9.786711e-01 1.550063e-01 -1.348184e-01
    outer loop
      vertex 1.944827e+00 -4.133858e-01 2.162380e-01
      vertex 1.962841e+00 -2.063029e-01 3.235640e-01
      vertex 1.977384e+00 -2.078314e-01 2.162380e-01
    endloop
  endfacet
  facet normal -9.895124e-01 5.185815e-02 -1.348184e-01
    outer loop
      vertex 1.962841e+00 -2.063029e-01 3.235640e-01
      vertex 1.973653e+00 0.000000e+00 3.235640e-01
      vertex 1.977384e+00 -2.078314e-01 2.162380e-01
    endloop
  endfacet
  facet normal -9.895124e-01 5.185815e-02 -1.348184e-01
    outer loop
      vertex 1.977384e+00 -2.078314e-01 2.162380e-01
      vertex 1.973653e+00 0.000000e+00 3.235640e-01
      vertex 1.988276e+00 0.000000e+00 2.162380e-01
    endloop
  endfacet
  facet normal -9.953442e-01 -5.216378e-02 -8.104823e-02
    outer loop
      vertex 1.988276e+00 0.000000e+00 2.162380e-01
      vertex 1.977384e+00 2.078314e-01 2.162380e-01
      vertex 1.997067e+00 0.000000e+00 1.082778e-01
    endloop
  endfacet
  facet normal -9.953442e-01 -5.216378e-02 -8.104823e-02
    outer loop
      vertex 1.997067e+00 0.000000e+00 1.082778e-01
      vertex 1.977384e+00 2.078314e-01 2.162380e-01
      vertex 1.986127e+00 2.087503e-01 1.082778e-01
    endloop
  endfacet
  facet normal -9.844390e-01 -1.559198e-01 -8.104823e-02
    outer loop
      vertex 1.977384e+00 2.078314e-01 2.162380e-01
      vertex 1.944827e+00 4.133858e-01 2.162380e-01
      vertex 1.986127e+00 2.087503e-01 1.082778e-01
    endloop
  endfacet
  facet normal -9.844390e-01 -1.559198e-01 -8.104823e-02
    outer loop
      vertex 1.986127e+00 2.087503e-01 1.082778e-01
      vertex 1.944827e+00 4.133858e-01 2.162380e-01
      vertex 1.953426e+00 4.152135e-01 1.082778e-01
    endloop
  endfacet
  facet normal -9.627481e-01 -2.579676e-01 -8.104823e-02
    outer loop
      vertex 1.944827e+00 4.133858e-01 2.162380e-01
      vertex 1.890963e+00 6.144110e-01 2.162380e-01
      vertex 1.953426e+00 4.152135e-01 1.082778e-01
    endloop
  endfacet
  facet normal -9.627481e-01 -2.579676e-01 -8.104823e-02
    outer loop
      vertex 1.953426e+00 4.152135e-01 1.082778e-01
      vertex 1.890963e+00 6.144110e-01 2.162380e-01
      vertex 1.899323e+00 6.171276e-01 1.082778e-01
    endloop
  endfacet
  facet normal -9.305091e-01 -3.571890e-01 -8.104823e-02
    outer loop
      vertex 1.890963e+00 6.144110e-01 2.162380e-01
      vertex 1.816380e+00 8.087047e-01 2.162380e-01
      vertex 1.899323e+00 6.171276e-01 1.082778e-01
    endloop
  endfacet
  facet normal -9.305091e-01 -3.571890e-01 -8.104823e-02
    outer loop
      vertex 1.899323e+00 6.171276e-01 1.082778e-01
      vertex 1.816380e+00 8.087047e-01 2.162380e-01
      vertex 1.824411e+00 8.122803e-01 1.082778e-01
    endloop
  endfacet
  facet normal -8.880753e-01 -4.524970e-01 -8.104823e-02
    outer loop
      vertex 1.816380e+00 8.087047e-01 2.162380e-01
      vertex 1.721897e+00 9.941380e-01 2.162380e-01
      vertex 1.824411e+00 8.122803e-01 1.082778e-01
    endloop
  endfacet
  facet normal -8.880753e-01 -4.524970e-01 -8.104823e-02
    outer loop
      vertex 1.824411e+00 8.122803e-01 1.082778e-01
      vertex 1.721897e+00 9.941380e-01 2.162380e-01
      vertex 1.729511e+00 9.985334e-01 1.082778e-01
    endloop
  endfacet
  facet normal -8.359115e-01 -5.428473e-01 -8.104823e-02
    outer loop
      vertex 1.721897e+00 9.941380e-01 2.162380e-01
      vertex 1.608549e+00 1.168679e+00 2.162380e-01
      vertex 1.729511e+00 9.985334e-01 1.082778e-01
    endloop
  endfacet
  facet normal -8.359115e-01 -5.428473e-01 -8.104823e-02
    outer loop
      vertex 1.729511e+00 9.985334e-01 1.082778e-01
      vertex 1.608549e+00 1.168679e+00 2.162380e-01
      vertex 1.615661e+00 1.173846e+00 1.082778e-01
    endloop
  endfacet
  facet normal -7.745893e-01 -6.272500e-01 -8.104823e-02
    outer loop
      vertex 1.608549e+00 1.168679e+00 2.162380e-01
      vertex 1.477577e+00 1.330416e+00 2.162380e-01
      vertex 1.615661e+00 1.173846e+00 1.082778e-01
    endloop
  endfacet
  facet normal -7.745893e-01 -6.272500e-01 -8.104823e-02
    outer loop
      vertex 1.615661e+00 1.173846e+00 1.082778e-01
      vertex 1.477577e+00 1.330416e+00 2.162380e-01
      vertex 1.484110e+00 1.336299e+00 1.082778e-01
    endloop
  endfacet
  facet normal -7.047805e-01 -7.047805e-01 -8.104823e-02
    outer loop
      vertex 1.477577e+00 1.330416e+00 2.162380e-01
      vertex 1.330416e+00 1.477577e+00 2.162380e-01
      vertex 1.484110e+00 1.336299e+00 1.082778e-01
    endloop
  endfacet
  facet normal -7.047805e-01 -7.047805e-01 -8.104823e-02
    outer loop
      vertex 1.484110e+00 1.336299e+00 1.082778e-01
      vertex 1.330416e+00 1.477577e+00 2.162380e-01
      vertex 1.336299e+00 1.484110e+00 1.082778e-01
    endloop
  endfacet
  facet normal -6.272500e-01 -7.745893e-01 -8.104823e-02
    outer loop
      vertex 1.330416e+00 1.477577e+00 2.162380e-01
      vertex 1.168679e+00 1.608549e+00 2.162380e-01
      vertex 1.336299e+00 1.484110e+00 1.082778e-01
    endloop
  endfacet
  facet normal -6.272500e-01 -7.745893e-01 -8.104823e-02
    outer loop
      vertex 1.336299e+00 1.484110e+00 1.082778e-01
      vertex 1.168679e+00 1.608549e+00 2.162380e-01
      vertex 1.173846e+00 1.615661e+00 1.082778e-01
    endloop
  endfacet
  facet normal -5.428473e-01 -8.359115e-01 -8.104823e-02
    outer loop
      vertex 1.168679e+00 1.608549e+00 2.162380e-01
      vertex 9.941380e-01 1.721897e+00 2.162380e-01
      vertex 1.173846e+00 1.615661e+00 1.082778e-01
    endloop
  endfacet
  facet normal -5.428473e-01 -8.359115e-01 -8.104823e-02
    outer loop
      vertex 1.173846e+00 1.615661e+00 1.082778e-01
      vertex 9.941380e-01 1.721897e+00 2.162380e-01
      vertex 9.985334e-01 1.729511e+00 1.082778e-01
    endloop
  endfacet
  facet normal -4.524970e-01 -8.880753e-01 -8.104823e-02
    outer loop
      vertex 9.941380e-01 1.721897e+00 2.162380e-01
      vertex 8.087047e-01 1.816380e+00 2.162380e-01
      vertex 9.985334e-01 1.729511e+00 1.082778e-01
    endloop
  endfacet
  facet normal -4.524970e-01 -8.880753e-01 -8.104823e-02
    outer loop
      vertex 9.985334e-01 1.729511e+00 1.082778e-01
      vertex 8.087047e-01 1.816380e+00 2.162380e-01
      vertex 8.122803e-01 1.824411e+00 1.082778e-01
    endloop
  endfacet
  facet normal -3.571890e-01 -9.305091e-01 -8.104823e-02
    outer loop
      vertex 8.087047e-01 1.816380e+00 2.162380e-01
      vertex 6.144110e-01 1.890963e+00 2.162380e-01
      vertex 8.122803e-01 1.824411e+00 1.082778e-01
    endloop
  endfacet
  facet normal -3.571890e-01 -9.305091e-01 -8.104823e-02
    outer loop
      vertex 8.122803e-01 1.824411e+00 1.082778e-01
      vertex 6.144110e-01 1.890963e+00 2.162380e-01
      vertex 6.171276e-01 1.899323e+00 1.082778e-01
    endloop
  endfacet
  facet normal -2.579676e-01 -9.627481e-01 -8.104823e-02
    outer loop
      vertex 6.144110e-01 1.890963e+00 2.162380e-01
      vertex 4.133858e-01 1.944827e+00 2.162380e-01
      vertex 6.171276e-01 1.899323e+00 1.082778e-01
    endloop
  endfacet
  facet normal -2.579676e-01 -9.627481e-01 -8.104823e-02
    outer loop
      vertex 6.171276e-01 1.899323e+00 1.082778e-01
      vertex 4.133858e-01 1.944827e+00 2.162380e-01
      vertex 4.152135e-01 1.953426e+00 1.082778e-01
    endloop
  endfacet
  facet normal -1.559198e-01 -9.844390e-01 -8.104823e-02
    outer loop
      vertex 4.133858e-01 1.944827e+00 2.162380e-01
      vertex 2.078314e-01 1.977384e+00 2.162380e-01
      vertex 4.152135e-01 1.953426e+00 1.082778e-01
    endloop
  endfacet
  facet normal -1.559198e-01 -9.844390e-01 -8.104823e-02
    outer loop
      vertex 4.152135e-01 1.953426e+00 1.082778e-01
      vertex 2.078314e-01 1.977384e+00 2.162380e-01
      vertex 2.087503e-01 1.986127e+00 1.082778e-01
    endloop
  endfacet
  facet normal -5.216378e-02 -9.953442e-01 -8.104823e-02
    outer loop
      vertex 2.078314e-01 1.977384e+00 2.162380e-01
      vertex 1.217468e-16 1.988276e+00 2.162380e-01
      vertex 2.087503e-01 1.986127e+00 1.082778e-01
    endloop
  endfacet
  facet normal -5.216378e-02 -9.953442e-01 -8.104823e-02
    outer loop
      vertex 2.087503e-01 1.986127e+00 1.082778e-01
      vertex 1.217468e-16 1.988276e+00 2.162380e-01
      vertex 1.222851e-16 1.997067e+00 1.082778e-01
    endloop
  endfacet
  facet normal 5.216378e-02 -9.953442e-01 -8.104823e-02
    outer loop
      vertex 1.217468e-16 1.988276e+00 2.162380e-01
      vertex -2.078314e-01 1.977384e+00 2.162380e-01
      vertex 1.222851e-16 1.997067e+00 1.082778e-01
    endloop
  endfacet
  facet normal 5.216378e-02 -9.953442e-01 -8.104823e-02
    outer loop
      vertex 1.222851e-16 1.997067e+00 1.082778e-01
      vertex -2.078314e-01 1.977384e+00 2.162380e-01
      vertex -2.087503e-01 1.986127e+00 1.082778e-01
    endloop
  endfacet
  facet normal 1.559198e-01 -9.844390e-01 -8.104823e-02
    outer loop
      vertex -2.078314e-01 1.977384e+00 2.162380e-01
      vertex -4.133858e-01 1.944827e+00 2.162380e-01
      vertex -2.087503e-01 1.986127e+00 1.082778e-01
    endloop
  endfacet
  facet normal 1.559198e-01 -9.844390e-01 -8.104823e-02
    outer loop
      vertex -2.087503e-01 1.986127e+00 1.082778e-01
      vertex -4.133858e-01 1.944827e+00 2.162380e-01
      vertex -4.152135e-01 1.953426e+00 1.082778e-01
    endloop
  endfacet
  facet normal 2.579676e-01 -9.627481e-01 -8.104823e-02
    outer loop
      vertex -4.133858e-01 1.944827e+00 2.162380e-01
      vertex -6.144110e-01 1.890963e+00 2.162380e-01
      vertex -4.152135e-01 1.953426e+00 1.082778e-01
    endloop
  endfacet
  facet normal 2.579676e-01 -9.627481e-01 -8.104823e-02
    outer loop
      vertex -4.152135e-01 1.953426e+00 1.082778e-01
      vertex -6.144110e-01 1.890963e+00 2.162380e-01
      vertex -6.171276e-01 1.899323e+00 1.082778e-01
    endloop
  endfacet
  facet normal 3.571890e-01 -9.305091e-01 -8.104823e-02
    outer loop
      vertex -6.144110e-01 1.890963e+00 2.162380e-01
      vertex -8.087047e-01 1.816380e+00 2.162380e-01
      vertex -6.171276e-01 1.899323e+00 1.082778e-01
    endloop
  endfacet
  facet normal 3.571890e-01 -9.305091e-01 -8.104823e-02
    outer loop
      vertex -6.171276e-01 1.899323e+00 1.082778e-01
      vertex -8.087047e-01 1.816380e+00 2.162380e-01
      vertex -8.122803e-01 1.824411e+00 1.082778e-01
    endloop
  endfacet
  facet normal 4.524970e-01 -8.880753e-01 -8.104823e-02
    outer loop
      vertex -8.087047e-01 1.816380e+00 2.162380e-01
      vertex -9.941380e-01 1.721897e+00 2.162380e-01
      vertex -8.122803e-01 1.824411e+00 1.082778e-01
    endloop
  endfacet
  facet normal 4.524970e-01 -8.880753e-01 -8.104823e-02
    outer loop
      vertex -8.122803e-01 1.824411e+00 1.082778e-01
      vertex -9.941380e-01 1.721897e+00 2.162380e-01
      vertex -9.985334e-01 1.729511e+00 1.082778e-01
    endloop
  endfacet
  facet normal 5.428473e-01 -8.359115e-01 -8.104823e-02
    outer loop
      vertex -9.941380e-01 1.721897e+00 2.162380e-01
      vertex -1.168679e+00 1.608549e+00 2.162380e-01
      vertex -9.985334e-01 1.729511e+00 1.082778e-01
    endloop
  endfacet
  facet normal 5.428473e-01 -8.359115e-01 -8.104823e-02
    outer loop
      vertex -9.985334e-01 1.729511e+00 1.082778e-01
      vertex -1.168679e+00 1.608549e+00 2.162380e-01
      vertex -1.173846e+00 1.615661e+00 1.082778e-01
    endloop
  endfacet
  facet normal 6.272500e-01 -7.745893e-01 -8.104823e-02
    outer loop
      vertex -1.168679e+00 1.608549e+00 2.162380e-01
      vertex -1.330416e+00 1.477577e+00 2.162380e-01
      vertex -1.173846e+00 1.615661e+00 1.082778e-01
    endloop
  endfacet
  facet normal 6.272500e-01 -7.745893e-01 -8.104823e-02
    outer loop
      vertex -1.173846e+00 1.615661e+00 1.082778e-01
      vertex -1.330416e+00 1.477577e+00 2.162380e-01
      vertex -1.336299e+00 1.484110e+00 1.082778e-01
    endloop
  endfacet
  facet normal 7.047805e-01 -7.047805e-01 -8.104823e-02
    outer loop
      vertex -1.330416e+00 1.477577e+00 2.162380e-01
      vertex -1.477577e+00 1.330416e+00 2.162380e-01
      vertex -1.336299e+00 1.484110e+00 1.082778e-01
    endloop
  endfacet
  facet normal 7.047805e-01 -7.047805e-01 -8.104823e-02
    outer loop
      vertex -1.336299e+00 1.484110e+00 1.082778e-01
      vertex -1.477577e+00 1.330416e+00 2.162380e-01
      vertex -1.484110e+00 1.336299e+00 1.082778e-01
    endloop
  endfacet
  facet normal 7.745893e-01 -6.272500e-01 -8.104823e-02
    outer loop
      vertex -1.477577e+00 1.330416e+00 2.162380e-01
      vertex -1.608549e+00 1.168679e+00 2.162380e-01
      vertex -1.484110e+00 1.336299e+00 1.082778e-01
    endloop
  endfacet
  facet normal 7.745893e-01 -6.272500e-01 -8.104823e-02
    outer loop
      vertex -1.484110e+00 1.336299e+00 1.082778e-01
      vertex -1.608549e+00 1.168679e+00 2.162380e-01
      vertex -1.615661e+00 1.173846e+00 1.082778e-01
    endloop
  endfacet
  facet normal 8.359115e-01 -5.428473e-01 -8.104823e-02
    outer loop
      vertex -1.608549e+00 1.168679e+00 2.162380e-01
      vertex -1.721897e+00 9.941380e-01 2.162380e-01
      vertex -1.615661e+00 1.173846e+00 1.082778e-01
    endloop
  endfacet
  facet normal 8.359115e-01 -5.428473e-01 -8.104823e-02
    outer loop
      vertex -1.615661e+00 1.173846e+00 1.082778e-01
      vertex -1.721897e+00 9.941380e-01 2.162380e-01
      vertex -1.729511e+00 9.985334e-01 1.082778e-01
    endloop
  endfacet
  facet normal 8.880753e-01 -4.524970e-01 -8.104823e-02
    outer loop
      vertex -1.721897e+00 9.941380e-01 2.162380e-01
      vertex -1.816380e+00 8.087047e-01 2.162380e-01
      vertex -1.729511e+00 9.985334e-01 1.082778e-01
    endloop
  endfacet
  facet normal 8.880753e-01 -4.524970e-01 -8.104823e-02
    outer loop
      vertex -1.729511e+00 9.985334e-01 1.082778e-01
      vertex -1.816380e+00 8.087047e-01 2.162380e-01
      vertex -1.824411e+00 8.122803e-01 1.082778e-01
    endloop
  endfacet
  facet normal 9.305091e-01 -3.571890e-01 -8.104823e-02
    outer loop
      vertex -1.816380e+00 8.087047e-01 2.162380e-01
      vertex -1.890963e+00 6.144110e-01 2.162380e-01
      vertex -1.824411e+00 8.122803e-01 1.082778e-01
    endloop
  endfacet
  facet normal 9.305091e-01 -3.571890e-01 -8.104823e-02
    outer loop
      vertex -1.824411e+00 8.122803e-01 1.082778e-01
      vertex -1.890963e+00 6.144110e-01 2.162380e-01
      vertex -1.899323e+00 6.171276e-01 1.082778e-01
    endloop
  endfacet
  facet normal 9.627481e-01 -2.579676e-01 -8.104823e-02
    outer loop
      vertex -1.890963e+00 6.144110e-01 2.162380e-01
      vertex -1.944827e+00 4.133858e-01 2.162380e-01
      vertex -1.899323e+00 6.171276e-01 1.082778e-01
    endloop
  endfacet
  facet normal 9.627481e-01 -2.579676e-01 -8.104823e-02
    outer loop
      vertex -1.899323e+00 6.171276e-01 1.082778e-01
      vertex -1.944827e+00 4.133858e-01 2.162380e-01
      vertex -1.953426e+00 4.152135e-01 1.082778e-01
    endloop
  endfacet
  facet normal 9.844390e-01 -1.559198e-01 -8.104823e-02
    outer loop
      vertex -1.944827e+00 4.133858e-01 2.162380e-01
      vertex -1.977384e+00 2.078314e-01 2.162380e-01
      vertex -1.953426e+00 4.152135e-01 1.082778e-01
    endloop
  endfacet
  facet normal 9.844390e-01 -1.559198e-01 -8.104823e-02
    outer loop
      vertex -1.953426e+00 4.152135e-01 1.082778e-01
      vertex -1.977384e+00 2.078314e-01 2.162380e-01
      vertex -1.986127e+00 2.087503e-01 1.082778e-01
    endloop
  endfacet
  facet normal 9.953442e-01 -5.216378e-02 -8.104823e-02
    outer loop
      vertex -1.977384e+00 2.078314e-01 2.162380e-01
      vertex -1.988276e+00 2.434936e-16 2.162380e-01
      vertex -1.986127e+00 2.087503e-01 1.082778e-01
    endloop
  endfacet
  facet normal 9.953442e-01 -5.216378e-02 -8.104823e-02
    outer loop
      vertex -1.986127e+00 2.087503e-01 1.082778e-01
      vertex -1.988276e+00 2.434936e-16 2.162380e-01
      vertex -1.997067e+00 2.445701e-16 1.082778e-01
    endloop
  endfacet
  facet normal 9.953442e-01 5.216378e-02 -8.104823e-02
    outer loop
      vertex -1.988276e+00 2.434936e-16 2.162380e-01
      vertex -1.977384e+00 -2.078314e-01 2.162380e-01
      vertex -1.997067e+00 2.445701e-16 1.082778e-01
    endloop
  endfacet
  facet normal 9.953442e-01 5.216378e-02 -8.104823e-02
    outer loop
      vertex -1.997067e+00 2.445701e-16 1.082778e-01
      vertex -1.977384e+00 -2.078314e-01 2.162380e-01
      vertex -1.986127e+00 -2.087503e-01 1.082778e-01
    endloop
  endfacet
  facet normal 9.844390e-01 1.559198e-01 -8.104823e-02
    outer loop
      vertex -1.977384e+00 -2.078314e-01 2.162380e-01
      vertex -1.944827e+00 -4.133858e-01 2.162380e-01
      vertex -1.986127e+00 -2.087503e-01 1.082778e-01
    endloop
  endfacet
  facet normal 9.844390e-01 1.559198e-01 -8.104823e-02
    outer loop
      vertex -1.986127e+00 -2.087503e-01 1.082778e-01
      vertex -1.944827e+00 -4.133858e-01 2.162380e-01
      vertex -1.953426e+00 -4.152135e-01 1.082778e-01
    endloop
  endfacet
  facet normal 9.627481e-01 2.579676e-01 -8.104823e-02
    outer loop
      vertex -1.944827e+00 -4.133858e-01 2.162380e-01
      vertex -1.890963e+00 -6.144110e-01 2.162380e-01
      vertex -1.953426e+00 -4.152135e-01 1.082778e-01
    endloop
  endfacet
  facet normal 9.627481e-01 2.579676e-01 -8.104823e-02
    outer loop
      vertex -1.953426e+00 -4.152135e-01 1.082778e-01
      vertex -1.890963e+00 -6.144110e-01 2.162380e-01
      vertex -1.899323e+00 -6.171276e-01 1.082778e-01
    endloop
  endfacet
  facet normal 9.305091e-01 3.571890e-01 -8.104823e-02
    outer loop
      vertex -1.890963e+00 -6.144110e-01 2.162380e-01
      vertex -1.816380e+00 -8.087047e-01 2.162380e-01
      vertex -1.899323e+00 -6.171276e-01 1.082778e-01
    endloop
  endfacet
  facet normal 9.305091e-01 3.571890e-01 -8.104823e-02
    outer loop
      vertex -1.899323e+00 -6.171276e-01 1.082778e-01
      vertex -1.816380e+00 -8.087047e-01 2.162380e-01
      vertex -1.824411e+00 -8.122803e-01 1.082778e-01
    endloop
  endfacet
  facet normal 8.880753e-01 4.524970e-01 -8.104823e-02
    outer loop
      vertex -1.816380e+00 -8.087047e-01 2.162380e-01
      vertex -1.721897e+00 -9.941380e-01 2.162380e-01
      vertex -1.824411e+00 -8.122803e-01 1.082778e-01
    endloop
  endfacet
  facet normal 8.880753e-01 4.524970e-01 -8.104823e-02
    outer loop
      vertex -1.824411e+00 -8.122803e-01 1.082778e-01
      vertex -1.721897e+00 -9.941380e-01 2.162380e-01
      vertex -1.729511e+00 -9.985334e-01 1.082778e-01
    endloop
  endfacet
  facet normal 8.359115e-01 5.428473e-01 -8.104823e-02
    outer loop
      vertex -1.721897e+00 -9.941380e-01 2.162380e-01
      vertex -1.608549e+00 -1.168679e+00 2.162380e-01
      vertex -1.729511e+00 -9.985334e-01 1.082778e-01
    endloop
  endfacet
  facet normal 8.359115e-01 5.428473e-01 -8.104823e-02
    outer loop
      vertex -1.729511e+00 -9.985334e-01 1.082778e-01
      vertex -1.608549e+00 -1.168679e+00 2.162380e-01
      vertex -1.615661e+00 -1.173846e+00 1.082778e-01
    endloop
  endfacet
  facet normal 7.745893e-01 6.272500e-01 -8.104823e-02
    outer loop
      vertex -1.608549e+00 -1.168679e+00 2.162380e-01
      vertex -1.477577e+00 -1.330416e+00 2.162380e-01
      vertex -1.615661e+00 -1.173846e+00 1.082778e-01
    endloop
  endfacet
  facet normal 7.745893e-01 6.272500e-01 -8.104823e-02
    outer loop
      vertex -1.615661e+00 -1.173846e+00 1.082778e-01
      vertex -1.477577e+00 -1.330416e+00 2.162380e-01
      vertex -1.484110e+00 -1.336299e+00 1.082778e-01
    endloop
  endfacet
  facet normal 7.047805e-01 7.047805e-01 -8.104823e-02
    outer loop
      vertex -1.477577e+00 -1.330416e+00 2.162380e-01
      vertex -1.330416e+00 -1.477577e+00 2.162380e-01
      vertex -1.484110e+00 -1.336299e+00 1.082778e-01
    endloop
  endfacet
  facet normal 7.047805e-01 7.047805e-01 -8.104823e-02
    outer loop
      vertex -1.484110e+00 -1.336299e+00 1.082778e-01
      vertex -1.330416e+00 -1.477577e+00 2.162380e-01
      vertex -1.336299e+00 -1.484110e+00 1.082778e-01
    endloop
  endfacet
  facet normal 6.272500e-01 7.745893e-01 -8.104823e-02
    outer loop
      vertex -1.330416e+00 -1.477577e+00 2.162380e-01
      vertex -1.168679e+00 -1.608549e+00 2.162380e-01
      vertex -1.336299e+00 -1.484110e+00 1.082778e-01
    endloop
  endfacet
  facet normal 6.272500e-01 7.745893e-01 -8.104823e-02
    outer loop
      vertex -1.336299e+00 -1.484110e+00 1.082778e-01
      vertex -1.168679e+00 -1.608549e+00 2.162380e-01
      vertex -1.173846e+00 -1.615661e+00 1.082778e-01
    endloop
  endfacet
  facet normal 5.428473e-01 8.359115e-01 -8.104823e-02
    outer loop
      vertex -1.168679e+00 -1.608549e+00 2.162380e-01
      vertex -9.941380e-01 -1.721897e+00 2.162380e-01
      vertex -1.173846e+00 -1.615661e+00 1.082778e-01
    endloop
  endfacet
  facet normal 5.428473e-01 8.359115e-01 -8.104823e-02
    outer loop
      vertex -1.173846e+00 -1.615661e+00 1.082778e-01
      vertex -9.941380e-01 -1.721897e+00 2.162380e-01
      vertex -9.985334e-01 -1.729511e+00 1.082778e-01
    endloop
  endfacet
  facet normal 4.524970e-01 8.880753e-01 -8.104823e-02
    outer loop
      vertex -9.941380e-01 -1.721897e+00 2.162380e-01
      vertex -8.087047e-01 -1.816380e+00 2.162380e-01
      vertex -9.985334e-01 -1.729511e+00 1.082778e-01
    endloop
  endfacet
  facet normal 4.524970e-01 8.880753e-01 -8.104823e-02
    outer loop
      vertex -9.985334e-01 -1.729511e+00 1.082778e-01
      vertex -8.087047e-01 -1.816380e+00 2.162380e-01
      vertex -8.122803e-01 -1.824411e+00 1.082778e-01
    endloop
  endfacet
  facet normal 3.571890e-01 9.305091e-01 -8.104823e-02
    outer loop
      vertex -8.087047e-01 -1.816380e+00 2.162380e-01
      vertex -6.144110e-01 -1.890963e+00 2.162380e-01
      vertex -8.122803e-01 -1.824411e+00 1.082778e-01
    endloop
  endfacet
  facet normal 3.571890e-01 9.305091e-01 -8.104823e-02
    outer loop
      vertex -8.122803e-01 -1.824411e+00 1.082778e-01
      vertex -6.144110e-01 -1.890963e+00 2.162380e-01
      vertex -6.171276e-01 -1.899323e+00 1.082778e-01
    endloop
  endfacet
  facet normal 2.579676e-01 9.627481e-01 -8.104823e-02
    outer loop
      vertex -6.144110e-01 -1.890963e+00 2.162380e-01
      vertex -4.133858e-01 -1.944827e+00 2.162380e-01
      vertex -6.171276e-01 -1.899323e+00 1.082778e-01
    endloop
  endfacet
  facet normal 2.579676e-01 9.627481e-01 -8.104823e-02
    outer loop
      vertex -6.171276e-01 -1.899323e+00 1.082778e-01
      vertex -4.133858e-01 -1.944827e+00 2.162380e-01
      vertex -4.152135e-01 -1.953426e+00 1.082778e-01
    endloop
  endfacet
  facet normal 1.559198e-01 9.844390e-01 -8.104823e-02
    outer loop
      vertex -4.133858e-01 -1.944827e+00 2.162380e-01
      vertex -2.078314e-01 -1.977384e+00 2.162380e-01
      vertex -4.152135e-01 -1.953426e+00 1.082778e-01
    endloop
  endfacet
  facet normal 1.559198e-01 9.844390e-01 -8.104823e-02
    outer loop
      vertex -4.152135e-01 -1.953426e+00 1.082778e-01
      vertex -2.078314e-01 -1.977384e+00 2.162380e-01
      vertex -2.087503e-01 -1.986127e+00 1.082778e-01
    endloop
  endfacet
  facet normal 5.216378e-02 9.953442e-01 -8.104823e-02
    outer loop
      vertex -2.078314e-01 -1.977384e+00 2.162380e-01
      vertex -3.652404e-16 -1.988276e+00 2.162380e-01
      vertex -2.087503e-01 -1.986127e+00 1.082778e-01
    endloop
  endfacet
  facet normal 5.216378e-02 9.953442e-01 -8.104823e-02
    outer loop
      vertex -2.087503e-01 -1.986127e+00 1.082778e-01
      vertex -3.652404e-16 -1.988276e+00 2.162380e-01
      vertex -3.668552e-16 -1.997067e+00 1.082778e-01
    endloop
  endfacet
  facet normal -5.216378e-02 9.953442e-01 -8.104823e-02
    outer loop
      vertex -3.652404e-16 -1.988276e+00 2.162380e-01
      vertex 2.078314e-01 -1.977384e+00 2.162380e-01
      vertex -3.668552e-16 -1.997067e+00 1.082778e-01
    endloop
  endfacet
  facet normal -5.216378e-02 9.953442e-01 -8.104823e-02
    outer loop
      vertex -3.668552e-16 -1.997067e+00 1.082778e-01
      vertex 2.078314e-01 -1.977384e+00 2.162380e-01
      vertex 2.087503e-01 -1.986127e+00 1.082778e-01
    endloop
  endfacet
  facet normal -1.559198e-01 9.844390e-01 -8.104823e-02
    outer loop
      vertex 2.078314e-01 -1.977384e+00 2.162380e-01
      vertex 4.133858e-01 -1.944827e+00 2.162380e-01
      vertex 2.087503e-01 -1.986127e+00 1.082778e-01
    endloop
  endfacet
  facet normal -1.559198e-01 9.844390e-01 -8.104823e-02
    outer loop
      vertex 2.087503e-01 -1.986127e+00 1.082778e-01
      vertex 4.133858e-01 -1.944827e+00 2.162380e-01
      vertex 4.152135e-01 -1.953426e+00 1.082778e-01
    endloop
  endfacet
  facet normal -2.579676e-01 9.627481e-01 -8.104823e-02
    outer loop
      vertex 4.133858e-01 -1.944827e+00 2.162380e-01
      vertex 6.144110e-01 -1.890963e+00 2.162380e-01
      vertex 4.152135e-01 -1.953426e+00 1.082778e-01
    endloop
  endfacet
  facet normal -2.579676e-01 9.627481e-01 -8.104823e-02
    outer loop
      vertex 4.152135e-01 -1.953426e+00 1.082778e-01
      vertex 6.144110e-01 -1.890963e+00 2.162380e-01
      vertex 6.171276e-01 -1.899323e+00 1.082778e-01
    endloop
  endfacet
  facet normal -3.571890e-01 9.305091e-01 -8.104823e-02
    outer loop
      vertex 6.144110e-01 -1.890963e+00 2.162380e-01
      vertex 8.087047e-01 -1.816380e+00 2.162380e-01
      vertex 6.171276e-01 -1.899323e+00 1.082778e-01
    endloop
  endfacet
  facet normal -3.571890e-01 9.305091e-01 -8.104823e-02
    outer loop
      vertex 6.171276e-01 -1.899323e+00 1.082778e-01
      vertex 8.087047e-01 -1.816380e+00 2.162380e-01
      vertex 8.122803e-01 -1.824411e+00 1.082778e-01
    endloop
  endfacet
  facet normal -4.524970e-01 8.880753e-01 -8.104823e-02
    outer loop
      vertex 8.087047e-01 -1.816380e+00 2.162380e-01
      vertex 9.941380e-01 -1.721897e+00 2.162380e-01
      vertex 8.122803e-01 -1.824411e+00 1.082778e-01
    endloop
  endfacet
  facet normal -4.524970e-01 8.880753e-01 -8.104823e-02
    outer loop
      vertex 8.122803e-01 -1.824411e+00 1.082778e-01
      vertex 9.941380e-01 -1.721897e+00 2.162380e-01
      vertex 9.985334e-01 -1.729511e+00 1.082778e-01
    endloop
  endfacet
  facet normal -5.428473e-01 8.359115e-01 -8.104823e-02
    outer loop
      vertex 9.941380e-01 -1.721897e+00 2.162380e-01
      vertex 1.168679e+00 -1.608549e+00 2.162380e-01
      vertex 9.985334e-01 -1.729511e+00 1.082778e-01
    endloop
  endfacet
  facet normal -5.428473e-01 8.359115e-01 -8.104823e-02
    outer loop
      vertex 9.985334e-01 -1.729511e+00 1.082778e-01
      vertex 1.168679e+00 -1.608549e+00 2.162380e-01
      vertex 1.173846e+00 -1.615661e+00 1.082778e-01
    endloop
  endfacet
  facet normal -6.272500e-01 7.745893e-01 -8.104823e-02
    outer loop
      vertex 1.168679e+00 -1.608549e+00 2.162380e-01
      vertex 1.330416e+00 -1.477577e+00 2.162380e-01
      vertex 1.173846e+00 -1.615661e+00 1.082778e-01
    endloop
  endfacet
  facet normal -6.272500e-01 7.745893e-01 -8.104823e-02
    outer loop
      vertex 1.173846e+00 -1.615661e+00 1.082778e-01
      vertex 1.330416e+00 -1.477577e+00 2.162380e-01
      vertex 1.336299e+00 -1.484110e+00 1.082778e-01
    endloop
  endfacet
  facet normal -7.047805e-01 7.047805e-01 -8.104823e-02
    outer loop
      vertex 1.330416e+00 -1.477577e+00 2.162380e-01
      vertex 1.477577e+00 -1.330416e+00 2.162380e-01
      vertex 1.336299e+00 -1.484110e+00 1.082778e-01
    endloop
  endfacet
  facet normal -7.047805e-01 7.047805e-01 -8.104823e-02
    outer loop
      vertex 1.336299e+00 -1.484110e+00 1.082778e-01
      vertex 1.477577e+00 -1.330416e+00 2.162380e-01
      vertex 1.484110e+00 -1.336299e+00 1.082778e-01
    endloop
  endfacet
  facet normal -7.745893e-01 6.272500e-01 -8.104823e-02
    outer loop
      vertex 1.477577e+00 -1.330416e+00 2.162380e-01
      vertex 1.608549e+00 -1.168679e+00 2.162380e-01
      vertex 1.484110e+00 -1.336299e+00 1.082778e-01
    endloop
  endfacet
  facet normal -7.745893e-01 6.272500e-01 -8.104823e-02
    outer loop
      vertex 1.484110e+00 -1.336299e+00 1.082778e-01
      vertex 1.608549e+00 -1.168679e+00 2.162380e-01
      vertex 1.615661e+00 -1.173846e+00 1.082778e-01
    endloop
  endfacet
  facet normal -8.359115e-01 5.428473e-01 -8.104823e-02
    outer loop
      vertex 1.608549e+00 -1.168679e+00 2.162380e-01
      vertex 1.721897e+00 -9.941380e-01 2.162380e-01
      vertex 1.615661e+00 -1.173846e+00 1.082778e-01
    endloop
  endfacet
  facet normal -8.359115e-01 5.428473e-01 -8.104823e-02
    outer loop
      vertex 1.615661e+00 -1.173846e+00 1.082778e-01
      vertex 1.721897e+00 -9.941380e-01 2.162380e-01
      vertex 1.729511e+00 -9.985334e-01 1.082778e-01
    endloop
  endfacet
  facet normal -8.880753e-01 4.524970e-01 -8.104823e-02
    outer loop
      vertex 1.721897e+00 -9.941380e-01 2.162380e-01
      vertex 1.816380e+00 -8.087047e-01 2.162380e-01
      vertex 1.729511e+00 -9.985334e-01 1.082778e-01
    endloop
  endfacet
  facet normal -8.880753e-01 4.524970e-01 -8.104823e-02
    outer loop
      vertex 1.729511e+00 -9.985334e-01 1.082778e-01
      vertex 1.816380e+00 -8.087047e-01 2.162380e-01
      vertex 1.824411e+00 -8.122803e-01 1.082778e-01
    endloop
  endfacet
  facet normal -9.305091e-01 3.571890e-01 -8.104823e-02
    outer loop
      vertex 1.816380e+00 -8.087047e-01 2.162380e-01
      vertex 1.890963e+00 -6.144110e-01 2.162380e-01
      vertex 1.824411e+00 -8.122803e-01 1.082778e-01
    endloop
  endfacet
  facet normal -9.305091e-01 3.571890e-01 -8.104823e-02
    outer loop
      vertex 1.824411e+00 -8.122803e-01 1.082778e-01
      vertex 1.890963e+00 -6.144110e-01 2.162380e-01
      vertex 1.899323e+00 -6.171276e-01 1.082778e-01
    endloop
  endfacet
  facet normal -9.627481e-01 2.579676e-01 -8.104823e-02
    outer loop
      vertex 1.890963e+00 -6.144110e-01 2.162380e-01
      vertex 1.944827e+00 -4.133858e-01 2.162380e-01
      vertex 1.899323e+00 -6.171276e-01 1.082778e-01
    endloop
  endfacet
  facet normal -9.627481e-01 2.579676e-01 -8.104823e-02
    outer loop
      vertex 1.899323e+00 -6.171276e-01 1.082778e-01
      vertex 1.944827e+00 -4.133858e-01 2.162380e-01
      vertex 1.953426e+00 -4.152135e-01 1.082778e-01
    endloop
  endfacet
  facet normal -9.844390e-01 1.559198e-01 -8.104823e-02
    outer loop
      vertex 1.944827e+00 -4.133858e-01 2.162380e-01
      vertex 1.977384e+00 -2.078314e-01 2.162380e-01
      vertex 1.953426e+00 -4.152135e-01 1.082778e-01
    endloop
  endfacet
  facet normal -9.844390e-01 1.559198e-01 -8.104823e-02
    outer loop
      vertex 1.953426e+00 -4.152135e-01 1.082778e-01
      vertex 1.977384e+00 -2.078314e-01 2.162380e-01
      vertex 1.986127e+00 -2.087503e-01 1.082778e-01
    endloop
  endfacet
  facet normal -9.953442e-01 5.216378e-02 -8.104823e-02
    outer loop
      vertex 1.977384e+00 -2.078314e-01 2.162380e-01
      vertex 1.988276e+00 0.000000e+00 2.162380e-01
      vertex 1.986127e+00 -2.087503e-01 1.082778e-01
    endloop
  endfacet
  facet normal -9.953442e-01 5.216378e-02 -8.104823e-02
    outer loop
      vertex 1.986127e+00 -2.087503e-01 1.082778e-01
      vertex 1.988276e+00 0.000000e+00 2.162380e-01
      vertex 1.997067e+00 0.000000e+00 1.082778e-01
    endloop
  endfacet
  facet normal -9.982643e-01 -5.231682e-02 -2.704230e-02
    outer loop
      vertex 1.997067e+00 0.000000e+00 1.082778e-01
      vertex 1.986127e+00 2.087503e-01 1.082778e-01
      vertex 2.000000e+00 0.000000e+00 1.224647e-16
    endloop
  endfacet
  facet normal -9.982643e-01 -5.231682e-02 -2.704230e-02
    outer loop
      vertex 2.000000e+00 0.000000e+00 1.224647e-16
      vertex 1.986127e+00 2.087503e-01 1.082778e-01
      vertex 1.989044e+00 2.090569e-01 1.224647e-16
    endloop
  endfacet
  facet normal -9.873271e-01 -1.563773e-01 -2.704230e-02
    outer loop
      vertex 1.986127e+00 2.087503e-01 1.082778e-01
      vertex 1.953426e+00 4.152135e-01 1.082778e-01
      vertex 1.989044e+00 2.090569e-01 1.224647e-16
    endloop
  endfacet
  facet normal -9.873271e-01 -1.563773e-01 -2.704230e-02
    outer loop
      vertex 1.989044e+00 2.090569e-01 1.224647e-16
      vertex 1.953426e+00 4.152135e-01 1.082778e-01
      vertex 1.956295e+00 4.158234e-01 1.224647e-16
    endloop
  endfacet
  facet normal -9.655726e-01 -2.587244e-01 -2.704230e-02
    outer loop
      vertex 1.953426e+00 4.152135e-01 1.082778e-01
      vertex 1.899323e+00 6.171276e-01 1.082778e-01
      vertex 1.956295e+00 4.158234e-01 1.224647e-16
    endloop
  endfacet
  facet normal -9.655726e-01 -2.587244e-01 -2.704230e-02
    outer loop
      vertex 1.956295e+00 4.158234e-01 1.224647e-16
      vertex 1.899323e+00 6.171276e-01 1.082778e-01
      vertex 1.902113e+00 6.180340e-01 1.224647e-16
    endloop
  endfacet
  facet normal -9.332390e-01 -3.582369e-01 -2.704230e-02
    outer loop
      vertex 1.899323e+00 6.171276e-01 1.082778e-01
      vertex 1.824411e+00 8.122803e-01 1.082778e-01
      vertex 1.902113e+00 6.180340e-01 1.224647e-16
    endloop
  endfacet
  facet normal -9.332390e-01 -3.582369e-01 -2.704230e-02
    outer loop
      vertex 1.902113e+00 6.180340e-01 1.224647e-16
      vertex 1.824411e+00 8.122803e-01 1.082778e-01
      vertex 1.827091e+00 8.134733e-01 1.224647e-16
    endloop
  endfacet
  facet normal -8.906807e-01 -4.538245e-01 -2.704230e-02
    outer loop
      vertex 1.824411e+00 8.122803e-01 1.082778e-01
      vertex 1.729511e+00 9.985334e-01 1.082778e-01
      vertex 1.827091e+00 8.134733e-01 1.224647e-16
    endloop
  endfacet
  facet normal -8.906807e-01 -4.538245e-01 -2.704230e-02
    outer loop
      vertex 1.827091e+00 8.134733e-01 1.224647e-16
      vertex 1.729511e+00 9.985334e-01 1.082778e-01
      vertex 1.732051e+00 1.000000e+00 1.224647e-16
    endloop
  endfacet
  facet normal -8.383639e-01 -5.444399e-01 -2.704230e-02
    outer loop
      vertex 1.729511e+00 9.985334e-01 1.082778e-01
      vertex 1.615661e+00 1.173846e+00 1.082778e-01
      vertex 1.732051e+00 1.000000e+00 1.224647e-16
    endloop
  endfacet
  facet normal -8.383639e-01 -5.444399e-01 -2.704230e-02
    outer loop
      vertex 1.732051e+00 1.000000e+00 1.224647e-16
      vertex 1.615661e+00 1.173846e+00 1.082778e-01
      vertex 1.618034e+00 1.175571e+00 1.224647e-16
    endloop
  endfacet
  facet normal -7.768618e-01 -6.290902e-01 -2.704230e-02
    outer loop
      vertex 1.615661e+00 1.173846e+00 1.082778e-01
      vertex 1.484110e+00 1.336299e+00 1.082778e-01
      vertex 1.618034e+00 1.175571e+00 1.224647e-16
    endloop
  endfacet
  facet normal -7.768618e-01 -6.290902e-01 -2.704230e-02
    outer loop
      vertex 1.618034e+00 1.175571e+00 1.224647e-16
      vertex 1.484110e+00 1.336299e+00 1.082778e-01
      vertex 1.486290e+00 1.338261e+00 1.224647e-16
    endloop
  endfacet
  facet normal -7.068482e-01 -7.068482e-01 -2.704230e-02
    outer loop
      vertex 1.484110e+00 1.336299e+00 1.082778e-01
      vertex 1.336299e+00 1.484110e+00 1.082778e-01
      vertex 1.486290e+00 1.338261e+00 1.224647e-16
    endloop
  endfacet
  facet normal -7.068482e-01 -7.068482e-01 -2.704230e-02
    outer loop
      vertex 1.486290e+00 1.338261e+00 1.224647e-16
      vertex 1.336299e+00 1.484110e+00 1.082778e-01
      vertex 1.338261e+00 1.486290e+00 1.224647e-16
    endloop
  endfacet
  facet normal -6.290902e-01 -7.768618e-01 -2.704230e-02
    outer loop
      vertex 1.336299e+00 1.484110e+00 1.082778e-01
      vertex 1.173846e+00 1.615661e+00 1.082778e-01
      vertex 1.338261e+00 1.486290e+00 1.224647e-16
    endloop
  endfacet
  facet normal -6.290902e-01 -7.768618e-01 -2.704230e-02
    outer loop
      vertex 1.338261e+00 1.486290e+00 1.224647e-16
      vertex 1.173846e+00 1.615661e+00 1.082778e-01
      vertex 1.175571e+00 1.618034e+00 1.224647e-16
    endloop
  endfacet
  facet normal -5.444399e-01 -8.383639e-01 -2.704230e-02
    outer loop
      vertex 1.173846e+00 1.615661e+00 1.082778e-01
      vertex 9.985334e-01 1.729511e+00 1.082778e-01
      vertex 1.175571e+00 1.618034e+00 1.224647e-16
    endloop
  endfacet
  facet normal -5.444399e-01 -8.383639e-01 -2.704230e-02
    outer loop
      vertex 1.175571e+00 1.618034e+00 1.224647e-16
      vertex 9.985334e-01 1.729511e+00 1.082778e-01
      vertex 1.000000e+00 1.732051e+00 1.224647e-16
    endloop
  endfacet
  facet normal -4.538245e-01 -8.906807e-01 -2.704230e-02
    outer loop
      vertex 9.985334e-01 1.729511e+00 1.082778e-01
      vertex 8.122803e-01 1.824411e+00 1.082778e-01
      vertex 1.000000e+00 1.732051e+00 1.224647e-16
    endloop
  endfacet
  facet normal -4.538245e-01 -8.906807e-01 -2.704230e-02
    outer loop
      vertex 1.000000e+00 1.732051e+00 1.224647e-16
      vertex 8.122803e-01 1.824411e+00 1.082778e-01
      vertex 8.134733e-01 1.827091e+00 1.224647e-16
    endloop
  endfacet
  facet normal -3.582369e-01 -9.332390e-01 -2.704230e-02
    outer loop
      vertex 8.122803e-01 1.824411e+00 1.082778e-01
      vertex 6.171276e-01 1.899323e+00 1.082778e-01
      vertex 8.134733e-01 1.827091e+00 1.224647e-16
    endloop
  endfacet
  facet normal -3.582369e-01 -9.332390e-01 -2.704230e-02
    outer loop
      vertex 8.134733e-01 1.827091e+00 1.224647e-16
      vertex 6.171276e-01 1.899323e+00 1.082778e-01
      vertex 6.180340e-01 1.902113e+00 1.224647e-16
    endloop
  endfacet
  facet normal -2.587244e-01 -9.655726e-01 -2.704230e-02
    outer loop
      vertex 6.171276e-01 1.899323e+00 1.082778e-01
      vertex 4.152135e-01 1.953426e+00 1.082778e-01
      vertex 6.180340e-01 1.902113e+00 1.224647e-16
    endloop
  endfacet
  facet normal -2.587244e-01 -9.655726e-01 -2.704230e-02
    outer loop
      vertex 6.180340e-01 1.902113e+00 1.224647e-16
      vertex 4.152135e-01 1.953426e+00 1.082778e-01
      vertex 4.158234e-01 1.956295e+00 1.224647e-16
    endloop
  endfacet
  facet normal -1.563773e-01 -9.873271e-01 -2.704230e-02
    outer loop
      vertex 4.152135e-01 1.953426e+00 1.082778e-01
      vertex 2.087503e-01 1.986127e+00 1.082778e-01
      vertex 4.158234e-01 1.956295e+00 1.224647e-16
    endloop
  endfacet
  facet normal -1.563773e-01 -9.873271e-01 -2.704230e-02
    outer loop
      vertex 4.158234e-01 1.956295e+00 1.224647e-16
      vertex 2.087503e-01 1.986127e+00 1.082778e-01
      vertex 2.090569e-01 1.989044e+00 1.224647e-16
    endloop
  endfacet
  facet normal -5.231682e-02 -9.982643e-01 -2.704230e-02
    outer loop
      vertex 2.087503e-01 1.986127e+00 1.082778e-01
      vertex 1.222851e-16 1.997067e+00 1.082778e-01
      vertex 2.090569e-01 1.989044e+00 1.224647e-16
    endloop
  endfacet
  facet normal -5.231682e-02 -9.982643e-01 -2.704230e-02
    outer loop
      vertex 2.090569e-01 1.989044e+00 1.224647e-16
      vertex 1.222851e-16 1.997067e+00 1.082778e-01
      vertex 1.224647e-16 2.000000e+00 1.224647e-16
    endloop
  endfacet
  facet normal 5.231682e-02 -9.982643e-01 -2.704230e-02
    outer loop
      vertex 1.222851e-16 1.997067e+00 1.082778e-01
      vertex -2.087503e-01 1.986127e+00 1.082778e-01
      vertex 1.224647e-16 2.000000e+00 1.224647e-16
    endloop
  endfacet
  facet normal 5.231682e-02 -9.982643e-01 -2.704230e-02
    outer loop
      vertex 1.224647e-16 2.000000e+00 1.224647e-16
      vertex -2.087503e-01 1.986127e+00 1.082778e-01
      vertex -2.090569e-01 1.989044e+00 1.224647e-16
    endloop
  endfacet
  facet normal 1.563773e-01 -9.873271e-01 -2.704230e-02
    outer loop
      vertex -2.087503e-01 1.986127e+00 1.082778e-01
      vertex -4.152135e-01 1.953426e+00 1.082778e-01
      vertex -2.090569e-01 1.989044e+00 1.224647e-16
    endloop
  endfacet
  facet normal 1.563773e-01 -9.873271e-01 -2.704230e-02
    outer loop
      vertex -2.090569e-01 1.989044e+00 1.224647e-16
      vertex -4.152135e-01 1.953426e+00 1.082778e-01
      vertex -4.158234e-01 1.956295e+00 1.224647e-16
    endloop
  endfacet
  facet normal 2.587244e-01 -9.655726e-01 -2.704230e-02
    outer loop
      vertex -4.152135e-01 1.953426e+00 1.082778e-01
      vertex -6.171276e-01 1.899323e+00 1.082778e-01
      vertex -4.158234e-01 1.956295e+00 1.224647e-16
    endloop
  endfacet
  facet normal 2.587244e-01 -9.655726e-01 -2.704230e-02
    outer loop
      vertex -4.158234e-01 1.956295e+00 1.224647e-16
      vertex -6.171276e-01 1.899323e+00 1.082778e-01
      vertex -6.180340e-01 1.902113e+00 1.224647e-16
    endloop
  endfacet
  facet normal 3.582369e-01 -9.332390e-01 -2.704230e-02
    outer loop
      vertex -6.171276e-01 1.899323e+00 1.082778e-01
      vertex -8.122803e-01 1.824411e+00 1.082778e-01
      vertex -6.180340e-01 1.902113e+00 1.224647e-16
    endloop
  endfacet
  facet normal 3.582369e-01 -9.332390e-01 -2.704230e-02
    outer loop
      vertex -6.180340e-01 1.902113e+00 1.224647e-16
      vertex -8.122803e-01 1.824411e+00 1.082778e-01
      vertex -8.134733e-01 1.827091e+00 1.224647e-16
    endloop
  endfacet
  facet normal 4.538245e-01 -8.906807e-01 -2.704230e-02
    outer loop
      vertex -8.122803e-01 1.824411e+00 1.082778e-01
      vertex -9.985334e-01 1.729511e+00 1.082778e-01
      vertex -8.134733e-01 1.827091e+00 1.224647e-16
    endloop
  endfacet
  facet normal 4.538245e-01 -8.906807e-01 -2.704230e-02
    outer loop
      vertex -8.134733e-01 1.827091e+00 1.224647e-16
      vertex -9.985334e-01 1.729511e+00 1.082778e-01
      vertex -1.000000e+00 1.732051e+00 1.224647e-16
    endloop
  endfacet
  facet normal 5.444399e-01 -8.383639e-01 -2.704230e-02
    outer loop
      vertex -9.985334e-01 1.729511e+00 1.082778e-01
      vertex -1.173846e+00 1.615661e+00 1.082778e-01
      vertex -1.000000e+00 1.732051e+00 1.224647e-16
    endloop
  endfacet
  facet normal 5.444399e-01 -8.383639e-01 -2.704230e-02
    outer loop
      vertex -1.000000e+00 1.732051e+00 1.224647e-16
      vertex -1.173846e+00 1.615661e+00 1.082778e-01
      vertex -1.175571e+00 1.618034e+00 1.224647e-16
    endloop
  endfacet
  facet normal 6.290902e-01 -7.768618e-01 -2.704230e-02
    outer loop
      vertex -1.173846e+00 1.615661e+00 1.082778e-01
      vertex -1.336299e+00 1.484110e+00 1.082778e-01
      vertex -1.175571e+00 1.618034e+00 1.224647e-16
    endloop
  endfacet
  facet normal 6.290902e-01 -7.768618e-01 -2.704230e-02
    outer loop
      vertex -1.175571e+00 1.618034e+00 1.224647e-16
      vertex -1.336299e+00 1.484110e+00 1.082778e-01
      vertex -1.338261e+00 1.486290e+00 1.224647e-16
    endloop
  endfacet
  facet normal 7.068482e-01 -7.068482e-01 -2.704230e-02
    outer loop
      vertex -1.336299e+00 1.484110e+00 1.082778e-01
      vertex -1.484110e+00 1.336299e+00 1.082778e-01
      vertex -1.338261e+00 1.486290e+00 1.224647e-16
    endloop
  endfacet
  facet normal 7.068482e-01 -7.068482e-01 -2.704230e-02
    outer loop
      vertex -1.338261e+00 1.486290e+00 1.224647e-16
      vertex -1.484110e+00 1.336299e+00 1.082778e-01
      vertex -1.486290e+00 1.338261e+00 1.224647e-16
    endloop
  endfacet
  facet normal 7.768618e-01 -6.290902e-01 -2.704230e-02
    outer loop
      vertex -1.484110e+00 1.336299e+00 1.082778e-01
      vertex -1.615661e+00 1.173846e+00 1.082778e-01
      vertex -1.486290e+00 1.338261e+00 1.224647e-16
    endloop
  endfacet
  facet normal 7.768618e-01 -6.290902e-01 -2.704230e-02
    outer loop
      vertex -1.486290e+00 1.338261e+00 1.224647e-16
      vertex -1.615661e+00 1.173846e+00 1.082778e-01
      vertex -1.618034e+00 1.175571e+00 1.224647e-16
    endloop
  endfacet
  facet normal 8.383639e-01 -5.444399e-01 -2.704230e-02
    outer loop
      vertex -1.615661e+00 1.173846e+00 1.082778e-01
      vertex -1.729511e+00 9.985334e-01 1.082778e-01
      vertex -1.618034e+00 1.175571e+00 1.224647e-16
    endloop
  endfacet
  facet normal 8.383639e-01 -5.444399e-01 -2.704230e-02
    outer loop
      vertex -1.618034e+00 1.175571e+00 1.224647e-16
      vertex -1.729511e+00 9.985334e-01 1.082778e-01
      vertex -1.732051e+00 1.000000e+00 1.224647e-16
    endloop
  endfacet
  facet normal 8.906807e-01 -4.538245e-01 -2.704230e-02
    outer loop
      vertex -1.729511e+00 9.985334e-01 1.082778e-01
      vertex -1.824411e+00 8.122803e-01 1.082778e-01
      vertex -1.732051e+00 1.000000e+00 1.224647e-16
    endloop
  endfacet
  facet normal 8.906807e-01 -4.538245e-01 -2.704230e-02
    outer loop
      vertex -1.732051e+00 1.000000e+00 1.224647e-16
      vertex -1.824411e+00 8.122803e-01 1.082778e-01
      vertex -1.827091e+00 8.134733e-01 1.224647e-16
    endloop
  endfacet
  facet normal 9.332390e-01 -3.582369e-01 -2.704230e-02
    outer loop
      vertex -1.824411e+00 8.122803e-01 1.082778e-01
      vertex -1.899323e+00 6.171276e-01 1.082778e-01
      vertex -1.827091e+00 8.134733e-01 1.224647e-16
    endloop
  endfacet
  facet normal 9.332390e-01 -3.582369e-01 -2.704230e-02
    outer loop
      vertex -1.827091e+00 8.134733e-01 1.224647e-16
      vertex -1.899323e+00 6.171276e-01 1.082778e-01
      vertex -1.902113e+00 6.180340e-01 1.224647e-16
    endloop
  endfacet
  facet normal 9.655726e-01 -2.587244e-01 -2.704230e-02
    outer loop
      vertex -1.899323e+00 6.171276e-01 1.082778e-01
      vertex -1.953426e+00 4.152135e-01 1.082778e-01
      vertex -1.902113e+00 6.180340e-01 1.224647e-16
    endloop
  endfacet
  facet normal 9.655726e-01 -2.587244e-01 -2.704230e-02
    outer loop
      vertex -1.902113e+00 6.180340e-01 1.224647e-16
      vertex -1.953426e+00 4.152135e-01 1.082778e-01
      vertex -1.956295e+00 4.158234e-01 1.224647e-16
    endloop
  endfacet
  facet normal 9.873271e-01 -1.563773e-01 -2.704230e-02
    outer loop
      vertex -1.953426e+00 4.152135e-01 1.082778e-01
      vertex -1.986127e+00 2.087503e-01 1.082778e-01
      vertex -1.956295e+00 4.158234e-01 1.224647e-16
    endloop
  endfacet
  facet normal 9.873271e-01 -1.563773e-01 -2.704230e-02
    outer loop
      vertex -1.956295e+00 4.158234e-01 1.224647e-16
      vertex -1.986127e+00 2.087503e-01 1.082778e-01
      vertex -1.989044e+00 2.090569e-01 1.224647e-16
    endloop
  endfacet
  facet normal 9.982643e-01 -5.231682e-02 -2.704230e-02
    outer loop
      vertex -1.986127e+00 2.087503e-01 1.082778e-01
      vertex -1.997067e+00 2.445701e-16 1.082778e-01
      vertex -1.989044e+00 2.090569e-01 1.224647e-16
    endloop
  endfacet
  facet normal 9.982643e-01 -5.231682e-02 -2.704230e-02
    outer loop
      vertex -1.989044e+00 2.090569e-01 1.224647e-16
      vertex -1.997067e+00 2.445701e-16 1.082778e-01
      vertex -2.000000e+00 2.449294e-16 1.224647e-16
    endloop
  endfacet
  facet normal 9.982643e-01 5.231682e-02 -2.704230e-02
    outer loop
      vertex -1.997067e+00 2.445701e-16 1.082778e-01
      vertex -1.986127e+00 -2.087503e-01 1.082778e-01
      vertex -2.000000e+00 2.449294e-16 1.224647e-16
    endloop
  endfacet
  facet normal 9.982643e-01 5.231682e-02 -2.704230e-02
    outer loop
      vertex -2.000000e+00 2.449294e-16 1.224647e-16
      vertex -1.986127e+00 -2.087503e-01 1.082778e-01
      vertex -1.989044e+00 -2.090569e-01 1.224647e-16
    endloop
  endfacet
  facet normal 9.873271e-01 1.563773e-01 -2.704230e-02
    outer loop
      vertex -1.986127e+00 -2.087503e-01 1.082778e-01
      vertex -1.953426e+00 -4.152135e-01 1.082778e-01
      vertex -1.989044e+00 -2.090569e-01 1.224647e-16
    endloop
  endfacet
  facet normal 9.873271e-01 1.563773e-01 -2.704230e-02
    outer loop
      vertex -1.989044e+00 -2.090569e-01 1.224647e-16
      vertex -1.953426e+00 -4.152135e-01 1.082778e-01
      vertex -1.956295e+00 -4.158234e-01 1.224647e-16
    endloop
  endfacet
  facet normal 9.655726e-01 2.587244e-01 -2.704230e-02
    outer loop
      vertex -1.953426e+00 -4.152135e-01 1.082778e-01
      vertex -1.899323e+00 -6.171276e-01 1.082778e-01
      vertex -1.956295e+00 -4.158234e-01 1.224647e-16
    endloop
  endfacet
  facet normal 9.655726e-01 2.587244e-01 -2.704230e-02
    outer loop
      vertex -1.956295e+00 -4.158234e-01 1.224647e-16
      vertex -1.899323e+00 -6.171276e-01 1.082778e-01
      vertex -1.902113e+00 -6.180340e-01 1.224647e-16
    endloop
  endfacet
  facet normal 9.332390e-01 3.582369e-01 -2.704230e-02
    outer loop
      vertex -1.899323e+00 -6.171276e-01 1.082778e-01
      vertex -1.824411e+00 -8.122803e-01 1.082778e-01
      vertex -1.902113e+00 -6.180340e-01 1.224647e-16
    endloop
  endfacet
  facet normal 9.332390e-01 3.582369e-01 -2.704230e-02
    outer loop
      vertex -1.902113e+00 -6.180340e-01 1.224647e-16
      vertex -1.824411e+00 -8.122803e-01 1.082778e-01
      vertex -1.827091e+00 -8.134733e-01 1.224647e-16
    endloop
  endfacet
  facet normal 8.906807e-01 4.538245e-01 -2.704230e-02
    outer loop
      vertex -1.824411e+00 -8.122803e-01 1.082778e-01
      vertex -1.729511e+00 -9.985334e-01 1.082778e-01
      vertex -1.827091e+00 -8.134733e-01 1.224647e-16
    endloop
  endfacet
  facet normal 8.906807e-01 4.538245e-01 -2.704230e-02
    outer loop
      vertex -1.827091e+00 -8.134733e-01 1.224647e-16
      vertex -1.729511e+00 -9.985334e-01 1.082778e-01
      vertex -1.732051e+00 -1.000000e+00 1.224647e-16
    endloop
  endfacet
  facet normal 8.383639e-01 5.444399e-01 -2.704230e-02
    outer loop
      vertex -1.729511e+00 -9.985334e-01 1.082778e-01
      vertex -1.615661e+00 -1.173846e+00 1.082778e-01
      vertex -1.732051e+00 -1.000000e+00 1.224647e-16
    endloop
  endfacet
  facet normal 8.383639e-01 5.444399e-01 -2.704230e-02
    outer loop
      vertex -1.732051e+00 -1.000000e+00 1.224647e-16
      vertex -1.615661e+00 -1.173846e+00 1.082778e-01
      vertex -1.618034e+00 -1.175571e+00 1.224647e-16
    endloop
  endfacet
  facet normal 7.768618e-01 6.290902e-01 -2.704230e-02
    outer loop
      vertex -1.615661e+00 -1.173846e+00 1.082778e-01
      vertex -1.484110e+00 -1.336299e+00 1.082778e-01
      vertex -1.618034e+00 -1.175571e+00 1.224647e-16
    endloop
  endfacet
  facet normal 7.768618e-01 6.290902e-01 -2.704230e-02
    outer loop
      vertex -1.618034e+00 -1.175571e+00 1.224647e-16
      vertex -1.484110e+00 -1.336299e+00 1.082778e-01
      vertex -1.486290e+00 -1.338261e+00 1.224647e-16
    endloop
  endfacet
  facet normal 7.068482e-01 7.068482e-01 -2.704230e-02
    outer loop
      vertex -1.484110e+00 -1.336299e+00 1.082778e-01
      vertex -1.336299e+00 -1.484110e+00 1.082778e-01
      vertex -1.486290e+00 -1.338261e+00 1.224647e-16
    endloop
  endfacet
  facet normal 7.068482e-01 7.068482e-01 -2.704230e-02
    outer loop
      vertex -1.486290e+00 -1.338261e+00 1.224647e-16
      vertex -1.336299e+00 -1.484110e+00 1.082778e-01
      vertex -1.338261e+00 -1.486290e+00 1.224647e-16
    endloop
  endfacet
  facet normal 6.290902e-01 7.768618e-01 -2.704230e-02
    outer loop
      vertex -1.336299e+00 -1.484110e+00 1.082778e-01
      vertex -1.173846e+00 -1.615661e+00 1.082778e-01
      vertex -1.338261e+00 -1.486290e+00 1.224647e-16
    endloop
  endfacet
  facet normal 6.290902e-01 7.768618e-01 -2.704230e-02
    outer loop
      vertex -1.338261e+00 -1.486290e+00 1.224647e-16
      vertex -1.173846e+00 -1.615661e+00 1.082778e-01
      vertex -1.175571e+00 -1.618034e+00 1.224647e-16
    endloop
  endfacet
  facet normal 5.444399e-01 8.383639e-01 -2.704230e-02
    outer loop
      vertex -1.173846e+00 -1.615661e+00 1.082778e-01
      vertex -9.985334e-01 -1.729511e+00 1.082778e-01
      vertex -1.175571e+00 -1.618034e+00 1.224647e-16
    endloop
  endfacet
  facet normal 5.444399e-01 8.383639e-01 -2.704230e-02
    outer loop
      vertex -1.175571e+00 -1.618034e+00 1.224647e-16
      vertex -9.985334e-01 -1.729511e+00 1.082778e-01
      vertex -1.000000e+00 -1.732051e+00 1.224647e-16
    endloop
  endfacet
  facet normal 4.538245e-01 8.906807e-01 -2.704230e-02
    outer loop
      vertex -9.985334e-01 -1.729511e+00 1.082778e-01
      vertex -8.122803e-01 -1.824411e+00 1.082778e-01
      vertex -1.000000e+00 -1.732051e+00 1.224647e-16
    endloop
  endfacet
  facet normal 4.538245e-01 8.906807e-01 -2.704230e-02
    outer loop
      vertex -1.000000e+00 -1.732051e+00 1.224647e-16
      vertex -8.122803e-01 -1.824411e+00 1.082778e-01
      vertex -8.134733e-01 -1.827091e+00 1.224647e-16
    endloop
  endfacet
  facet normal 3.582369e-01 9.332390e-01 -2.704230e-02
    outer loop
      vertex -8.122803e-01 -1.824411e+00 1.082778e-01
      vertex -6.171276e-01 -1.899323e+00 1.082778e-01
      vertex -8.134733e-01 -1.827091e+00 1.224647e-16
    endloop
  endfacet
  facet normal 3.582369e-01 9.332390e-01 -2.704230e-02
    outer loop
      vertex -8.134733e-01 -1.827091e+00 1.224647e-16
      vertex -6.171276e-01 -1.899323e+00 1.082778e-01
      vertex -6.180340e-01 -1.902113e+00 1.224647e-16
    endloop
  endfacet
  facet normal 2.587244e-01 9.655726e-01 -2.704230e-02
    outer loop
      vertex -6.171276e-01 -1.899323e+00 1.082778e-01
      vertex -4.152135e-01 -1.953426e+00 1.082778e-01
      vertex -6.180340e-01 -1.902113e+00 1.224647e-16
    endloop
  endfacet
  facet normal 2.587244e-01 9.655726e-01 -2.704230e-02
    outer loop
      vertex -6.180340e-01 -1.902113e+00 1.224647e-16
      vertex -4.152135e-01 -1.953426e+00 1.082778e-01
      vertex -4.158234e-01 -1.956295e+00 1.224647e-16
    endloop
  endfacet
  facet normal 1.563773e-01 9.873271e-01 -2.704230e-02
    outer loop
      vertex -4.152135e-01 -1.953426e+00 1.082778e-01
      vertex -2.087503e-01 -1.986127e+00 1.082778e-01
      vertex -4.158234e-01 -1.956295e+00 1.224647e-16
    endloop
  endfacet
  facet normal 1.563773e-01 9.873271e-01 -2.704230e-02
    outer loop
      vertex -4.158234e-01 -1.956295e+00 1.224647e-16
      vertex -2.087503e-01 -1.986127e+00 1.082778e-01
      vertex -2.090569e-01 -1.989044e+00 1.224647e-16
    endloop
  endfacet
  facet normal 5.231682e-02 9.982643e-01 -2.704230e-02
    outer loop
      vertex -2.087503e-01 -1.986127e+00 1.082778e-01
      vertex -3.668552e-16 -1.997067e+00 1.082778e-01
      vertex -2.090569e-01 -1.989044e+00 1.224647e-16
    endloop
  endfacet
  facet normal 5.231682e-02 9.982643e-01 -2.704230e-02
    outer loop
      vertex -2.090569e-01 -1.989044e+00 1.224647e-16
      vertex -3.668552e-16 -1.997067e+00 1.082778e-01
      vertex -3.673940e-16 -2.000000e+00 1.224647e-16
    endloop
  endfacet
  facet normal -5.231682e-02 9.982643e-01 -2.704230e-02
    outer loop
      vertex -3.668552e-16 -1.997067e+00 1.082778e-01
      vertex 2.087503e-01 -1.986127e+00 1.082778e-01
      vertex -3.673940e-16 -2.000000e+00 1.224647e-16
    endloop
  endfacet
  facet normal -5.231682e-02 9.982643e-01 -2.704230e-02
    outer loop
      vertex -3.673940e-16 -2.000000e+00 1.224647e-16
      vertex 2.087503e-01 -1.986127e+00 1.082778e-01
      vertex 2.090569e-01 -1.989044e+00 1.224647e-16
    endloop
  endfacet
  facet normal -1.563773e-01 9.873271e-01 -2.704230e-02
    outer loop
      vertex 2.087503e-01 -1.986127e+00 1.082778e-01
      vertex 4.152135e-01 -1.953426e+00 1.082778e-01
      vertex 2.090569e-01 -1.989044e+00 1.224647e-16
    endloop
  endfacet
  facet normal -1.563773e-01 9.873271e-01 -2.704230e-02
    outer loop
      vertex 2.090569e-01 -1.989044e+00 1.224647e-16
      vertex 4.152135e-01 -1.953426e+00 1.082778e-01
      vertex 4.158234e-01 -1.956295e+00 1.224647e-16
    endloop
  endfacet
  facet normal -2.587244e-01 9.655726e-01 -2.704230e-02
    outer loop
      vertex 4.152135e-01 -1.953426e+00 1.082778e-01
      vertex 6.171276e-01 -1.899323e+00 1.082778e-01
      vertex 4.158234e-01 -1.956295e+00 1.224647e-16
    endloop
  endfacet
  facet normal -2.587244e-01 9.655726e-01 -2.704230e-02
    outer loop
      vertex 4.158234e-01 -1.956295e+00 1.224647e-16
      vertex 6.171276e-01 -1.899323e+00 1.082778e-01
      vertex 6.180340e-01 -1.902113e+00 1.224647e-16
    endloop
  endfacet
  facet normal -3.582369e-01 9.332390e-01 -2.704230e-02
    outer loop
      vertex 6.171276e-01 -1.899323e+00 1.082778e-01
      vertex 8.122803e-01 -1.824411e+00 1.082778e-01
      vertex 6.180340e-01 -1.902113e+00 1.224647e-16
    endloop
  endfacet
  facet normal -3.582369e-01 9.332390e-01 -2.704230e-02
    outer loop
      vertex 6.180340e-01 -1.902113e+00 1.224647e-16
      vertex 8.122803e-01 -1.824411e+00 1.082778e-01
      vertex 8.134733e-01 -1.827091e+00 1.224647e-16
    endloop
  endfacet
  facet normal -4.538245e-01 8.906807e-01 -2.704230e-02
    outer loop
      vertex 8.122803e-01 -1.824411e+00 1.082778e-01
      vertex 9.985334e-01 -1.729511e+00 1.082778e-01
      vertex 8.134733e-01 -1.827091e+00 1.224647e-16
    endloop
  endfacet
  facet normal -4.538245e-01 8.906807e-01 -2.704230e-02
    outer loop
      vertex 8.134733e-01 -1.827091e+00 1.224647e-16
      vertex 9.985334e-01 -1.729511e+00 1.082778e-01
      vertex 1.000000e+00 -1.732051e+00 1.224647e-16
    endloop
  endfacet
  facet normal -5.444399e-01 8.383639e-01 -2.704230e-02
    outer loop
      vertex 9.985334e-01 -1.729511e+00 1.082778e-01
      vertex 1.173846e+00 -1.615661e+00 1.082778e-01
      vertex 1.000000e+00 -1.732051e+00 1.224647e-16
    endloop
  endfacet
  facet normal -5.444399e-01 8.383639e-01 -2.704230e-02
    outer loop
      vertex 1.000000e+00 -1.732051e+00 1.224647e-16
      vertex 1.173846e+00 -1.615661e+00 1.082778e-01
      vertex 1.175571e+00 -1.618034e+00 1.224647e-16
    endloop
  endfacet
  facet normal -6.290902e-01 7.768618e-01 -2.704230e-02
    outer loop
      vertex 1.173846e+00 -1.615661e+00 1.082778e-01
      vertex 1.336299e+00 -1.484110e+00 1.082778e-01
      vertex 1.175571e+00 -1.618034e+00 1.224647e-16
    endloop
  endfacet
  facet normal -6.290902e-01 7.768618e-01 -2.704230e-02
    outer loop
      vertex 1.175571e+00 -1.618034e+00 1.224647e-16
      vertex 1.336299e+00 -1.484110e+00 1.082778e-01
      vertex 1.338261e+00 -1.486290e+00 1.224647e-16
    endloop
  endfacet
  facet normal -7.068482e-01 7.068482e-01 -2.704230e-02
    outer loop
      vertex 1.336299e+00 -1.484110e+00 1.082778e-01
      vertex 1.484110e+00 -1.336299e+00 1.082778e-01
      vertex 1.338261e+00 -1.486290e+00 1.224647e-16
    endloop
  endfacet
  facet normal -7.068482e-01 7.068482e-01 -2.704230e-02
    outer loop
      vertex 1.338261e+00 -1.486290e+00 1.224647e-16
      vertex 1.484110e+00 -1.336299e+00 1.082778e-01
      vertex 1.486290e+00 -1.338261e+00 1.224647e-16
    endloop
  endfacet
  facet normal -7.768618e-01 6.290902e-01 -2.704230e-02
    outer loop
      vertex 1.484110e+00 -1.336299e+00 1.082778e-01
      vertex 1.615661e+00 -1.173846e+00 1.082778e-01
      vertex 1.486290e+00 -1.338261e+00 1.224647e-16
    endloop
  endfacet
  facet normal -7.768618e-01 6.290902e-01 -2.704230e-02
    outer loop
      vertex 1.486290e+00 -1.338261e+00 1.224647e-16
      vertex 1.615661e+00 -1.173846e+00 1.082778e-01
      vertex 1.618034e+00 -1.175571e+00 1.224647e-16
    endloop
  endfacet
  facet normal -8.383639e-01 5.444399e-01 -2.704230e-02
    outer loop
      vertex 1.615661e+00 -1.173846e+00 1.082778e-01
      vertex 1.729511e+00 -9.985334e-01 1.082778e-01
      vertex 1.618034e+00 -1.175571e+00 1.224647e-16
    endloop
  endfacet
  facet normal -8.383639e-01 5.444399e-01 -2.704230e-02
    outer loop
      vertex 1.618034e+00 -1.175571e+00 1.224647e-16
      vertex 1.729511e+00 -9.985334e-01 1.082778e-01
      vertex 1.732051e+00 -1.000000e+00 1.224647e-16
    endloop
  endfacet
  facet normal -8.906807e-01 4.538245e-01 -2.704230e-02
    outer loop
      vertex 1.729511e+00 -9.985334e-01 1.082778e-01
      vertex 1.824411e+00 -8.122803e-01 1.082778e-01
      vertex 1.732051e+00 -1.000000e+00 1.224647e-16
    endloop
  endfacet
  facet normal -8.906807e-01 4.538245e-01 -2.704230e-02
    outer loop
      vertex 1.732051e+00 -1.000000e+00 1.224647e-16
      vertex 1.824411e+00 -8.122803e-01 1.082778e-01
      vertex 1.827091e+00 -8.134733e-01 1.224647e-16
    endloop
  endfacet
  facet normal -9.332390e-01 3.582369e-01 -2.704230e-02
    outer loop
      vertex 1.824411e+00 -8.122803e-01 1.082778e-01
      vertex 1.899323e+00 -6.171276e-01 1.082778e-01
      vertex 1.827091e+00 -8.134733e-01 1.224647e-16
    endloop
  endfacet
  facet normal -9.332390e-01 3.582369e-01 -2.704230e-02
    outer loop
      vertex 1.827091e+00 -8.134733e-01 1.224647e-16
      vertex 1.899323e+00 -6.171276e-01 1.082778e-01
      vertex 1.902113e+00 -6.180340e-01 1.224647e-16
    endloop
  endfacet
  facet normal -9.655726e-01 2.587244e-01 -2.704230e-02
    outer loop
      vertex 1.899323e+00 -6.171276e-01 1.082778e-01
      vertex 1.953426e+00 -4.152135e-01 1.082778e-01
      vertex 1.902113e+00 -6.180340e-01 1.224647e-16
    endloop
  endfacet
  facet normal -9.655726e-01 2.587244e-01 -2.704230e-02
    outer loop
      vertex 1.902113e+00 -6.180340e-01 1.224647e-16
      vertex 1.953426e+00 -4.152135e-01 1.082778e-01
      vertex 1.956295e+00 -4.158234e-01 1.224647e-16
    endloop
  endfacet
  facet normal -9.873271e-01 1.563773e-01 -2.704230e-02
    outer loop
      vertex 1.953426e+00 -4.152135e-01 1.082778e-01
      vertex 1.986127e+00 -2.087503e-01 1.082778e-01
      vertex 1.956295e+00 -4.158234e-01 1.224647e-16
    endloop
  endfacet
  facet normal -9.873271e-01 1.563773e-01 -2.704230e-02
    outer loop
      vertex 1.956295e+00 -4.158234e-01 1.224647e-16
      vertex 1.986127e+00 -2.087503e-01 1.082778e-01
      vertex 1.989044e+00 -2.090569e-01 1.224647e-16
    endloop
  endfacet
  facet normal -9.982643e-01 5.231682e-02 -2.704230e-02
    outer loop
      vertex 1.986127e+00 -2.087503e-01 1.082778e-01
      vertex 1.997067e+00 0.000000e+00 1.082778e-01
      vertex 1.989044e+00 -2.090569e-01 1.224647e-16
    endloop
  endfacet
  facet normal -9.982643e-01 5.231682e-02 -2.704230e-02
    outer loop
      vertex 1.989044e+00 -2.090569e-01 1.224647e-16
      vertex 1.997067e+00 0.000000e+00 1.082778e-01
      vertex 2.000000e+00 0.000000e+00 1.224647e-16
    endloop
  endfacet
endsolid dome_surf
solid ground_inside
  facet normal 0.000000e+00 0.000000e+00 -1.000000e+00
    outer loop
      vertex 0.000000e+00 0.000000e+00 0.000000e+00
      vertex 1.989044e+00 2.090569e-01 0.000000e+00
      vertex 2.000000e+00 0.000000e+00 0.000000e+00
    endloop
  endfacet
  facet normal 0.000000e+00 0.000000e+00 -1.000000e+00
    outer loop
      vertex 0.000000e+00 0.000000e+00 0.000000e+00
      vertex 1.956295e+00 4.158234e-01 0.000000e+00
      vertex 1.989044e+00 2.090569e-01 0.000000e+00
    endloop
  endfacet
  facet normal 0.000000e+00 0.000000e+00 -1.000000e+00
    outer loop
      vertex 0.000000e+00 0.000000e+00 0.000000e+00
      vertex 1.902113e+00 6.180340e-01 0.000000e+00
      vertex 1.956295e+00 4.158234e-01 0.000000e+00
    endloop
  endfacet
  facet normal 0.000000e+00 0.000000e+00 -1.000000e+00
    outer loop
      vertex 0.000000e+00 0.000000e+00 0.000000e+00
      vertex 1.827091e+00 8.134733e-01 0.000000e+00
      vertex 1.902113e+00 6.180340e-01 0.000000e+00
    endloop
  endfacet
  facet normal 0.000000e+00 0.000000e+00 -1.000000e+00
    outer loop
      vertex 0.000000e+00 0.000000e+00 0.000000e+00
      vertex 1.732051e+00 1.000000e+00 0.000000e+00
      vertex 1.827091e+00 8.134733e-01 0.000000e+00
    endloop
  endfacet
  facet normal 0.000000e+00 0.000000e+00 -1.000000e+00
    outer loop
      vertex 0.000000e+00 0.000000e+00 0.000000e+00
      vertex 1.618034e+00 1.175571e+00 0.000000e+00
      vertex 1.732051e+00 1.000000e+00 0.000000e+00
    endloop
  endfacet
  facet normal 0.000000e+00 0.000000e+00 -1.000000e+00
    outer loop
      vertex 0.000000e+00 0.000000e+00 0.000000e+00
      vertex 1.486290e+00 1.338261e+00 0.000000e+00
      vertex 1.618034e+00 1.175571e+00 0.000000e+00
    endloop
  endfacet
  facet normal 0.000000e+00 0.000000e+00 -1.000000e+00
    outer loop
      vertex 0.000000e+00 0.000000e+00 0.000000e+00
      vertex 1.338261e+00 1.486290e+00 0.000000e+00
      vertex 1.486290e+00 1.338261e+00 0.000000e+00
    endloop
  endfacet
  facet normal 0.000000e+00 0.000000e+00 -1.000000e+00
    outer loop
      vertex 0.000000e+00 0.000000e+00 0.000000e+00
      vertex 1.175571e+00 1.618034e+00 0.000000e+00
      vertex 1.338261e+00 1.486290e+00 0.000000e+00
    endloop
  endfacet
  facet normal 0.000000e+00 0.000000e+00 -1.000000e+00
    outer loop
      vertex 0.000000e+00 0.000000e+00 0.000000e+00
      vertex 1.000000e+00 1.732051e+00 0.000000e+00
      vertex 1.175571e+00 1.618034e+00 0.000000e+00
    endloop
  endfacet
  facet normal 0.000000e+00 0.000000e+00 -1.000000e+00
    outer loop
      vertex 0.000000e+00 0.000000e+00 0.000000e+00
      vertex 8.134733e-01 1.827091e+00 0.000000e+00
      vertex 1.000000e+00 1.732051e+00 0.000000e+00
    endloop
  endfacet
  facet normal 0.000000e+00 0.000000e+00 -1.000000e+00
    outer loop
      vertex 0.000000e+00 0.000000e+00 0.000000e+00
      vertex 6.180340e-01 1.902113e+00 0.000000e+00
      vertex 8.134733e-01 1.827091e+00 0.000000e+00
    endloop
  endfacet
  facet normal 0.000000e+00 0.000000e+00 -1.000000e+00
    outer loop
      vertex 0.000000e+00 0.000000e+00 0.000000e+00
      vertex 4.158234e-01 1.956295e+00 0.000000e+00
      vertex 6.180340e-01 1.902113e+00 0.000000e+00
    endloop
  endfacet
  facet normal 0.000000e+00 0.000000e+00 -1.000000e+00
    outer loop
      vertex 0.000000e+00 0.000000e+00 0.000000e+00
      vertex 2.090569e-01 1.989044e+00 0.000000e+00
      vertex 4.158234e-01 1.956295e+00 0.000000e+00
    endloop
  endfacet
  facet normal 0.000000e+00 0.000000e+00 -1.000000e+00
    outer loop
      vertex 0.000000e+00 0.000000e+00 0.000000e+00
      vertex 1.224647e-16 2.000000e+00 0.000000e+00
      vertex 2.090569e-01 1.989044e+00 0.000000e+00
    endloop
  endfacet
  facet normal 0.000000e+00 0.000000e+00 -1.000000e+00
    outer loop
      vertex 0.000000e+00 0.000000e+00 0.000000e+00
      vertex -2.090569e-01 1.989044e+00 0.000000e+00
      vertex 1.224647e-16 2.000000e+00 0.000000e+00
    endloop
  endfacet
  facet normal 0.000000e+00 0.000000e+00 -1.000000e+00
    outer loop
      vertex 0.000000e+00 0.000000e+00 0.000000e+00
      vertex -4.158234e-01 1.956295e+00 0.000000e+00
      vertex -2.090569e-01 1.989044e+00 0.000000e+00
    endloop
  endfacet
  facet normal 0.000000e+00 0.000000e+00 -1.000000e+00
    outer loop
      vertex 0.000000e+00 0.000000e+00 0.000000e+00
      vertex -6.180340e-01 1.902113e+00 0.000000e+00
      vertex -4.158234e-01 1.956295e+00 0.000000e+00
    endloop
  endfacet
  facet normal 0.000000e+00 0.000000e+00 -1.000000e+00
    outer loop
      vertex 0.000000e+00 0.000000e+00 0.000000e+00
      vertex -8.134733e-01 1.827091e+00 0.000000e+00
      vertex -6.180340e-01 1.902113e+00 0.000000e+00
    endloop
  endfacet
  facet normal 0.000000e+00 0.000000e+00 -1.000000e+00
    outer loop
      vertex 0.000000e+00 0.000000e+00 0.000000e+00
      vertex -1.000000e+00 1.732051e+00 0.000000e+00
      vertex -8.134733e-01 1.827091e+00 0.000000e+00
    endloop
  endfacet
  facet normal 0.000000e+00 0.000000e+00 -1.000000e+00
    outer loop
      vertex 0.000000e+00 0.000000e+00 0.000000e+00
      vertex -1.175571e+00 1.618034e+00 0.000000e+00
      vertex -1.000000e+00 1.732051e+00 0.000000e+00
    endloop
  endfacet
  facet normal 0.000000e+00 0.000000e+00 -1.000000e+00
    outer loop
      vertex 0.000000e+00 0.000000e+00 0.000000e+00
      vertex -1.338261e+00 1.486290e+00 0.000000e+00
      vertex -1.175571e+00 1.618034e+00 0.000000e+00
    endloop
  endfacet
  facet normal 0.000000e+00 0.000000e+00 -1.000000e+00
    outer loop
      vertex 0.000000e+00 0.000000e+00 0.000000e+00
      vertex -1.486290e+00 1.338261e+00 0.000000e+00
      vertex -1.338261e+00 1.486290e+00 0.000000e+00
    endloop
  endfacet
  facet normal 0.000000e+00 0.000000e+00 -1.000000e+00
    outer loop
      vertex 0.000000e+00 0.000000e+00 0.000000e+00
      vertex -1.618034e+00 1.175571e+00 0.000000e+00
      vertex -1.486290e+00 1.338261e+00 0.000000e+00
    endloop
  endfacet
  facet normal 0.000000e+00 0.000000e+00 -1.000000e+00
    outer loop
      vertex 0.000000e+00 0.000000e+00 0.000000e+00
      vertex -1.732051e+00 1.000000e+00 0.000000e+00
      vertex -1.618034e+00 1.175571e+00 0.000000e+00
    endloop
  endfacet
  facet normal 0.000000e+00 0.000000e+00 -1.000000e+00
    outer loop
      vertex 0.000000e+00 0.000000e+00 0.000000e+00
      vertex -1.827091e+00 8.134733e-01 0.000000e+00
      vertex -1.732051e+00 1.000000e+00 0.000000e+00
    endloop
  endfacet
  facet normal 0.000000e+00 0.000000e+00 -1.000000e+00
    outer loop
      vertex 0.000000e+00 0.000000e+00 0.000000e+00
      vertex -1.902113e+00 6.180340e-01 0.000000e+00
      vertex -1.827091e+00 8.134733e-01 0.000000e+00
    endloop
  endfacet
  facet normal 0.000000e+00 0.000000e+00 -1.000000e+00
    outer loop
      vertex 0.000000e+00 0.000000e+00 0.000000e+00
      vertex -1.956295e+00 4.158234e-01 0.000000e+00
      vertex -1.902113e+00 6.180340e-01 0.000000e+00
    endloop
  endfacet
  facet normal 0.000000e+00 0.000000e+00 -1.000000e+00
    outer loop
      vertex 0.000000e+00 0.000000e+00 0.000000e+00
      vertex -1.989044e+00 2.090569e-01 0.000000e+00
      vertex -1.956295e+00 4.158234e-01 0.000000e+00
    endloop
  endfacet
  facet normal 0.000000e+00 0.000000e+00 -1.000000e+00
    outer loop
      vertex 0.000000e+00 0.000000e+00 0.000000e+00
      vertex -2.000000e+00 2.449294e-16 0.000000e+00
      vertex -1.989044e+00 2.090569e-01 0.000000e+00
    endloop
  endfacet
  facet normal -0.000000e+00 0.000000e+00 -1.000000e+00
    outer loop
      vertex 0.000000e+00 0.000000e+00 0.000000e+00
      vertex -1.989044e+00 -2.090569e-01 0.000000e+00
      vertex -2.000000e+00 2.449294e-16 0.000000e+00
    endloop
  endfacet
  facet normal 0.000000e+00 0.000000e+00 -1.000000e+00
    outer loop
      vertex 0.000000e+00 0.000000e+00 0.000000e+00
      vertex -1.956295e+00 -4.158234e-01 0.000000e+00
      vertex -1.989044e+00 -2.090569e-01 0.000000e+00
    endloop
  endfacet
  facet normal 0.000000e+00 0.000000e+00 -1.000000e+00
    outer loop
      vertex 0.000000e+00 0.000000e+00 0.000000e+00
      vertex -1.902113e+00 -6.180340e-01 0.000000e+00
      vertex -1.956295e+00 -4.158234e-01 0.000000e+00
    endloop
  endfacet
  facet normal 0.000000e+00 0.000000e+00 -1.000000e+00
    outer loop
      vertex 0.000000e+00 0.000000e+00 0.000000e+00
      vertex -1.827091e+00 -8.134733e-01 0.000000e+00
      vertex -1.902113e+00 -6.180340e-01 0.000000e+00
    endloop
  endfacet
  facet normal 0.000000e+00 0.000000e+00 -1.000000e+00
    outer loop
      vertex 0.000000e+00 0.000000e+00 0.000000e+00
      vertex -1.732051e+00 -1.000000e+00 0.000000e+00
      vertex -1.827091e+00 -8.134733e-01 0.000000e+00
    endloop
  endfacet
  facet normal 0.000000e+00 0.000000e+00 -1.000000e+00
    outer loop
      vertex 0.000000e+00 0.000000e+00 0.000000e+00
      vertex -1.618034e+00 -1.175571e+00 0.000000e+00
      vertex -1.732051e+00 -1.000000e+00 0.000000e+00
    endloop
  endfacet
  facet normal 0.000000e+00 0.000000e+00 -1.000000e+00
    outer loop
      vertex 0.000000e+00 0.000000e+00 0.000000e+00
      vertex -1.486290e+00 -1.338261e+00 0.000000e+00
      vertex -1.618034e+00 -1.175571e+00 0.000000e+00
    endloop
  endfacet
  facet normal 0.000000e+00 0.000000e+00 -1.000000e+00
    outer loop
      vertex 0.000000e+00 0.000000e+00 0.000000e+00
      vertex -1.338261e+00 -1.486290e+00 0.000000e+00
      vertex -1.486290e+00 -1.338261e+00 0.000000e+00
    endloop
  endfacet
  facet normal 0.000000e+00 0.000000e+00 -1.000000e+00
    outer loop
      vertex 0.000000e+00 0.000000e+00 0.000000e+00
      vertex -1.175571e+00 -1.618034e+00 0.000000e+00
      vertex -1.338261e+00 -1.486290e+00 0.000000e+00
    endloop
  endfacet
  facet normal 0.000000e+00 0.000000e+00 -1.000000e+00
    outer loop
      vertex 0.000000e+00 0.000000e+00 0.000000e+00
      vertex -1.000000e+00 -1.732051e+00 0.000000e+00
      vertex -1.175571e+00 -1.618034e+00 0.000000e+00
    endloop
  endfacet
  facet normal 0.000000e+00 0.000000e+00 -1.000000e+00
    outer loop
      vertex 0.000000e+00 0.000000e+00 0.000000e+00
      vertex -8.134733e-01 -1.827091e+00 0.000000e+00
      vertex -1.000000e+00 -1.732051e+00 0.000000e+00
    endloop
  endfacet
  facet normal 0.000000e+00 0.000000e+00 -1.000000e+00
    outer loop
      vertex 0.000000e+00 0.000000e+00 0.000000e+00
      vertex -6.180340e-01 -1.902113e+00 0.000000e+00
      vertex -8.134733e-01 -1.827091e+00 0.000000e+00
    endloop
  endfacet
  facet normal 0.000000e+00 0.000000e+00 -1.000000e+00
    outer loop
      vertex 0.000000e+00 0.000000e+00 0.000000e+00
      vertex -4.158234e-01 -1.956295e+00 0.000000e+00
      vertex -6.180340e-01 -1.902113e+00 0.000000e+00
    endloop
  endfacet
  facet normal 0.000000e+00 0.000000e+00 -1.000000e+00
    outer loop
      vertex 0.000000e+00 0.000000e+00 0.000000e+00
      vertex -2.090569e-01 -1.989044e+00 0.000000e+00
      vertex -4.158234e-01 -1.956295e+00 0.000000e+00
    endloop
  endfacet
  facet normal 0.000000e+00 0.000000e+00 -1.000000e+00
    outer loop
      vertex 0.000000e+00 0.000000e+00 0.000000e+00
      vertex -3.673940e-16 -2.000000e+00 0.000000e+00
      vertex -2.090569e-01 -1.989044e+00 0.000000e+00
    endloop
  endfacet
  facet normal 0.000000e+00 -0.000000e+00 -1.000000e+00
    outer loop
      vertex 0.000000e+00 0.000000e+00 0.000000e+00
      vertex 2.090569e-01 -1.989044e+00 0.000000e+00
      vertex -3.673940e-16 -2.000000e+00 0.000000e+00
    endloop
  endfacet
  facet normal 0.000000e+00 0.000000e+00 -1.000000e+00
    outer loop
      vertex 0.000000e+00 0.000000e+00 0.000000e+00
      vertex 4.158234e-01 -1.956295e+00 0.000000e+00
      vertex 2.090569e-01 -1.989044e+00 0.000000e+00
    endloop
  endfacet
  facet normal 0.000000e+00 0.000000e+00 -1.000000e+00
    outer loop
      vertex 0.000000e+00 0.000000e+00 0.000000e+00
      vertex 6.180340e-01 -1.902113e+00 0.000000e+00
      vertex 4.158234e-01 -1.956295e+00 0.000000e+00
    endloop
  endfacet
  facet normal 0.000000e+00 0.000000e+00 -1.000000e+00
    outer loop
      vertex 0.000000e+00 0.000000e+00 0.000000e+00
      vertex 8.134733e-01 -1.827091e+00 0.000000e+00
      vertex 6.180340e-01 -1.902113e+00 0.000000e+00
    endloop
  endfacet
  facet normal 0.000000e+00 0.000000e+00 -1.000000e+00
    outer loop
      vertex 0.000000e+00 0.000000e+00 0.000000e+00
      vertex 1.000000e+00 -1.732051e+00 0.000000e+00
      vertex 8.134733e-01 -1.827091e+00 0.000000e+00
    endloop
  endfacet
  facet normal 0.000000e+00 0.000000e+00 -1.000000e+00
    outer loop
      vertex 0.000000e+00 0.000000e+00 0.000000e+00
      vertex 1.175571e+00 -1.618034e+00 0.000000e+00
      vertex 1.000000e+00 -1.732051e+00 0.000000e+00
    endloop
  endfacet
  facet normal 0.000000e+00 0.000000e+00 -1.000000e+00
    outer loop
      vertex 0.000000e+00 0.000000e+00 0.000000e+00
      vertex 1.338261e+00 -1.486290e+00 0.000000e+00
      vertex 1.175571e+00 -1.618034e+00 0.000000e+00
    endloop
  endfacet
  facet normal 0.000000e+00 0.000000e+00 -1.000000e+00
    outer loop
      vertex 0.000000e+00 0.000000e+00 0.000000e+00
      vertex 1.486290e+00 -1.338261e+00 0.000000e+00
      vertex 1.338261e+00 -1.486290e+00 0.000000e+00
    endloop
  endfacet
  facet normal 0.000000e+00 0.000000e+00 -1.000000e+00
    outer loop
      vertex 0.000000e+00 0.000000e+00 0.000000e+00
      vertex 1.618034e+00 -1.175571e+00 0.000000e+00
      vertex 1.486290e+00 -1.338261e+00 0.000000e+00
    endloop
  endfacet
  facet normal 0.000000e+00 0.000000e+00 -1.000000e+00
    outer loop
      vertex 0.000000e+00 0.000000e+00 0.000000e+00
      vertex 1.732051e+00 -1.000000e+00 0.000000e+00
      vertex 1.618034e+00 -1.175571e+00 0.000000e+00
    endloop
  endfacet
  facet normal 0.000000e+00 0.000000e+00 -1.000000e+00
    outer loop
      vertex 0.000000e+00 0.000000e+00 0.000000e+00
      vertex 1.827091e+00 -8.134733e-01 0.000000e+00
      vertex 1.732051e+00 -1.000000e+00 0.000000e+00
    endloop
  endfacet
  facet normal 0.000000e+00 0.000000e+00 -1.000000e+00
    outer loop
      vertex 0.000000e+00 0.000000e+00 0.000000e+00
      vertex 1.902113e+00 -6.180340e-01 0.000000e+00
      vertex 1.827091e+00 -8.134733e-01 0.000000e+00
    endloop
  endfacet
  facet normal 0.000000e+00 0.000000e+00 -1.000000e+00
    outer loop
      vertex 0.000000e+00 0.000000e+00 0.000000e+00
      vertex 1.956295e+00 -4.158234e-01 0.000000e+00
      vertex 1.902113e+00 -6.180340e-01 0.000000e+00
    endloop
  endfacet
  facet normal 0.000000e+00 0.000000e+00 -1.000000e+00
    outer loop
      vertex 0.000000e+00 0.000000e+00 0.000000e+00
      vertex 1.989044e+00 -2.090569e-01 0.000000e+00
      vertex 1.956295e+00 -4.158234e-01 0.000000e+00
    endloop
  endfacet
  facet normal 0.000000e+00 0.000000e+00 -1.000000e+00
    outer loop
      vertex 0.000000e+00 0.000000e+00 0.000000e+00
      vertex 2.000000e+00 0.000000e+00 0.000000e+00
      vertex 1.989044e+00 -2.090569e-01 0.000000e+00
    endloop
  endfacet
endsolid ground_inside
solid ground_outside
  facet normal 0.000000e+00 0.000000e+00 -1.000000e+00
    outer loop
      vertex 2.000000e+00 0.000000e+00 0.000000e+00
      vertex 1.989044e+00 2.090569e-01 0.000000e+00
      vertex 5.000000e+00 5.000000e+00 0.000000e+00
    endloop
  endfacet
  facet normal 0.000000e+00 0.000000e+00 -1.000000e+00
    outer loop
      vertex 1.989044e+00 2.090569e-01 0.000000e+00
      vertex 1.956295e+00 4.158234e-01 0.000000e+00
      vertex 5.000000e+00 5.000000e+00 0.000000e+00
    endloop
  endfacet
  facet normal 0.000000e+00 0.000000e+00 -1.000000e+00
    outer loop
      vertex 1.956295e+00 4.158234e-01 0.000000e+00
      vertex 1.902113e+00 6.180340e-01 0.000000e+00
      vertex 5.000000e+00 5.000000e+00 0.000000e+00
    endloop
  endfacet
  facet normal 0.000000e+00 0.000000e+00 -1.000000e+00
    outer loop
      vertex 1.902113e+00 6.180340e-01 0.000000e+00
      vertex 1.827091e+00 8.134733e-01 0.000000e+00
      vertex 5.000000e+00 5.000000e+00 0.000000e+00
    endloop
  endfacet
  facet normal 0.000000e+00 0.000000e+00 -1.000000e+00
    outer loop
      vertex 1.827091e+00 8.134733e-01 0.000000e+00
      vertex 1.732051e+00 1.000000e+00 0.000000e+00
      vertex 5.000000e+00 5.000000e+00 0.000000e+00
    endloop
  endfacet
  facet normal 0.000000e+00 0.000000e+00 -1.000000e+00
    outer loop
      vertex 1.732051e+00 1.000000e+00 0.000000e+00
      vertex 1.618034e+00 1.175571e+00 0.000000e+00
      vertex 5.000000e+00 5.000000e+00 0.000000e+00
    endloop
  endfacet
  facet normal 0.000000e+00 0.000000e+00 -1.000000e+00
    outer loop
      vertex 1.618034e+00 1.175571e+00 0.000000e+00
      vertex 1.486290e+00 1.338261e+00 0.000000e+00
      vertex 5.000000e+00 5.000000e+00 0.000000e+00
    endloop
  endfacet
  facet normal 0.000000e+00 0.000000e+00 -1.000000e+00
    outer loop
      vertex 1.486290e+00 1.338261e+00 0.000000e+00
      vertex 1.338261e+00 1.486290e+00 0.000000e+00
      vertex 5.000000e+00 5.000000e+00 0.000000e+00
    endloop
  endfacet
  facet normal 0.000000e+00 0.000000e+00 -1.000000e+00
    outer loop
      vertex 1.338261e+00 1.486290e+00 0.000000e+00
      vertex -5.000000e+00 5.000000e+00 0.000000e+00
      vertex 5.000000e+00 5.000000e+00 0.000000e+00
    endloop
  endfacet
  facet normal 0.000000e+00 0.000000e+00 1.000000e+00
    outer loop
      vertex 1.338261e+00 1.486290e+00 0.000000e+00
      vertex 1.175571e+00 1.618034e+00 0.000000e+00
      vertex -5.000000e+00 5.000000e+00 0.000000e+00
    endloop
  endfacet
  facet normal 0.000000e+00 0.000000e+00 1.000000e+00
    outer loop
      vertex 1.175571e+00 1.618034e+00 0.000000e+00
      vertex 1.000000e+00 1.732051e+00 0.000000e+00
      vertex -5.000000e+00 5.000000e+00 0.000000e+00
    endloop
  endfacet
  facet normal 0.000000e+00 0.000000e+00 -1.000000e+00
    outer loop
      vertex 1.000000e+00 1.732051e+00 0.000000e+00
      vertex 8.134733e-01 1.827091e+00 0.000000e+00
      vertex -5.000000e+00 5.000000e+00 0.000000e+00
    endloop
  endfacet
  facet normal 0.000000e+00 0.000000e+00 -1.000000e+00
    outer loop
      vertex 8.134733e-01 1.827091e+00 0.000000e+00
      vertex 6.180340e-01 1.902113e+00 0.000000e+00
      vertex -5.000000e+00 5.000000e+00 0.000000e+00
    endloop
  endfacet
  facet normal 0.000000e+00 0.000000e+00 -1.000000e+00
    outer loop
      vertex 6.180340e-01 1.902113e+00 0.000000e+00
      vertex 4.158234e-01 1.956295e+00 0.000000e+00
      vertex -5.000000e+00 5.000000e+00 0.000000e+00
    endloop
  endfacet
  facet normal 0.000000e+00 0.000000e+00 -1.000000e+00
    outer loop
      vertex 4.158234e-01 1.956295e+00 0.000000e+00
      vertex 2.090569e-01 1.989044e+00 0.000000e+00
      vertex -5.000000e+00 5.000000e+00 0.000000e+00
    endloop
  endfacet
  facet normal 0.000000e+00 0.000000e+00 -1.000000e+00
    outer loop
      vertex 2.090569e-01 1.989044e+00 0.000000e+00
      vertex 1.224647e-16 2.000000e+00 0.000000e+00
      vertex -5.000000e+00 5.000000e+00 0.000000e+00
    endloop
  endfacet
  facet normal -0.000000e+00 0.000000e+00 -1.000000e+00
    outer loop
      vertex 1.224647e-16 2.000000e+00 0.000000e+00
      vertex -2.090569e-01 1.989044e+00 0.000000e+00
      vertex -5.000000e+00 5.000000e+00 0.000000e+00
    endloop
  endfacet
  facet normal -0.000000e+00 0.000000e+00 -1.000000e+00
    outer loop
      vertex -2.090569e-01 1.989044e+00 0.000000e+00
      vertex -4.158234e-01 1.956295e+00 0.000000e+00
      vertex -5.000000e+00 5.000000e+00 0.000000e+00
    endloop
  endfacet
  facet normal -0.000000e+00 0.000000e+00 -1.000000e+00
    outer loop
      vertex -4.158234e-01 1.956295e+00 0.000000e+00
      vertex -6.180340e-01 1.902113e+00 0.000000e+00
      vertex -5.000000e+00 5.000000e+00 0.000000e+00
    endloop
  endfacet
  facet normal -0.000000e+00 0.000000e+00 -1.000000e+00
    outer loop
      vertex -6.180340e-01 1.902113e+00 0.000000e+00
      vertex -8.134733e-01 1.827091e+00 0.000000e+00
      vertex -5.000000e+00 5.000000e+00 0.000000e+00
    endloop
  endfacet
  facet normal -0.000000e+00 0.000000e+00 -1.000000e+00
    outer loop
      vertex -8.134733e-01 1.827091e+00 0.000000e+00
      vertex -1.000000e+00 1.732051e+00 0.000000e+00
      vertex -5.000000e+00 5.000000e+00 0.000000e+00
    endloop
  endfacet
  facet normal -0.000000e+00 0.000000e+00 -1.000000e+00
    outer loop
      vertex -1.000000e+00 1.732051e+00 0.000000e+00
      vertex -1.175571e+00 1.618034e+00 0.000000e+00
      vertex -5.000000e+00 5.000000e+00 0.000000e+00
    endloop
  endfacet
  facet normal -0.000000e+00 0.000000e+00 -1.000000e+00
    outer loop
      vertex -1.175571e+00 1.618034e+00 0.000000e+00
      vertex -1.338261e+00 1.486290e+00 0.000000e+00
      vertex -5.000000e+00 5.000000e+00 0.000000e+00
    endloop
  endfacet
  facet normal -0.000000e+00 0.000000e+00 -1.000000e+00
    outer loop
      vertex -1.338261e+00 1.486290e+00 0.000000e+00
      vertex -1.486290e+00 1.338261e+00 0.000000e+00
      vertex -5.000000e+00 5.000000e+00 0.000000e+00
    endloop
  endfacet
  facet normal -0.000000e+00 0.000000e+00 -1.000000e+00
    outer loop
      vertex -1.486290e+00 1.338261e+00 0.000000e+00
      vertex -5.000000e+00 -5.000000e+00 0.000000e+00
      vertex -5.000000e+00 5.000000e+00 0.000000e+00
    endloop
  endfacet
  facet normal 0.000000e+00 0.000000e+00 1.000000e+00
    outer loop
      vertex -1.486290e+00 1.338261e+00 0.000000e+00
      vertex -1.618034e+00 1.175571e+00 0.000000e+00
      vertex -5.000000e+00 -5.000000e+00 0.000000e+00
    endloop
  endfacet
  facet normal 0.000000e+00 0.000000e+00 1.000000e+00
    outer loop
      vertex -1.618034e+00 1.175571e+00 0.000000e+00
      vertex -1.732051e+00 1.000000e+00 0.000000e+00
      vertex -5.000000e+00 -5.000000e+00 0.000000e+00
    endloop
  endfacet
  facet normal 0.000000e+00 0.000000e+00 -1.000000e+00
    outer loop
      vertex -1.732051e+00 1.000000e+00 0.000000e+00
      vertex -1.827091e+00 8.134733e-01 0.000000e+00
      vertex -5.000000e+00 -5.000000e+00 0.000000e+00
    endloop
  endfacet
  facet normal 0.000000e+00 0.000000e+00 -1.000000e+00
    outer loop
      vertex -1.827091e+00 8.134733e-01 0.000000e+00
      vertex -1.902113e+00 6.180340e-01 0.000000e+00
      vertex -5.000000e+00 -5.000000e+00 0.000000e+00
    endloop
  endfacet
  facet normal 0.000000e+00 0.000000e+00 -1.000000e+00
    outer loop
      vertex -1.902113e+00 6.180340e-01 0.000000e+00
      vertex -1.956295e+00 4.158234e-01 0.000000e+00
      vertex -5.000000e+00 -5.000000e+00 0.000000e+00
    endloop
  endfacet
  facet normal 0.000000e+00 0.000000e+00 -1.000000e+00
    outer loop
      vertex -1.956295e+00 4.158234e-01 0.000000e+00
      vertex -1.989044e+00 2.090569e-01 0.000000e+00
      vertex -5.000000e+00 -5.000000e+00 0.000000e+00
    endloop
  endfacet
  facet normal 0.000000e+00 0.000000e+00 -1.000000e+00
    outer loop
      vertex -1.989044e+00 2.090569e-01 0.000000e+00
      vertex -2.000000e+00 2.449294e-16 0.000000e+00
      vertex -5.000000e+00 -5.000000e+00 0.000000e+00
    endloop
  endfacet
  facet normal 0.000000e+00 -0.000000e+00 -1.000000e+00
    outer loop
      vertex -2.000000e+00 2.449294e-16 0.000000e+00
      vertex -1.989044e+00 -2.090569e-01 0.000000e+00
      vertex -5.000000e+00 -5.000000e+00 0.000000e+00
    endloop
  endfacet
  facet normal 0.000000e+00 -0.000000e+00 -1.000000e+00
    outer loop
      vertex -1.989044e+00 -2.090569e-01 0.000000e+00
      vertex -1.956295e+00 -4.158234e-01 0.000000e+00
      vertex -5.000000e+00 -5.000000e+00 0.000000e+00
    endloop
  endfacet
  facet normal 0.000000e+00 -0.000000e+00 -1.000000e+00
    outer loop
      vertex -1.956295e+00 -4.158234e-01 0.000000e+00
      vertex -1.902113e+00 -6.180340e-01 0.000000e+00
      vertex -5.000000e+00 -5.000000e+00 0.000000e+00
    endloop
  endfacet
  facet normal 0.000000e+00 -0.000000e+00 -1.000000e+00
    outer loop
      vertex -1.902113e+00 -6.180340e-01 0.000000e+00
      vertex -1.827091e+00 -8.134733e-01 0.000000e+00
      vertex -5.000000e+00 -5.000000e+00 0.000000e+00
    endloop
  endfacet
  facet normal 0.000000e+00 -0.000000e+00 -1.000000e+00
    outer loop
      vertex -1.827091e+00 -8.134733e-01 0.000000e+00
      vertex -1.732051e+00 -1.000000e+00 0.000000e+00
      vertex -5.000000e+00 -5.000000e+00 0.000000e+00
    endloop
  endfacet
  facet normal 0.000000e+00 -0.000000e+00 -1.000000e+00
    outer loop
      vertex -1.732051e+00 -1.000000e+00 0.000000e+00
      vertex -1.618034e+00 -1.175571e+00 0.000000e+00
      vertex -5.000000e+00 -5.000000e+00 0.000000e+00
    endloop
  endfacet
  facet normal 0.000000e+00 -0.000000e+00 -1.000000e+00
    outer loop
      vertex -1.618034e+00 -1.175571e+00 0.000000e+00
      vertex -1.486290e+00 -1.338261e+00 0.000000e+00
      vertex -5.000000e+00 -5.000000e+00 0.000000e+00
    endloop
  endfacet
  facet normal 0.000000e+00 -0.000000e+00 -1.000000e+00
    outer loop
      vertex -1.486290e+00 -1.338261e+00 0.000000e+00
      vertex -1.338261e+00 -1.486290e+00 0.000000e+00
      vertex -5.000000e+00 -5.000000e+00 0.000000e+00
    endloop
  endfacet
  facet normal 0.000000e+00 -0.000000e+00 -1.000000e+00
    outer loop
      vertex -1.338261e+00 -1.486290e+00 0.000000e+00
      vertex 5.000000e+00 -5.000000e+00 0.000000e+00
      vertex -5.000000e+00 -5.000000e+00 0.000000e+00
    endloop
  endfacet
  facet normal 0.000000e+00 0.000000e+00 1.000000e+00
    outer loop
      vertex -1.338261e+00 -1.486290e+00 0.000000e+00
      vertex -1.175571e+00 -1.618034e+00 0.000000e+00
      vertex 5.000000e+00 -5.000000e+00 0.000000e+00
    endloop
  endfacet
  facet normal 0.000000e+00 0.000000e+00 1.000000e+00
    outer loop
      vertex -1.175571e+00 -1.618034e+00 0.000000e+00
      vertex -1.000000e+00 -1.732051e+00 0.000000e+00
      vertex 5.000000e+00 -5.000000e+00 0.000000e+00
    endloop
  endfacet
  facet normal 0.000000e+00 0.000000e+00 -1.000000e+00
    outer loop
      vertex -1.000000e+00 -1.732051e+00 0.000000e+00
      vertex -8.134733e-01 -1.827091e+00 0.000000e+00
      vertex 5.000000e+00 -5.000000e+00 0.000000e+00
    endloop
  endfacet
  facet normal 0.000000e+00 0.000000e+00 -1.000000e+00
    outer loop
      vertex -8.134733e-01 -1.827091e+00 0.000000e+00
      vertex -6.180340e-01 -1.902113e+00 0.000000e+00
      vertex 5.000000e+00 -5.000000e+00 0.000000e+00
    endloop
  endfacet
  facet normal 0.000000e+00 0.000000e+00 -1.000000e+00
    outer loop
      vertex -6.180340e-01 -1.902113e+00 0.000000e+00
      vertex -4.158234e-01 -1.956295e+00 0.000000e+00
      vertex 5.000000e+00 -5.000000e+00 0.000000e+00
    endloop
  endfacet
  facet normal 0.000000e+00 0.000000e+00 -1.000000e+00
    outer loop
      vertex -4.158234e-01 -1.956295e+00 0.000000e+00
      vertex -2.090569e-01 -1.989044e+00 0.000000e+00
      vertex 5.000000e+00 -5.000000e+00 0.000000e+00
    endloop
  endfacet
  facet normal 0.000000e+00 0.000000e+00 -1.000000e+00
    outer loop
      vertex -2.090569e-01 -1.989044e+00 0.000000e+00
      vertex -3.673940e-16 -2.000000e+00 0.000000e+00
      vertex 5.000000e+00 -5.000000e+00 0.000000e+00
    endloop
  endfacet
  facet normal 0.000000e+00 0.000000e+00 -1.000000e+00
    outer loop
      vertex -3.673940e-16 -2.000000e+00 0.000000e+00
      vertex 2.090569e-01 -1.989044e+00 0.000000e+00
      vertex 5.000000e+00 -5.000000e+00 0.000000e+00
    endloop
  endfacet
  facet normal 0.000000e+00 0.000000e+00 -1.000000e+00
    outer loop
      vertex 2.090569e-01 -1.989044e+00 0.000000e+00
      vertex 4.158234e-01 -1.956295e+00 0.000000e+00
      vertex 5.000000e+00 -5.000000e+00 0.000000e+00
    endloop
  endfacet
  facet normal 0.000000e+00 0.000000e+00 -1.000000e+00
    outer loop
      vertex 4.158234e-01 -1.956295e+00 0.000000e+00
      vertex 6.180340e-01 -1.902113e+00 0.000000e+00
      vertex 5.000000e+00 -5.000000e+00 0.000000e+00
    endloop
  endfacet
  facet normal 0.000000e+00 0.000000e+00 -1.000000e+00
    outer loop
      vertex 6.180340e-01 -1.902113e+00 0.000000e+00
      vertex 8.134733e-01 -1.827091e+00 0.000000e+00
      vertex 5.000000e+00 -5.000000e+00 0.000000e+00
    endloop
  endfacet
  facet normal 0.000000e+00 0.000000e+00 -1.000000e+00
    outer loop
      vertex 8.134733e-01 -1.827091e+00 0.000000e+00
      vertex 1.000000e+00 -1.732051e+00 0.000000e+00
      vertex 5.000000e+00 -5.000000e+00 0.000000e+00
    endloop
  endfacet
  facet normal 0.000000e+00 0.000000e+00 -1.000000e+00
    outer loop
      vertex 1.000000e+00 -1.732051e+00 0.000000e+00
      vertex 1.175571e+00 -1.618034e+00 0.000000e+00
      vertex 5.000000e+00 -5.000000e+00 0.000000e+00
    endloop
  endfacet
  facet normal 0.000000e+00 0.000000e+00 -1.000000e+00
    outer loop
      vertex 1.175571e+00 -1.618034e+00 0.000000e+00
      vertex 1.338261e+00 -1.486290e+00 0.000000e+00
      vertex 5.000000e+00 -5.000000e+00 0.000000e+00
    endloop
  endfacet
  facet normal 0.000000e+00 0.000000e+00 -1.000000e+00
    outer loop
      vertex 1.338261e+00 -1.486290e+00 0.000000e+00
      vertex 1.486290e+00 -1.338261e+00 0.000000e+00
      vertex 5.000000e+00 -5.000000e+00 0.000000e+00
    endloop
  endfacet
  facet normal 0.000000e+00 0.000000e+00 -1.000000e+00
    outer loop
      vertex 1.486290e+00 -1.338261e+00 0.000000e+00
      vertex 5.000000e+00 5.000000e+00 0.000000e+00
      vertex 5.000000e+00 -5.000000e+00 0.000000e+00
    endloop
  endfacet
  facet normal 0.000000e+00 0.000000e+00 1.000000e+00
    outer loop
      vertex 1.486290e+00 -1.338261e+00 0.000000e+00
      vertex 1.618034e+00 -1.175571e+00 0.000000e+00
      vertex 5.000000e+00 5.000000e+00 0.000000e+00
    endloop
  endfacet
  facet normal 0.000000e+00 0.000000e+00 1.000000e+00
    outer loop
      vertex 1.618034e+00 -1.175571e+00 0.000000e+00
      vertex 1.732051e+00 -1.000000e+00 0.000000e+00
      vertex 5.000000e+00 5.000000e+00 0.000000e+00
    endloop
  endfacet
  facet normal 0.000000e+00 0.000000e+00 -1.000000e+00
    outer loop
      vertex 1.732051e+00 -1.000000e+00 0.000000e+00
      vertex 1.827091e+00 -8.134733e-01 0.000000e+00
      vertex 5.000000e+00 5.000000e+00 0.000000e+00
    endloop
  endfacet
  facet normal 0.000000e+00 0.000000e+00 -1.000000e+00
    outer loop
      vertex 1.827091e+00 -8.134733e-01 0.000000e+00
      vertex 1.902113e+00 -6.180340e-01 0.000000e+00
      vertex 5.000000e+00 5.000000e+00 0.000000e+00
    endloop
  endfacet
  facet normal 0.000000e+00 0.000000e+00 -1.000000e+00
    outer loop
      vertex 1.902113e+00 -6.180340e-01 0.000000e+00
      vertex 1.956295e+00 -4.158234e-01 0.000000e+00
      vertex 5.000000e+00 5.000000e+00 0.000000e+00
    endloop
  endfacet
  facet normal 0.000000e+00 0.000000e+00 -1.000000e+00
    outer loop
      vertex 1.956295e+00 -4.158234e-01 0.000000e+00
      vertex 1.989044e+00 -2.090569e-01 0.000000e+00
      vertex 5.000000e+00 5.000000e+00 0.000000e+00
    endloop
  endfacet
  facet normal 0.000000e+00 0.000000e+00 -1.000000e+00
    outer loop
      vertex 1.989044e+00 -2.090569e-01 0.000000e+00
      vertex 2.000000e+00 0.000000e+00 0.000000e+00
      vertex 5.000000e+00 5.000000e+00 0.000000e+00
    endloop
  endfacet
endsolid ground_outside
solid west
  facet normal 1.000000e+00 0.000000e+00 0.000000e+00
    outer loop
      vertex -5.000000e+00 -5.000000e+00 0.000000e+00
      vertex -5.000000e+00 5.000000e+00 0.000000e+00
      vertex -5.000000e+00 5.000000e+00 5.000000e+00
    endloop
  endfacet
  facet normal 1.000000e+00 0.000000e+00 0.000000e+00
    outer loop
      vertex -5.000000e+00 -5.000000e+00 0.000000e+00
      vertex -5.000000e+00 5.000000e+00 5.000000e+00
      vertex -5.000000e+00 -5.000000e+00 5.000000e+00
    endloop
  endfacet
endsolid west
solid east
  facet normal -1.000000e+00 0.000000e+00 0.000000e+00
    outer loop
      vertex 5.000000e+00 5.000000e+00 0.000000e+00
      vertex 5.000000e+00 -5.000000e+00 0.000000e+00
      vertex 5.000000e+00 -5.000000e+00 5.000000e+00
    endloop
  endfacet
  facet normal -1.000000e+00 0.000000e+00 0.000000e+00
    outer loop
      vertex 5.000000e+00 5.000000e+00 0.000000e+00
      vertex 5.000000e+00 -5.000000e+00 5.000000e+00
      vertex 5.000000e+00 5.000000e+00 5.000000e+00
    endloop
  endfacet
endsolid east
solid south
  facet normal 0.000000e+00 1.000000e+00 0.000000e+00
    outer loop
      vertex 5.000000e+00 -5.000000e+00 0.000000e+00
      vertex -5.000000e+00 -5.000000e+00 0.000000e+00
      vertex -5.000000e+00 -5.000000e+00 5.000000e+00
    endloop
  endfacet
  facet normal 0.000000e+00 1.000000e+00 -0.000000e+00
    outer loop
      vertex 5.000000e+00 -5.000000e+00 0.000000e+00
      vertex -5.000000e+00 -5.000000e+00 5.000000e+00
      vertex 5.000000e+00 -5.000000e+00 5.000000e+00
    endloop
  endfacet
endsolid south
solid north
  facet normal 0.000000e+00 -1.000000e+00 0.000000e+00
    outer loop
      vertex -5.000000e+00 5.000000e+00 0.000000e+00
      vertex 5.000000e+00 5.000000e+00 0.000000e+00
      vertex 5.000000e+00 5.000000e+00 5.000000e+00
    endloop
  endfacet
  facet normal 0.000000e+00 -1.000000e+00 0.000000e+00
    outer loop
      vertex -5.000000e+00 5.000000e+00 0.000000e+00
      vertex 5.000000e+00 5.000000e+00 5.000000e+00
      vertex -5.000000e+00 5.000000e+00 5.000000e+00
    endloop
  endfacet
endsolid north
solid sky
  facet normal 0.000000e+00 0.000000e+00 1.000000e+00
    outer loop
      vertex -5.000000e+00 -5.000000e+00 5.000000e+00
      vertex 5.000000e+00 -5.000000e+00 5.000000e+00
      vertex 5.000000e+00 5.000000e+00 5.000000e+00
    endloop
  endfacet
  facet normal 0.000000e+00 0.000000e+00 1.000000e+00
    outer loop
      vertex -5.000000e+00 -5.000000e+00 5.000000e+00
      vertex 5.000000e+00 5.000000e+00 5.000000e+00
      vertex -5.000000e+00 5.000000e+00 5.000000e+00
    endloop
  endfacet
endsolid sky
